"Species","Pvalue","Ctlmean","Ctlmedian","CRCmean","CRCmedian","Study","pvalue","adj.fdr.p","Enrichment"
"Parvimonas_unclassified",9.49564907814904e-06,7.32142857142857e-05,"0",0.0529975,"0.00934","ThomasAM_2018b",9.49564907814904e-06,0.00284153072911836,"CRC"
"Gemella_morbillorum",2.08936083023409e-05,0,"0",0.050013125,"0.00054","ThomasAM_2018b",2.08936083023409e-05,0.00284153072911836,"CRC"
"Parvimonas_micra",2.08936083023409e-05,0,"0",0.01744,"0.00023","ThomasAM_2018b",2.08936083023409e-05,0.00284153072911836,"CRC"
"Peptostreptococcus_stomatis",0.000399875737742612,0.000233214285714286,"0",0.523570625,"0.00203","ThomasAM_2018b",0.000399875737742612,0.0407873252497464,"Nodiff"
"Solobacterium_moorei",0.00458538620139082,0.00332214285714286,"0.001025",0.074150625,"0.008625","ThomasAM_2018b",0.00458538620139082,0.322755673993152,"Nodiff"
"Anaerotruncus_unclassified",0.00474640697048753,0.00661142857142857,"0",0.0100675,"0.009705","ThomasAM_2018b",0.00474640697048753,0.322755673993152,"Nodiff"
"Peptostreptococcaceae_noname_unclassified",0.00981684157437585,0.0346742857142857,"0.005705",0.0687071875,"0.05303","ThomasAM_2018b",0.00981684157437585,0.572181623192192,"Nodiff"
"Streptococcus_constellatus",0.0120414564989214,0.000172142857142857,"0",0.0065534375,"0","ThomasAM_2018b",0.0120414564989214,0.614114281444991,"Nodiff"
"Odoribacter_splanchnicus",0.0139744786231671,0.262341785714286,"0.19374",0.4389815625,"0.391325","ThomasAM_2018b",0.0139744786231671,0.633509697583575,"Nodiff"
"Lactobacillus_crispatus",0.0174783721696394,0,"0",0.053254375,"0","ThomasAM_2018b",0.0174783721696394,0.68071705350072,"Nodiff"
"Fusobacterium_nucleatum",0.024411311133121,0.000126428571428571,"0",0.0126471875,"0","ThomasAM_2018b",0.024411311133121,0.68071705350072,"Nodiff"
"Actinomyces_viscosus",0.031541123626792,0.00178071428571429,"0",0.004599375,"0.000855","ThomasAM_2018b",0.031541123626792,0.68071705350072,"Nodiff"
"Alistipes_senegalensis",0.0326933024181465,0.00929428571428571,"0.00277",0.0311890625,"0.01377","ThomasAM_2018b",0.0326933024181465,0.68071705350072,"Nodiff"
"Escherichia_coli",0.0330737932318577,1.39605071428571,"0.082075",1.42676625,"0.238595","ThomasAM_2018b",0.0330737932318577,0.68071705350072,"Nodiff"
"Eubacterium_ventriosum",0.0407647094395295,0.207117142857143,"0.00041",0.303614375,"0.16212","ThomasAM_2018b",0.0407647094395295,0.68071705350072,"Nodiff"
"Escherichia_unclassified",0.0465166791240407,0.0343392857142857,"0.00235",0.0870246875,"0.0178","ThomasAM_2018b",0.0465166791240407,0.68071705350072,"Nodiff"
"Bifidobacterium_pseudocatenulatum",0.048383426152962,0.230022857142857,"0.00544",0.107535,"0","ThomasAM_2018b",0.048383426152962,0.68071705350072,"Nodiff"
"Olsenella_uli",0.0537496684032322,2.39285714285714e-05,"0",0.0010790625,"0","ThomasAM_2018b",0.0537496684032322,0.68071705350072,"Nodiff"
"Atopobium_parvulum",0.0559600574256923,0.00159285714285714,"0",0.0053440625,"0.001635","ThomasAM_2018b",0.0559600574256923,0.68071705350072,"Nodiff"
"Anaerococcus_vaginalis",0.057206909967281,0,"0",0.0006528125,"0","ThomasAM_2018b",0.057206909967281,0.68071705350072,"Nodiff"
"Atopobium_minutum",0.057206909967281,0,"0",0.0190646875,"0","ThomasAM_2018b",0.057206909967281,0.68071705350072,"Nodiff"
"Peptostreptococcus_anaerobius",0.057206909967281,0,"0",0.020615625,"0","ThomasAM_2018b",0.057206909967281,0.68071705350072,"Nodiff"
"Prevotella_bivia",0.057206909967281,0,"0",0.007381875,"0","ThomasAM_2018b",0.057206909967281,0.68071705350072,"Nodiff"
"Prevotella_intermedia",0.057206909967281,0,"0",0.192256875,"0","ThomasAM_2018b",0.057206909967281,0.68071705350072,"Nodiff"
"Bacteroides_dorei",0.0592764891446897,1.82256285714286,"0.197605",0.2004121875,"0.036035","ThomasAM_2018b",0.0592764891446897,0.68071705350072,"Nodiff"
"Bacteroides_fragilis",0.0601238780464767,0.174943571428571,"0",0.3224828125,"0.02426","ThomasAM_2018b",0.0601238780464767,0.68071705350072,"Nodiff"
"Actinobacillus_unclassified",0.0623926133465509,0.000549285714285714,"0",0,"0","ThomasAM_2018b",0.0623926133465509,0.68071705350072,"Nodiff"
"Butyricicoccus_pullicaecorum",0.0623926133465509,0.000758928571428571,"0",0,"0","ThomasAM_2018b",0.0623926133465509,0.68071705350072,"Nodiff"
"Citrobacter_freundii",0.0647205619140277,1.92857142857143e-05,"0",0.03721875,"0","ThomasAM_2018b",0.0647205619140277,0.68071705350072,"Nodiff"
"Citrobacter_unclassified",0.0647205619140277,0.000137142857142857,"0",0.0131728125,"0","ThomasAM_2018b",0.0647205619140277,0.68071705350072,"Nodiff"
"Prevotella_stercorea",0.0647205619140277,0.000383928571428571,"0",0.1089665625,"0","ThomasAM_2018b",0.0647205619140277,0.68071705350072,"Nodiff"
"Actinomyces_oris",0.0686905001668179,0.0007625,"0",0.00472625,"0","ThomasAM_2018b",0.0686905001668179,0.68071705350072,"Nodiff"
"Lachnospiraceae_bacterium_1_1_57FAA",0.0729461512873197,0.434147857142857,"0.028765",0.1127709375,"0","ThomasAM_2018b",0.0729461512873197,0.68071705350072,"Nodiff"
"Coprobacter_fastidiosus",0.0832901921310859,0.0276442857142857,"0.000125",0.0071640625,"0","ThomasAM_2018b",0.0832901921310859,0.68071705350072,"Nodiff"
"Bacteroides_ovatus",0.0882263259856308,0.594238214285714,"0.200805",0.2479675,"0.0853","ThomasAM_2018b",0.0882263259856308,0.68071705350072,"Nodiff"
"Streptococcus_cristatus",0.0938294824088717,0.000922857142857143,"0",0.003923125,"0","ThomasAM_2018b",0.0938294824088717,0.68071705350072,"Nodiff"
"Streptococcus_anginosus",0.0969803335800139,0.0620632142857143,"0",0.0869025,"0.00244","ThomasAM_2018b",0.0969803335800139,0.68071705350072,"Nodiff"
"Clostridium_ramosum",0.0970880183079952,0.00890285714285714,"0",0.0018575,"0","ThomasAM_2018b",0.0970880183079952,0.68071705350072,"Nodiff"
"Eubacterium_siraeum",0.102884166147324,0.8710375,"0.00064",1.39017125,"0.186585","ThomasAM_2018b",0.102884166147324,0.68071705350072,"Nodiff"
"Actinomyces_cardiffensis",0.103502322708967,0,"0",0.003824375,"0","ThomasAM_2018b",0.103502322708967,0.68071705350072,"Nodiff"
"Anaerococcus_obesiensis",0.103502322708967,0,"0",0.002751875,"0","ThomasAM_2018b",0.103502322708967,0.68071705350072,"Nodiff"
"Bacteroides_pectinophilus",0.103502322708967,0,"0",0.297704375,"0","ThomasAM_2018b",0.103502322708967,0.68071705350072,"Nodiff"
"candidate_division_TM7_single_cell_isolate_TM7c",0.103502322708967,0,"0",0.0007425,"0","ThomasAM_2018b",0.103502322708967,0.68071705350072,"Nodiff"
"Coprobacillus_sp_29_1",0.103502322708967,0,"0",0.0225178125,"0","ThomasAM_2018b",0.103502322708967,0.68071705350072,"Nodiff"
"Klebsiella_unclassified",0.103502322708967,0,"0",0.0113240625,"0","ThomasAM_2018b",0.103502322708967,0.68071705350072,"Nodiff"
"Lactobacillus_reuteri",0.103502322708967,0,"0",0.0098309375,"0","ThomasAM_2018b",0.103502322708967,0.68071705350072,"Nodiff"
"Morganella_morganii",0.103502322708967,0,"0",0.0252171875,"0","ThomasAM_2018b",0.103502322708967,0.68071705350072,"Nodiff"
"Propionibacterium_propionicum",0.103502322708967,0,"0",0.00016625,"0","ThomasAM_2018b",0.103502322708967,0.68071705350072,"Nodiff"
"Mitsuokella_multacida",0.107580526205091,0.0341296428571429,"0",0.3515384375,"0","ThomasAM_2018b",0.107580526205091,0.68071705350072,"Nodiff"
"Bacteroides_vulgatus",0.107732483718127,1.95692464285714,"1.05861",1.252568125,"0.608305","ThomasAM_2018b",0.107732483718127,0.68071705350072,"Nodiff"
"Olsenella_unclassified",0.10789858831771,0.002585,"0",0.0068528125,"8e-04","ThomasAM_2018b",0.10789858831771,0.68071705350072,"Nodiff"
"Porphyromonas_somerae",0.110978213297642,0.000146785714285714,"0",0.030088125,"0","ThomasAM_2018b",0.110978213297642,0.68071705350072,"Nodiff"
"Veillonella_parvula",0.115012773837101,0.0521210714285714,"0.006075",0.0231234375,"0","ThomasAM_2018b",0.115012773837101,0.68071705350072,"Nodiff"
"Atopobium_rimae",0.117500680300692,3.75e-05,"0",0.0004596875,"0","ThomasAM_2018b",0.117500680300692,0.68071705350072,"Nodiff"
"Gemella_haemolysans",0.117500680300692,4.67857142857143e-05,"0",0.0006403125,"0","ThomasAM_2018b",0.117500680300692,0.68071705350072,"Nodiff"
"Coprobacillus_unclassified",0.12126173394552,0.0467517857142857,"0",0.0242265625,"0","ThomasAM_2018b",0.12126173394552,0.68071705350072,"Nodiff"
"Bacteroides_massiliensis",0.122095122510983,0.575369642857143,"7.5e-05",0.7805771875,"0.20912","ThomasAM_2018b",0.122095122510983,0.68071705350072,"Nodiff"
"Bacteroides_nordii",0.124128530916661,0.0152282142857143,"0",0.017810625,"0","ThomasAM_2018b",0.124128530916661,0.68071705350072,"Nodiff"
"Lactobacillus_plantarum",0.1243202815407,5.78571428571429e-05,"0",0.0087165625,"0","ThomasAM_2018b",0.1243202815407,0.68071705350072,"Nodiff"
"Alloscardovia_omnicolens",0.132567204856554,0.00316607142857143,"0",0.0133046875,"0","ThomasAM_2018b",0.132567204856554,0.68071705350072,"Nodiff"
"Enterobacteriaceae_bacterium_9_2_54FAA",0.133408778285585,0.00299964285714286,"0",0,"0","ThomasAM_2018b",0.133408778285585,0.68071705350072,"Nodiff"
"Lachnospiraceae_bacterium_4_1_37FAA",0.133408778285585,0.000316428571428571,"0",0,"0","ThomasAM_2018b",0.133408778285585,0.68071705350072,"Nodiff"
"Lactococcus_raffinolactis",0.133408778285585,0.0017025,"0",0,"0","ThomasAM_2018b",0.133408778285585,0.68071705350072,"Nodiff"
"Leuconostoc_citreum",0.133408778285585,0.000421071428571429,"0",0,"0","ThomasAM_2018b",0.133408778285585,0.68071705350072,"Nodiff"
"Streptococcus_sobrinus",0.133408778285585,0.00705785714285714,"0",0,"0","ThomasAM_2018b",0.133408778285585,0.68071705350072,"Nodiff"
"Bifidobacterium_animalis",0.138881781598127,0.0345703571428571,"0",0.0621296875,"0","ThomasAM_2018b",0.138881781598127,0.68071705350072,"Nodiff"
"Clostridium_bartlettii",0.140999992672285,0.141868214285714,"0.034115",0.116050625,"0.01123","ThomasAM_2018b",0.140999992672285,0.68071705350072,"Nodiff"
"Oxalobacter_formigenes",0.144488437822749,0.00108035714285714,"0",0.002769375,"0","ThomasAM_2018b",0.144488437822749,0.68071705350072,"Nodiff"
"Actinomyces_graevenitzii",0.159253148108955,0.00955035714285714,"0.004195",0.039335,"0.015085","ThomasAM_2018b",0.159253148108955,0.68071705350072,"Nodiff"
"Bifidobacterium_adolescentis",0.159771545524683,4.7234825,"1.814205",3.0504875,"0.331315","ThomasAM_2018b",0.159771545524683,0.68071705350072,"Nodiff"
"Porphyromonas_asaccharolytica",0.163968592731753,0.000122857142857143,"0",0.3107559375,"0","ThomasAM_2018b",0.163968592731753,0.68071705350072,"Nodiff"
"Odoribacter_unclassified",0.171069242261361,0.00498607142857143,"0",0.0015546875,"0","ThomasAM_2018b",0.171069242261361,0.68071705350072,"Nodiff"
"Bifidobacterium_bifidum",0.181808339638616,2.21753785714286,"0.30123",1.087295625,"0","ThomasAM_2018b",0.181808339638616,0.68071705350072,"Nodiff"
"Coriobacteriaceae_bacterium_phI",0.185521851827099,0.00315571428571429,"0",0.0738190625,"0","ThomasAM_2018b",0.185521851827099,0.68071705350072,"Nodiff"
"Enterococcus_durans",0.187968557289332,0.005455,"0",0.1327075,"0","ThomasAM_2018b",0.187968557289332,0.68071705350072,"Nodiff"
"Actinomyces_sp_ICM47",0.190122358664165,0,"0",0.0184803125,"0","ThomasAM_2018b",0.190122358664165,0.68071705350072,"Nodiff"
"Actinomyces_timonensis",0.190122358664165,0,"0",0.0003890625,"0","ThomasAM_2018b",0.190122358664165,0.68071705350072,"Nodiff"
"Aeromonas_unclassified",0.190122358664165,0,"0",0.000308125,"0","ThomasAM_2018b",0.190122358664165,0.68071705350072,"Nodiff"
"Aeromonas_veronii",0.190122358664165,0,"0",0.0433265625,"0","ThomasAM_2018b",0.190122358664165,0.68071705350072,"Nodiff"
"Bacteroides_sp_4_3_47FAA",0.190122358664165,0,"0",0.12072375,"0","ThomasAM_2018b",0.190122358664165,0.68071705350072,"Nodiff"
"Campylobacter_showae",0.190122358664165,0,"0",0.000151875,"0","ThomasAM_2018b",0.190122358664165,0.68071705350072,"Nodiff"
"Eikenella_corrodens",0.190122358664165,0,"0",0.000904375,"0","ThomasAM_2018b",0.190122358664165,0.68071705350072,"Nodiff"
"Fretibacterium_fastidiosum",0.190122358664165,0,"0",0.0017728125,"0","ThomasAM_2018b",0.190122358664165,0.68071705350072,"Nodiff"
"Lactobacillus_acidophilus",0.190122358664165,0,"0",0.004390625,"0","ThomasAM_2018b",0.190122358664165,0.68071705350072,"Nodiff"
"Lactobacillus_mucosae",0.190122358664165,0,"0",0.009454375,"0","ThomasAM_2018b",0.190122358664165,0.68071705350072,"Nodiff"
"Megasphaera_elsdenii",0.190122358664165,0,"0",0.0299140625,"0","ThomasAM_2018b",0.190122358664165,0.68071705350072,"Nodiff"
"Porphyromonas_uenonis",0.190122358664165,0,"0",0.0046334375,"0","ThomasAM_2018b",0.190122358664165,0.68071705350072,"Nodiff"
"Streptococcus_pasteurianus",0.190122358664165,0,"0",0.0061153125,"0","ThomasAM_2018b",0.190122358664165,0.68071705350072,"Nodiff"
"Corynebacterium_durum",0.191226318130178,0.0010275,"0",0.0021759375,"0","ThomasAM_2018b",0.191226318130178,0.68071705350072,"Nodiff"
"Coprococcus_catus",0.192530995356375,0.4173025,"0.349055",0.567490625,"0.452575","ThomasAM_2018b",0.192530995356375,0.68071705350072,"Nodiff"
"Clostridium_symbiosum",0.192800599841361,0.00867071428571429,"0",0.046565,"0.000135","ThomasAM_2018b",0.192800599841361,0.68071705350072,"Nodiff"
"Enterobacter_cloacae",0.196518526251752,0.00323714285714286,"0",0.052811875,"0","ThomasAM_2018b",0.196518526251752,0.68071705350072,"Nodiff"
"Paraprevotella_xylaniphila",0.198112660092596,0.0103346428571429,"0",0.01206,"0.0025","ThomasAM_2018b",0.198112660092596,0.68071705350072,"Nodiff"
"Acidaminococcus_fermentans",0.199563174032434,0.000173214285714286,"0",0.0969153125,"0","ThomasAM_2018b",0.199563174032434,0.68071705350072,"Nodiff"
"Bulleidia_extructa",0.199563174032434,1.75e-05,"0",0.0009928125,"0","ThomasAM_2018b",0.199563174032434,0.68071705350072,"Nodiff"
"Slackia_unclassified",0.199563174032434,2.03571428571429e-05,"0",0.0018684375,"0","ThomasAM_2018b",0.199563174032434,0.68071705350072,"Nodiff"
"Ruminococcus_flavefaciens",0.201147138294718,0.000113214285714286,"0",0.00397875,"0","ThomasAM_2018b",0.201147138294718,0.68071705350072,"Nodiff"
"Veillonella_unclassified",0.204343692181282,0.0839482142857143,"0.005915",0.0153940625,"0.001585","ThomasAM_2018b",0.204343692181282,0.68071705350072,"Nodiff"
"Paraprevotella_unclassified",0.204930421869918,0.243628571428571,"0",0.3445378125,"0.15106","ThomasAM_2018b",0.204930421869918,0.68071705350072,"Nodiff"
"Streptococcus_salivarius",0.20518947047797,1.26723785714286,"0.29992",1.0493825,"0.249445","ThomasAM_2018b",0.20518947047797,0.68071705350072,"Nodiff"
"Bilophila_wadsworthia",0.206975552925001,0.0247289285714286,"0.005645",0.0196565625,"0.011855","ThomasAM_2018b",0.206975552925001,0.68071705350072,"Nodiff"
"Pseudoflavonifractor_capillosus",0.207212638674431,0.0114075,"0.00064",0.0111740625,"0.00405","ThomasAM_2018b",0.207212638674431,0.68071705350072,"Nodiff"
"Streptococcus_gallolyticus",0.210611291547116,7.64285714285714e-05,"0",0.0097321875,"0","ThomasAM_2018b",0.210611291547116,0.68071705350072,"Nodiff"
"Bacteroidales_bacterium_ph8",0.215457201320547,0.194939285714286,"0.110115",0.1941721875,"0.17482","ThomasAM_2018b",0.215457201320547,0.68071705350072,"Nodiff"
"Bifidobacterium_breve",0.219319217261925,0.00835357142857143,"0",0.019604375,"0","ThomasAM_2018b",0.219319217261925,0.68071705350072,"Nodiff"
"Butyricimonas_synergistica",0.222095279874853,9.25e-05,"0",0.0004609375,"0","ThomasAM_2018b",0.222095279874853,0.68071705350072,"Nodiff"
"Coprococcus_comes",0.226968464434735,1.00554821428571,"0.96913",1.407411875,"1.14245","ThomasAM_2018b",0.226968464434735,0.68071705350072,"Nodiff"
"Holdemania_filiformis",0.230196779460139,0.00617714285714286,"0",0.00895,"0.00036","ThomasAM_2018b",0.230196779460139,0.68071705350072,"Nodiff"
"Clostridium_perfringens",0.234020935795725,0.00279107142857143,"0",0.0118896875,"0","ThomasAM_2018b",0.234020935795725,0.68071705350072,"Nodiff"
"Leuconostoc_lactis",0.234020935795725,0.0008725,"0",0.0038471875,"0","ThomasAM_2018b",0.234020935795725,0.68071705350072,"Nodiff"
"Adlercreutzia_equolifaciens",0.237191215982803,0.104468928571429,"0.052745",0.067756875,"0.00974","ThomasAM_2018b",0.237191215982803,0.68071705350072,"Nodiff"
"Veillonella_dispar",0.240114802142792,0.0100732142857143,"0",0.000829375,"0","ThomasAM_2018b",0.240114802142792,0.68071705350072,"Nodiff"
"Haemophilus_pittmaniae",0.244010215427624,0.0051125,"0",0.00018,"0","ThomasAM_2018b",0.244010215427624,0.68071705350072,"Nodiff"
"Bifidobacterium_longum",0.250594544213221,4.262575,"2.428655",3.236279375,"1.505165","ThomasAM_2018b",0.250594544213221,0.68071705350072,"Nodiff"
"Alistipes_indistinctus",0.255595504680328,0.0518067857142857,"0.027315",0.1475484375,"0.04181","ThomasAM_2018b",0.255595504680328,0.68071705350072,"Nodiff"
"Eggerthella_unclassified",0.258714950916011,0.101265,"0.021835",0.0738215625,"0.013885","ThomasAM_2018b",0.258714950916011,0.68071705350072,"Nodiff"
"Granulicatella_unclassified",0.268811064176866,0.00532071428571429,"0.00068",0.0072984375,"0.00268","ThomasAM_2018b",0.268811064176866,0.68071705350072,"Nodiff"
"Clostridium_leptum",0.269072325032846,0.0343314285714286,"0.013645",0.2379815625,"0.02341","ThomasAM_2018b",0.269072325032846,0.68071705350072,"Nodiff"
"Phascolarctobacterium_succinatutens",0.270910214446982,0.402433928571429,"0",0.6272071875,"0","ThomasAM_2018b",0.270910214446982,0.68071705350072,"Nodiff"
"Eubacterium_ramulus",0.272356792951782,0.237,"0.113985",0.381464375,"0.209085","ThomasAM_2018b",0.272356792951782,0.68071705350072,"Nodiff"
"Lachnospiraceae_bacterium_9_1_43BFAA",0.285843326839299,0.00164607142857143,"0",0.0001534375,"0","ThomasAM_2018b",0.285843326839299,0.68071705350072,"Nodiff"
"Clostridium_innocuum",0.286351298928497,0.0396764285714286,"0",0.00117,"0","ThomasAM_2018b",0.286351298928497,0.68071705350072,"Nodiff"
"Parascardovia_denticolens",0.298886734189453,0.000738214285714286,"0",0.0002759375,"0","ThomasAM_2018b",0.298886734189453,0.68071705350072,"Nodiff"
"Subdoligranulum_variabile",0.29947775534035,0.00289357142857143,"0",0.002394375,"0.00033","ThomasAM_2018b",0.29947775534035,0.68071705350072,"Nodiff"
"Alloprevotella_unclassified",0.300371377863526,0.000118214285714286,"0",0,"0","ThomasAM_2018b",0.300371377863526,0.68071705350072,"Nodiff"
"Anaerostipes_sp_3_2_56FAA",0.300371377863526,0.00695285714285714,"0",0,"0","ThomasAM_2018b",0.300371377863526,0.68071705350072,"Nodiff"
"Bacteroides_fluxus",0.300371377863526,0.0705996428571429,"0",0,"0","ThomasAM_2018b",0.300371377863526,0.68071705350072,"Nodiff"
"Citrobacter_koseri",0.300371377863526,0.0004325,"0",0,"0","ThomasAM_2018b",0.300371377863526,0.68071705350072,"Nodiff"
"Collinsella_unclassified",0.300371377863526,0.000489642857142857,"0",0,"0","ThomasAM_2018b",0.300371377863526,0.68071705350072,"Nodiff"
"Haemophilus_haemolyticus",0.300371377863526,2.71428571428571e-05,"0",0,"0","ThomasAM_2018b",0.300371377863526,0.68071705350072,"Nodiff"
"Hafnia_alvei",0.300371377863526,0.000165714285714286,"0",0,"0","ThomasAM_2018b",0.300371377863526,0.68071705350072,"Nodiff"
"Holdemania_sp_AP2",0.300371377863526,0.00293714285714286,"0",0,"0","ThomasAM_2018b",0.300371377863526,0.68071705350072,"Nodiff"
"Lachnospiraceae_bacterium_6_1_63FAA",0.300371377863526,0.00419321428571429,"0",0,"0","ThomasAM_2018b",0.300371377863526,0.68071705350072,"Nodiff"
"Lactobacillus_ultunensis",0.300371377863526,0.000177142857142857,"0",0,"0","ThomasAM_2018b",0.300371377863526,0.68071705350072,"Nodiff"
"Lactobacillus_versmoldensis",0.300371377863526,0.0001425,"0",0,"0","ThomasAM_2018b",0.300371377863526,0.68071705350072,"Nodiff"
"Macrococcus_caseolyticus",0.300371377863526,0.0006725,"0",0,"0","ThomasAM_2018b",0.300371377863526,0.68071705350072,"Nodiff"
"Megasphaera_micronuciformis",0.300371377863526,5.71428571428571e-06,"0",0,"0","ThomasAM_2018b",0.300371377863526,0.68071705350072,"Nodiff"
"Oscillibacter_sp_KLE_1728",0.300371377863526,0.00228714285714286,"0",0,"0","ThomasAM_2018b",0.300371377863526,0.68071705350072,"Nodiff"
"Pediococcus_acidilactici",0.300371377863526,0.000218571428571429,"0",0,"0","ThomasAM_2018b",0.300371377863526,0.68071705350072,"Nodiff"
"Pediococcus_lolii",0.300371377863526,1.64285714285714e-05,"0",0,"0","ThomasAM_2018b",0.300371377863526,0.68071705350072,"Nodiff"
"Pediococcus_unclassified",0.300371377863526,0.00124642857142857,"0",0,"0","ThomasAM_2018b",0.300371377863526,0.68071705350072,"Nodiff"
"Raoultella_ornithinolytica",0.300371377863526,0.000457142857142857,"0",0,"0","ThomasAM_2018b",0.300371377863526,0.68071705350072,"Nodiff"
"Rothia_aeria",0.300371377863526,6.17857142857143e-05,"0",0,"0","ThomasAM_2018b",0.300371377863526,0.68071705350072,"Nodiff"
"Selenomonas_bovis",0.300371377863526,0.000372857142857143,"0",0,"0","ThomasAM_2018b",0.300371377863526,0.68071705350072,"Nodiff"
"Staphylococcus_xylosus",0.300371377863526,0.000333571428571429,"0",0,"0","ThomasAM_2018b",0.300371377863526,0.68071705350072,"Nodiff"
"Streptococcus_infantarius",0.300371377863526,0.00204392857142857,"0",0,"0","ThomasAM_2018b",0.300371377863526,0.68071705350072,"Nodiff"
"Sutterella_parvirubra",0.300371377863526,0.0197796428571429,"0",0,"0","ThomasAM_2018b",0.300371377863526,0.68071705350072,"Nodiff"
"Veillonella_sp_3_1_44",0.300371377863526,0.0240546428571429,"0",0,"0","ThomasAM_2018b",0.300371377863526,0.68071705350072,"Nodiff"
"Veillonella_atypica",0.300932979083077,0.00791678571428571,"0",0.0052584375,"0","ThomasAM_2018b",0.300932979083077,0.68071705350072,"Nodiff"
"Gemella_unclassified",0.30971578252442,0.00087,"0",0.000903125,"0","ThomasAM_2018b",0.30971578252442,0.68071705350072,"Nodiff"
"Alistipes_shahii",0.316418266280881,0.172808214285714,"0.119225",0.232104375,"0.16758","ThomasAM_2018b",0.316418266280881,0.68071705350072,"Nodiff"
"Paraprevotella_clara",0.329991978808415,0.0660589285714286,"0",0.091506875,"0.03498","ThomasAM_2018b",0.329991978808415,0.68071705350072,"Nodiff"
"Bilophila_unclassified",0.339078654286235,0.223841785714286,"0.1566",0.2692903125,"0.19359","ThomasAM_2018b",0.339078654286235,0.68071705350072,"Nodiff"
"Lactobacillus_sanfranciscensis",0.340366708979535,0.00109464285714286,"0",0.0009625,"0","ThomasAM_2018b",0.340366708979535,0.68071705350072,"Nodiff"
"Subdoligranulum_unclassified",0.341796062468851,6.19703035714286,"4.905095",7.2877709375,"6.21435","ThomasAM_2018b",0.341796062468851,0.68071705350072,"Nodiff"
"Bacteroides_xylanisolvens",0.342152393506967,0.0800778571428571,"0.002485",0.0760575,"0.014545","ThomasAM_2018b",0.342152393506967,0.68071705350072,"Nodiff"
"Actinomyces_johnsonii",0.346128570350066,0.000283571428571429,"0",0.0014903125,"0","ThomasAM_2018b",0.346128570350066,0.68071705350072,"Nodiff"
"Eubacterium_hallii",0.346747234724059,1.65736214285714,"1.36007",1.9818746875,"1.95832","ThomasAM_2018b",0.346747234724059,0.68071705350072,"Nodiff"
"Holdemania_unclassified",0.348272598955537,0.00652035714285714,"0",0.0072084375,"0.001405","ThomasAM_2018b",0.348272598955537,0.68071705350072,"Nodiff"
"Gordonibacter_pamelaeae",0.351947238165882,0.051905,"0.02274",0.0285375,"0.006995","ThomasAM_2018b",0.351947238165882,0.68071705350072,"Nodiff"
"Megamonas_hypermegale",0.354880461362187,0.000124285714285714,"0",0.2656390625,"0","ThomasAM_2018b",0.354880461362187,0.68071705350072,"Nodiff"
"Desulfovibrio_piger",0.355237656468046,0.0229503571428571,"0",0.056326875,"0","ThomasAM_2018b",0.355237656468046,0.68071705350072,"Nodiff"
"Catenibacterium_mitsuokai",0.361208674618307,0.252859642857143,"0",0.205425,"0","ThomasAM_2018b",0.361208674618307,0.68071705350072,"Nodiff"
"Ruminococcus_sp_5_1_39BFAA",0.362019994878792,3.21872178571429,"2.83571",2.9399209375,"1.52446","ThomasAM_2018b",0.362019994878792,0.68071705350072,"Nodiff"
"Acidaminococcus_sp_D21",0.367053313162153,0,"0",0.0070909375,"0","ThomasAM_2018b",0.367053313162153,0.68071705350072,"Nodiff"
"Aeromonas_hydrophila",0.367053313162153,0,"0",0.0003409375,"0","ThomasAM_2018b",0.367053313162153,0.68071705350072,"Nodiff"
"Alloprevotella_tannerae",0.367053313162153,0,"0",0.0075603125,"0","ThomasAM_2018b",0.367053313162153,0.68071705350072,"Nodiff"
"Anaerococcus_lactolyticus",0.367053313162153,0,"0",0.0032859375,"0","ThomasAM_2018b",0.367053313162153,0.68071705350072,"Nodiff"
"Bacteroides_sp_1_1_6",0.367053313162153,0,"0",0.0614753125,"0","ThomasAM_2018b",0.367053313162153,0.68071705350072,"Nodiff"
"Campylobacter_ureolyticus",0.367053313162153,0,"0",0.0004128125,"0","ThomasAM_2018b",0.367053313162153,0.68071705350072,"Nodiff"
"Catonella_morbi",0.367053313162153,0,"0",0.0056703125,"0","ThomasAM_2018b",0.367053313162153,0.68071705350072,"Nodiff"
"Clostridium_glycolicum",0.367053313162153,0,"0",5.71875e-05,"0","ThomasAM_2018b",0.367053313162153,0.68071705350072,"Nodiff"
"Comamonas_testosteroni",0.367053313162153,0,"0",0.000176875,"0","ThomasAM_2018b",0.367053313162153,0.68071705350072,"Nodiff"
"Comamonas_unclassified",0.367053313162153,0,"0",0.00041875,"0","ThomasAM_2018b",0.367053313162153,0.68071705350072,"Nodiff"
"Corynebacterium_propinquum",0.367053313162153,0,"0",3e-05,"0","ThomasAM_2018b",0.367053313162153,0.68071705350072,"Nodiff"
"Deinococcus_unclassified",0.367053313162153,0,"0",0.00015,"0","ThomasAM_2018b",0.367053313162153,0.68071705350072,"Nodiff"
"Enterococcus_gallinarum",0.367053313162153,0,"0",0.0008715625,"0","ThomasAM_2018b",0.367053313162153,0.68071705350072,"Nodiff"
"Escherichia_albertii",0.367053313162153,0,"0",0.0009909375,"0","ThomasAM_2018b",0.367053313162153,0.68071705350072,"Nodiff"
"Eubacteriaceae_bacterium_ACC19a",0.367053313162153,0,"0",0.000843125,"0","ThomasAM_2018b",0.367053313162153,0.68071705350072,"Nodiff"
"Eubacteriaceae_bacterium_CM5",0.367053313162153,0,"0",0.0015878125,"0","ThomasAM_2018b",0.367053313162153,0.68071705350072,"Nodiff"
"Eubacteriaceae_noname_unclassified",0.367053313162153,0,"0",0.005289375,"0","ThomasAM_2018b",0.367053313162153,0.68071705350072,"Nodiff"
"Filifactor_alocis",0.367053313162153,0,"0",0.0321925,"0","ThomasAM_2018b",0.367053313162153,0.68071705350072,"Nodiff"
"Fusobacterium_gonidiaformans",0.367053313162153,0,"0",0.0009890625,"0","ThomasAM_2018b",0.367053313162153,0.68071705350072,"Nodiff"
"Fusobacterium_mortiferum",0.367053313162153,0,"0",7.34375e-05,"0","ThomasAM_2018b",0.367053313162153,0.68071705350072,"Nodiff"
"Fusobacterium_necrophorum",0.367053313162153,0,"0",0.005546875,"0","ThomasAM_2018b",0.367053313162153,0.68071705350072,"Nodiff"
"Fusobacterium_periodonticum",0.367053313162153,0,"0",9.125e-05,"0","ThomasAM_2018b",0.367053313162153,0.68071705350072,"Nodiff"
"Fusobacterium_varium",0.367053313162153,0,"0",0.000180625,"0","ThomasAM_2018b",0.367053313162153,0.68071705350072,"Nodiff"
"Haemophilus_influenzae",0.367053313162153,0,"0",0.000195625,"0","ThomasAM_2018b",0.367053313162153,0.68071705350072,"Nodiff"
"Klebsiella_oxytoca",0.367053313162153,0,"0",0.0233109375,"0","ThomasAM_2018b",0.367053313162153,0.68071705350072,"Nodiff"
"Lachnospiraceae_bacterium_ICM7",0.367053313162153,0,"0",6.65625e-05,"0","ThomasAM_2018b",0.367053313162153,0.68071705350072,"Nodiff"
"Lactobacillus_amylovorus",0.367053313162153,0,"0",0.008819375,"0","ThomasAM_2018b",0.367053313162153,0.68071705350072,"Nodiff"
"Lactobacillus_antri",0.367053313162153,0,"0",1.21875e-05,"0","ThomasAM_2018b",0.367053313162153,0.68071705350072,"Nodiff"
"Lactobacillus_brevis",0.367053313162153,0,"0",0.000329375,"0","ThomasAM_2018b",0.367053313162153,0.68071705350072,"Nodiff"
"Lactobacillus_johnsonii",0.367053313162153,0,"0",0.0009840625,"0","ThomasAM_2018b",0.367053313162153,0.68071705350072,"Nodiff"
"Lactobacillus_murinus",0.367053313162153,0,"0",0.0003403125,"0","ThomasAM_2018b",0.367053313162153,0.68071705350072,"Nodiff"
"Lactobacillus_ruminis",0.367053313162153,0,"0",0.0290425,"0","ThomasAM_2018b",0.367053313162153,0.68071705350072,"Nodiff"
"Leptotrichia_unclassified",0.367053313162153,0,"0",3.21875e-05,"0","ThomasAM_2018b",0.367053313162153,0.68071705350072,"Nodiff"
"Megamonas_funiformis",0.367053313162153,0,"0",0.0007721875,"0","ThomasAM_2018b",0.367053313162153,0.68071705350072,"Nodiff"
"Mobiluncus_curtisii",0.367053313162153,0,"0",0.0004428125,"0","ThomasAM_2018b",0.367053313162153,0.68071705350072,"Nodiff"
"Mogibacterium_sp_CM50",0.367053313162153,0,"0",0.0261196875,"0","ThomasAM_2018b",0.367053313162153,0.68071705350072,"Nodiff"
"Neisseria_unclassified",0.367053313162153,0,"0",0.000118125,"0","ThomasAM_2018b",0.367053313162153,0.68071705350072,"Nodiff"
"Peptoniphilus_harei",0.367053313162153,0,"0",0.0029803125,"0","ThomasAM_2018b",0.367053313162153,0.68071705350072,"Nodiff"
"Porphyromonas_endodontalis",0.367053313162153,0,"0",0.001845,"0","ThomasAM_2018b",0.367053313162153,0.68071705350072,"Nodiff"
"Prevotella_nigrescens",0.367053313162153,0,"0",0.00147875,"0","ThomasAM_2018b",0.367053313162153,0.68071705350072,"Nodiff"
"Prevotella_oralis",0.367053313162153,0,"0",0.0071096875,"0","ThomasAM_2018b",0.367053313162153,0.68071705350072,"Nodiff"
"Prevotella_sp_oral_taxon_473",0.367053313162153,0,"0",0.004550625,"0","ThomasAM_2018b",0.367053313162153,0.68071705350072,"Nodiff"
"Proteus_mirabilis",0.367053313162153,0,"0",3.65625e-05,"0","ThomasAM_2018b",0.367053313162153,0.68071705350072,"Nodiff"
"Pseudomonas_aeruginosa",0.367053313162153,0,"0",0.00058625,"0","ThomasAM_2018b",0.367053313162153,0.68071705350072,"Nodiff"
"Selenomonas_sputigena",0.367053313162153,0,"0",5.375e-05,"0","ThomasAM_2018b",0.367053313162153,0.68071705350072,"Nodiff"
"Slackia_exigua",0.367053313162153,0,"0",0.0010615625,"0","ThomasAM_2018b",0.367053313162153,0.68071705350072,"Nodiff"
"Staphylococcus_aureus",0.367053313162153,0,"0",0.00092125,"0","ThomasAM_2018b",0.367053313162153,0.68071705350072,"Nodiff"
"Streptococcus_lutetiensis",0.367053313162153,0,"0",0.0009634375,"0","ThomasAM_2018b",0.367053313162153,0.68071705350072,"Nodiff"
"Streptococcus_macedonicus",0.367053313162153,0,"0",0.0003853125,"0","ThomasAM_2018b",0.367053313162153,0.68071705350072,"Nodiff"
"Streptococcus_peroris",0.367053313162153,0,"0",7.84375e-05,"0","ThomasAM_2018b",0.367053313162153,0.68071705350072,"Nodiff"
"Streptococcus_pseudopneumoniae",0.367053313162153,0,"0",5.09375e-05,"0","ThomasAM_2018b",0.367053313162153,0.68071705350072,"Nodiff"
"Streptococcus_uberis",0.367053313162153,0,"0",0.0001684375,"0","ThomasAM_2018b",0.367053313162153,0.68071705350072,"Nodiff"
"Tannerella_forsythia",0.367053313162153,0,"0",0.0006965625,"0","ThomasAM_2018b",0.367053313162153,0.68071705350072,"Nodiff"
"Treponema_denticola",0.367053313162153,0,"0",0.001161875,"0","ThomasAM_2018b",0.367053313162153,0.68071705350072,"Nodiff"
"Weissella_confusa",0.367053313162153,0,"0",0.000328125,"0","ThomasAM_2018b",0.367053313162153,0.68071705350072,"Nodiff"
"Weissella_unclassified",0.367053313162153,0,"0",0.000773125,"0","ThomasAM_2018b",0.367053313162153,0.68071705350072,"Nodiff"
"Abiotrophia_defectiva",0.372983391596647,0.000180357142857143,"0",0.0004209375,"0","ThomasAM_2018b",0.372983391596647,0.688584722947656,"Nodiff"
"Lactobacillus_sakei",0.375987346109749,0.00466678571428571,"0",0.0064003125,"0","ThomasAM_2018b",0.375987346109749,0.691003771228728,"Nodiff"
"Erysipelotrichaceae_bacterium_6_1_45",0.379889156747467,0.0176810714285714,"0.00089",0.0086984375,"0.00048","ThomasAM_2018b",0.379889156747467,0.69339497202032,"Nodiff"
"Faecalibacterium_prausnitzii",0.380687435618999,8.60605035714286,"8.846575",7.2073671875,"6.48908","ThomasAM_2018b",0.380687435618999,0.69339497202032,"Nodiff"
"Roseburia_unclassified",0.385251960722198,0.179072142857143,"0",0.107133125,"0","ThomasAM_2018b",0.385251960722198,0.698590222109586,"Nodiff"
"Klebsiella_pneumoniae",0.391647414989355,0.0277075,"0",0.1157909375,"0","ThomasAM_2018b",0.391647414989355,0.703930155575581,"Nodiff"
"Leuconostoc_carnosum",0.391647414989355,0.00124892857142857,"0",0.002178125,"0","ThomasAM_2018b",0.391647414989355,0.703930155575581,"Nodiff"
"Rothia_dentocariosa",0.395335684124346,0.00324357142857143,"0",0.0021690625,"0","ThomasAM_2018b",0.395335684124346,0.707442803169882,"Nodiff"
"Desulfovibrio_desulfuricans",0.401153042559778,0.00168892857142857,"0",0.0027259375,"0","ThomasAM_2018b",0.401153042559778,0.713335645741312,"Nodiff"
"Clostridium_citroniae",0.403841496857513,0.013315,"0.004805",0.0095175,"0.000645","ThomasAM_2018b",0.403841496857513,0.713335645741312,"Nodiff"
"Akkermansia_muciniphila",0.408236663436687,0.534733571428571,"0.09227",1.1924390625,"0.1535","ThomasAM_2018b",0.408236663436687,0.713335645741312,"Nodiff"
"Bacteroides_cellulosilyticus",0.408236663436687,0.316296785714286,"0.01884",0.4088275,"0.07794","ThomasAM_2018b",0.408236663436687,0.713335645741312,"Nodiff"
"Eubacterium_infirmum",0.410287512472792,0.000293928571428571,"0",0.0031615625,"0","ThomasAM_2018b",0.410287512472792,0.713335645741312,"Nodiff"
"Eggerthella_lenta",0.410498982894689,0.0165217857142857,"0.001005",0.0138853125,"0.000345","ThomasAM_2018b",0.410498982894689,0.713335645741312,"Nodiff"
"Erysipelotrichaceae_bacterium_3_1_53",0.41086734497355,0.0006675,"0",0.0004890625,"0","ThomasAM_2018b",0.41086734497355,0.713335645741312,"Nodiff"
"Mitsuokella_unclassified",0.416735229548843,0.00955714285714286,"0",0.0618946875,"0","ThomasAM_2018b",0.416735229548843,0.717417610362565,"Nodiff"
"Streptococcus_intermedius",0.416735229548843,0.00152428571428571,"0",0.00045375,"0","ThomasAM_2018b",0.416735229548843,0.717417610362565,"Nodiff"
"Acidaminococcus_intestini",0.422882308752618,0.00243571428571429,"0",0.014689375,"0","ThomasAM_2018b",0.422882308752618,0.724340711266519,"Nodiff"
"Streptococcus_sanguinis",0.424307426452691,0.0218260714285714,"0.006495",0.021285625,"0.005425","ThomasAM_2018b",0.424307426452691,0.724340711266519,"Nodiff"
"Oscillibacter_unclassified",0.439425826902691,0.3953675,"0.31471",0.5109046875,"0.29337","ThomasAM_2018b",0.439425826902691,0.747023905734575,"Nodiff"
"Clostridium_nexile",0.448740332604258,0.174295714285714,"0",0.0327915625,"0","ThomasAM_2018b",0.448740332604258,0.756765199035389,"Nodiff"
"Blautia_producta",0.450334326577129,0.00979857142857143,"0",0.0011225,"0","ThomasAM_2018b",0.450334326577129,0.756765199035389,"Nodiff"
"Eubacterium_saphenum",0.450720449425489,4.96428571428571e-05,"0",0.001384375,"0","ThomasAM_2018b",0.450720449425489,0.756765199035389,"Nodiff"
"Haemophilus_parainfluenzae",0.461442456296485,0.0903185714285714,"0",0.027510625,"0","ThomasAM_2018b",0.461442456296485,0.766826772363247,"Nodiff"
"Enterococcus_faecalis",0.465621967488729,0.00719642857142857,"0",0.00919625,"0","ThomasAM_2018b",0.465621967488729,0.766826772363247,"Nodiff"
"Alistipes_sp_HGB5",0.467972190562122,0.0718882142857143,"0",0.018474375,"0","ThomasAM_2018b",0.467972190562122,0.766826772363247,"Nodiff"
"Butyrivibrio_unclassified",0.467972190562122,0.000809285714285714,"0",0.0001696875,"0","ThomasAM_2018b",0.467972190562122,0.766826772363247,"Nodiff"
"Clostridium_methylpentosum",0.467972190562122,0.000298214285714286,"0",5.71875e-05,"0","ThomasAM_2018b",0.467972190562122,0.766826772363247,"Nodiff"
"Streptococcus_oligofermentans",0.46798986842757,9.17857142857143e-05,"0",0.000783125,"0","ThomasAM_2018b",0.46798986842757,0.766826772363247,"Nodiff"
"Burkholderiales_bacterium_1_1_47",0.470277989283752,0.0114446428571429,"0",0.0154521875,"0","ThomasAM_2018b",0.470277989283752,0.767493678511083,"Nodiff"
"Megasphaera_unclassified",0.475472863506695,0.0876253571428571,"0",0.15259625,"0","ThomasAM_2018b",0.475472863506695,0.770838061049892,"Nodiff"
"Lactobacillus_casei_paracasei",0.476932202129579,0.0394242857142857,"0",0.035845,"0","ThomasAM_2018b",0.476932202129579,0.770838061049892,"Nodiff"
"Bacteroides_plebeius",0.478180780411755,0.699434285714286,"0",0.2912228125,"0","ThomasAM_2018b",0.478180780411755,0.770838061049892,"Nodiff"
"Lactococcus_lactis",0.479884479183021,0.0216421428571429,"0",0.011056875,"0","ThomasAM_2018b",0.479884479183021,0.770838061049892,"Nodiff"
"Leuconostoc_unclassified",0.485619682874008,0.00170928571428571,"0",0.001823125,"0","ThomasAM_2018b",0.485619682874008,0.772635529818858,"Nodiff"
"Megamonas_unclassified",0.485619682874008,0.329243571428571,"0",0.4628328125,"0","ThomasAM_2018b",0.485619682874008,0.772635529818858,"Nodiff"
"Eubacterium_biforme",0.489391892335121,0.439373928571429,"0",0.7297775,"0","ThomasAM_2018b",0.489391892335121,0.772635529818858,"Nodiff"
"Parabacteroides_distasonis",0.489487486892937,0.438535357142857,"0.14818",0.539939375,"0.19887","ThomasAM_2018b",0.489487486892937,0.772635529818858,"Nodiff"
"Lactobacillus_gasseri",0.490985895690587,0.0197203571428571,"0",0.1015865625,"0","ThomasAM_2018b",0.490985895690587,0.772635529818858,"Nodiff"
"Anaerostipes_unclassified",0.492365778806135,0.00973178571428571,"0",0.0036528125,"0","ThomasAM_2018b",0.492365778806135,0.772635529818858,"Nodiff"
"Streptococcus_parasanguinis",0.499855990193278,0.293516071428571,"0.10199",0.348675,"0.08144","ThomasAM_2018b",0.499855990193278,0.779719758998743,"Nodiff"
"Peptostreptococcus_unclassified",0.500702394258997,0.000518214285714286,"0",0.000744375,"0","ThomasAM_2018b",0.500702394258997,0.779719758998743,"Nodiff"
"Megamonas_rupellensis",0.503602842145237,0.0275125,"0",0.0321221875,"0","ThomasAM_2018b",0.503602842145237,0.781254599221508,"Nodiff"
"Lactobacillus_vaginalis",0.514377528967205,0.00136321428571429,"0",0.0924184375,"0","ThomasAM_2018b",0.514377528967205,0.788102799867515,"Nodiff"
"Parabacteroides_johnsonii",0.51722901574317,0.0481703571428571,"0",0.02422,"0","ThomasAM_2018b",0.51722901574317,0.788102799867515,"Nodiff"
"Lactobacillus_rhamnosus",0.517425235634523,0.0002575,"0",0.0003553125,"0","ThomasAM_2018b",0.517425235634523,0.788102799867515,"Nodiff"
"Ruminococcus_sp",0.517425235634523,0.0463778571428571,"0",0.0479171875,"0","ThomasAM_2018b",0.517425235634523,0.788102799867515,"Nodiff"
"Lactobacillus_salivarius",0.521931576410836,0.151858214285714,"0",0.0184978125,"0","ThomasAM_2018b",0.521931576410836,0.788102799867515,"Nodiff"
"Streptococcus_vestibularis",0.522898933552636,0.0781442857142857,"0",0.0629834375,"0","ThomasAM_2018b",0.522898933552636,0.788102799867515,"Nodiff"
"Lachnospiraceae_bacterium_2_1_58FAA",0.524049596711415,0.0204825,"6e-05",0.05051625,"0.00154","ThomasAM_2018b",0.524049596711415,0.788102799867515,"Nodiff"
"Ruminococcus_callidus",0.525059756915801,0.4615275,"0.04519",0.1362878125,"0.0124","ThomasAM_2018b",0.525059756915801,0.788102799867515,"Nodiff"
"Granulicatella_adiacens",0.525401866578343,0.00103,"0",0.004365,"0","ThomasAM_2018b",0.525401866578343,0.788102799867515,"Nodiff"
"Ruminococcus_bromii",0.528664821739901,5.28013928571429,"0.99205",6.8684896875,"1.581345","ThomasAM_2018b",0.528664821739901,0.79009248084205,"Nodiff"
"Clostridium_sp_L2_50",0.531462722427008,0.862462142857143,"0",1.1123809375,"0","ThomasAM_2018b",0.531462722427008,0.791375148723428,"Nodiff"
"Dorea_formicigenerans",0.543504935472068,0.738169285714286,"0.617015",0.848961875,"0.708375","ThomasAM_2018b",0.543504935472068,0.799069706893319,"Nodiff"
"Alistipes_unclassified",0.546668308132094,0.0256042857142857,"0",0.0213246875,"0","ThomasAM_2018b",0.546668308132094,0.799069706893319,"Nodiff"
"Eubacterium_dolichum",0.546668308132094,0.0028225,"0",0.0004290625,"0","ThomasAM_2018b",0.546668308132094,0.799069706893319,"Nodiff"
"Lactococcus_garvieae",0.546668308132094,0.0007025,"0",0.0003659375,"0","ThomasAM_2018b",0.546668308132094,0.799069706893319,"Nodiff"
"Rothia_unclassified",0.547254027743972,0.000346071428571429,"0",0.0006615625,"0","ThomasAM_2018b",0.547254027743972,0.799069706893319,"Nodiff"
"Streptococcus_thermophilus",0.548381171397376,1.07650964285714,"0.21626",0.5582003125,"0.32153","ThomasAM_2018b",0.548381171397376,0.799069706893319,"Nodiff"
"Lachnospiraceae_bacterium_1_4_56FAA",0.552292542269822,0.0360096428571429,"0",0.0140090625,"0","ThomasAM_2018b",0.552292542269822,0.799514520556513,"Nodiff"
"Subdoligranulum_sp_4_3_54A2FAA",0.552605624502296,0.0277021428571429,"0",0.0537765625,"0","ThomasAM_2018b",0.552605624502296,0.799514520556513,"Nodiff"
"Clostridiaceae_bacterium_JC118",0.571811998912932,0.00506785714285714,"0",0.0027521875,"0","ThomasAM_2018b",0.571811998912932,0.824379136241966,"Nodiff"
"Rothia_mucilaginosa",0.587317065344295,0.0132253571428571,"4e-04",0.0115453125,"0.000105","ThomasAM_2018b",0.587317065344295,0.84176638557872,"Nodiff"
"Roseburia_inulinivorans",0.587998578161606,1.02792107142857,"0.467835",0.548523125,"0.25898","ThomasAM_2018b",0.587998578161606,0.84176638557872,"Nodiff"
"Actinomyces_naeslundii",0.595950867464658,0.000335357142857143,"0",0.00162875,"0","ThomasAM_2018b",0.595950867464658,0.850167671068463,"Nodiff"
"Lachnospiraceae_bacterium_7_1_58FAA",0.598774577835426,0.0432546428571429,"0.015545",0.03827,"0.016155","ThomasAM_2018b",0.598774577835426,0.851219608908898,"Nodiff"
"Bacteroides_salyersiae",0.614467612285976,0.0827967857142857,"0",0.0423121875,"0","ThomasAM_2018b",0.614467612285976,0.867897979025175,"Nodiff"
"Alistipes_onderdonkii",0.618819343691504,0.935673571428571,"0.169735",0.9137015625,"0.15313","ThomasAM_2018b",0.618819343691504,0.867897979025175,"Nodiff"
"Bifidobacterium_dentium",0.620637762416541,0.0424489285714286,"0",0.05463375,"0","ThomasAM_2018b",0.620637762416541,0.867897979025175,"Nodiff"
"Gemella_sanguinis",0.620813093512757,0.00591321428571429,"0.0016",0.0121340625,"0","ThomasAM_2018b",0.620813093512757,0.867897979025175,"Nodiff"
"Bacteroides_intestinalis",0.623587636258475,0.00722928571428571,"0",0.0221109375,"0","ThomasAM_2018b",0.623587636258475,0.867897979025175,"Nodiff"
"Pyramidobacter_piscolens",0.623855475563343,0.000328214285714286,"0",0.0011640625,"0","ThomasAM_2018b",0.623855475563343,0.867897979025175,"Nodiff"
"Bacteroides_eggerthii",0.625397073121082,0.427753571428571,"0",0.984481875,"0","ThomasAM_2018b",0.625397073121082,0.867897979025175,"Nodiff"
"Acidaminococcus_unclassified",0.634099806671974,0.282387857142857,"0",0.5664278125,"0","ThomasAM_2018b",0.634099806671974,0.876992274990391,"Nodiff"
"Ruminococcus_gnavus",0.639094422815562,0.5622075,"0.001955",0.1040621875,"0","ThomasAM_2018b",0.639094422815562,0.87836221781978,"Nodiff"
"Ruminococcus_albus",0.639396026207046,0.00106071428571429,"0",0.002456875,"0","ThomasAM_2018b",0.639396026207046,0.87836221781978,"Nodiff"
"Flavonifractor_plautii",0.645914758314038,0.0245560714285714,"0.00293",0.042681875,"0.00452","ThomasAM_2018b",0.645914758314038,0.880675809973966,"Nodiff"
"Clostridium_scindens",0.647724425894657,0.00246642857142857,"0",0.0016225,"0","ThomasAM_2018b",0.647724425894657,0.880675809973966,"Nodiff"
"Bacteroides_uniformis",0.651301040949059,2.74328928571429,"1.016925",2.0345096875,"0.93263","ThomasAM_2018b",0.651301040949059,0.880675809973966,"Nodiff"
"Actinomyces_turicensis",0.651872780912102,0.00017,"0",0.0006490625,"0","ThomasAM_2018b",0.651872780912102,0.880675809973966,"Nodiff"
"Butyrivibrio_crossotus",0.651872780912102,0.0376332142857143,"0",0.6151175,"0","ThomasAM_2018b",0.651872780912102,0.880675809973966,"Nodiff"
"Ruminococcus_lactaris",0.65540699422184,0.899578214285714,"0",0.5085275,"0.00346","ThomasAM_2018b",0.65540699422184,0.88252822984327,"Nodiff"
"Streptococcus_mutans",0.66138346259432,0.00599464285714286,"0",0.0257503125,"0","ThomasAM_2018b",0.66138346259432,0.887646226113429,"Nodiff"
"Bacteroides_faecis",0.669888317678384,0.2218925,"0.000345",0.1486846875,"0","ThomasAM_2018b",0.669888317678384,0.889741208074949,"Nodiff"
"Clostridiales_bacterium_1_7_47FAA",0.669953660658935,0.0124957142857143,"0",0.0057328125,"0","ThomasAM_2018b",0.669953660658935,0.889741208074949,"Nodiff"
"Barnesiella_intestinihominis",0.670843527371604,0.594211785714286,"0.33441",0.6624996875,"0.34299","ThomasAM_2018b",0.670843527371604,0.889741208074949,"Nodiff"
"Parabacteroides_goldsteinii",0.674949086482287,0.161632142857143,"0",0.0101359375,"0","ThomasAM_2018b",0.674949086482287,0.889741208074949,"Nodiff"
"Actinomyces_massiliensis",0.675250665659199,0.00103642857142857,"0",0.0014021875,"0","ThomasAM_2018b",0.675250665659199,0.889741208074949,"Nodiff"
"Lactobacillus_kefiranofaciens",0.680390335586726,0.0258807142857143,"0",0.00733,"0","ThomasAM_2018b",0.680390335586726,0.889741208074949,"Nodiff"
"Oribacterium_sinus",0.680390335586726,0.000172142857142857,"0",0.0001475,"0","ThomasAM_2018b",0.680390335586726,0.889741208074949,"Nodiff"
"Succinatimonas_hippei",0.680390335586726,0.0511339285714286,"0",0.0037725,"0","ThomasAM_2018b",0.680390335586726,0.889741208074949,"Nodiff"
"Alistipes_sp_AP11",0.684592248047714,0.0512292857142857,"0",0.0478153125,"0","ThomasAM_2018b",0.684592248047714,0.892375837710758,"Nodiff"
"Bacteroides_thetaiotaomicron",0.687600294880328,0.260899285714286,"0.023615",0.18568625,"0.05732","ThomasAM_2018b",0.687600294880328,0.893442421373165,"Nodiff"
"Coprococcus_sp_ART55_1",0.696686332452292,1.05548321428571,"0",2.5470084375,"0","ThomasAM_2018b",0.696686332452292,0.899519062153592,"Nodiff"
"Turicibacter_unclassified",0.696686332452292,0.00213357142857143,"0",0.00433125,"0","ThomasAM_2018b",0.696686332452292,0.899519062153592,"Nodiff"
"Parabacteroides_unclassified",0.703185125482366,0.812155357142857,"0",0.3365734375,"0","ThomasAM_2018b",0.703185125482366,0.902556900332683,"Nodiff"
"Lachnospiraceae_bacterium_3_1_57FAA_CT1",0.703463466435768,0.0466078571428571,"0",0.031661875,"0","ThomasAM_2018b",0.703463466435768,0.902556900332683,"Nodiff"
"Bifidobacterium_catenulatum",0.721371781801844,0.0990528571428571,"0",0.20999,"0","ThomasAM_2018b",0.721371781801844,0.920262568277509,"Nodiff"
"Prevotella_copri",0.723374054437673,4.55252535714286,"0",2.899070625,"0.00262","ThomasAM_2018b",0.723374054437673,0.920262568277509,"Nodiff"
"Streptococcus_gordonii",0.72528727677,0.0093225,"0",0.0108675,"0","ThomasAM_2018b",0.72528727677,0.920262568277509,"Nodiff"
"Anaerotruncus_colihominis",0.729442606330196,0.0293914285714286,"0",0.0195946875,"2e-04","ThomasAM_2018b",0.729442606330196,0.920262568277509,"Nodiff"
"Ruminococcus_obeum",0.729594840993763,1.93408535714286,"1.48206",1.93610125,"1.395105","ThomasAM_2018b",0.729594840993763,0.920262568277509,"Nodiff"
"Parabacteroides_merdae",0.730796745396845,0.594020357142857,"0.23338",0.75336625,"0.36325","ThomasAM_2018b",0.730796745396845,0.920262568277509,"Nodiff"
"Lachnospiraceae_bacterium_8_1_57FAA",0.733097520783587,0.119740714285714,"0",0.0502303125,"0","ThomasAM_2018b",0.733097520783587,0.920319349168318,"Nodiff"
"Blautia_hydrogenotrophica",0.737004188205148,0.0552382142857143,"0.00102",0.06503875,"0","ThomasAM_2018b",0.737004188205148,0.922385609778222,"Nodiff"
"Dialister_succinatiphilus",0.745511743975996,0.173045357142857,"0",0.2947525,"0","ThomasAM_2018b",0.745511743975996,0.927343876653068,"Nodiff"
"Finegoldia_magna",0.745511743975996,0.00056,"0",0.0014046875,"0","ThomasAM_2018b",0.745511743975996,0.927343876653068,"Nodiff"
"Bacteroides_coprocola",0.762624846608633,0.863243571428571,"0",0.2576703125,"0","ThomasAM_2018b",0.762624846608633,0.945065112643769,"Nodiff"
"Collinsella_tanakaei",0.769023572053263,0.0145789285714286,"0",0.008208125,"0","ThomasAM_2018b",0.769023572053263,0.945065112643769,"Nodiff"
"Eubacterium_limosum",0.769023572053263,0.00161607142857143,"0",0.002505625,"0","ThomasAM_2018b",0.769023572053263,0.945065112643769,"Nodiff"
"Lactobacillus_oris",0.769023572053263,0.00950892857142857,"0",0.094583125,"0","ThomasAM_2018b",0.769023572053263,0.945065112643769,"Nodiff"
"Clostridium_asparagiforme",0.772431941671782,0.0147589285714286,"0.000365",0.0086134375,"0.00292","ThomasAM_2018b",0.772431941671782,0.946403099705967,"Nodiff"
"Eubacterium_eligens",0.776926130887856,1.49922214285714,"0.67724",1.8259934375,"0.56288","ThomasAM_2018b",0.776926130887856,0.949059465276183,"Nodiff"
"Scardovia_wiggsiae",0.819439378032999,0.00231321428571429,"0",0.002245625,"0","ThomasAM_2018b",0.819439378032999,0.986170603498687,"Nodiff"
"Lactobacillus_curvatus",0.821267905475271,0.00216785714285714,"0",0.081110625,"0","ThomasAM_2018b",0.821267905475271,0.986170603498687,"Nodiff"
"Lactobacillus_fermentum",0.821267905475271,0.0207892857142857,"0",0.023446875,"0","ThomasAM_2018b",0.821267905475271,0.986170603498687,"Nodiff"
"Bacteroides_stercoris",0.834111480681895,0.856275357142857,"0.0825",1.6171428125,"0.050105","ThomasAM_2018b",0.834111480681895,0.986170603498687,"Nodiff"
"Turicibacter_sanguinis",0.834767092133472,0.00139321428571429,"0",0.0062396875,"0","ThomasAM_2018b",0.834767092133472,0.986170603498687,"Nodiff"
"Dorea_longicatena",0.841331543882205,1.82542642857143,"2.005105",1.88444125,"1.40935","ThomasAM_2018b",0.841331543882205,0.986170603498687,"Nodiff"
"Scardovia_unclassified",0.841999654334459,0.000861785714285714,"0",0.0012446875,"0","ThomasAM_2018b",0.841999654334459,0.986170603498687,"Nodiff"
"Anaerostipes_caccae",0.850516547043638,0.01089,"0",0.0002396875,"0","ThomasAM_2018b",0.850516547043638,0.986170603498687,"Nodiff"
"Pantoea_unclassified",0.850516547043638,0.00138535714285714,"0",0.0002790625,"0","ThomasAM_2018b",0.850516547043638,0.986170603498687,"Nodiff"
"Eubacterium_cylindroides",0.855101778212203,0.00891285714285714,"0",0.0058625,"0","ThomasAM_2018b",0.855101778212203,0.986170603498687,"Nodiff"
"Lachnospiraceae_bacterium_5_1_63FAA",0.864676967269391,0.120442857142857,"0.06324",0.15348375,"0.04574","ThomasAM_2018b",0.864676967269391,0.986170603498687,"Nodiff"
"Ruminococcus_torques",0.865705234912766,1.89198928571429,"1.142005",1.5068040625,"1.33396","ThomasAM_2018b",0.865705234912766,0.986170603498687,"Nodiff"
"Enterococcus_faecium",0.870542548364291,0.113897857142857,"0",0.1644790625,"0","ThomasAM_2018b",0.870542548364291,0.986170603498687,"Nodiff"
"Streptococcus_mitis_oralis_pneumoniae",0.871678761682648,0.0115678571428571,"0.00276",0.01449625,"0.001515","ThomasAM_2018b",0.871678761682648,0.986170603498687,"Nodiff"
"Bacteroides_caccae",0.875186881414118,0.677232142857143,"0.2795",0.5792296875,"0.387295","ThomasAM_2018b",0.875186881414118,0.986170603498687,"Nodiff"
"Bacteroides_coprophilus",0.877456736275299,0.0896071428571429,"0",0.0457278125,"0","ThomasAM_2018b",0.877456736275299,0.986170603498687,"Nodiff"
"Erysipelotrichaceae_bacterium_5_2_54FAA",0.877456736275299,0.009005,"0",0.00063,"0","ThomasAM_2018b",0.877456736275299,0.986170603498687,"Nodiff"
"Eubacterium_sp_3_1_31",0.877456736275299,0.00510214285714286,"0",0.00045625,"0","ThomasAM_2018b",0.877456736275299,0.986170603498687,"Nodiff"
"Bacteroides_finegoldii",0.878943559377121,0.0885582142857143,"0",0.04506875,"0","ThomasAM_2018b",0.878943559377121,0.986170603498687,"Nodiff"
"Oscillibacter_sp_KLE_1745",0.886839399619587,0.0300257142857143,"0",0.0274953125,"0","ThomasAM_2018b",0.886839399619587,0.986170603498687,"Nodiff"
"Actinomyces_odontolyticus",0.887712425529053,0.0159382142857143,"0.013535",0.0194771875,"0.00894","ThomasAM_2018b",0.887712425529053,0.986170603498687,"Nodiff"
"Lachnospiraceae_bacterium_3_1_46FAA",0.899467121779306,0.107037857142857,"0.043985",0.09242,"0.029095","ThomasAM_2018b",0.899467121779306,0.986170603498687,"Nodiff"
"Ruminococcus_sp_JC304",0.904539627007347,0.0425946428571429,"0",0.03384375,"0","ThomasAM_2018b",0.904539627007347,0.986170603498687,"Nodiff"
"Streptococcus_agalactiae",0.904539627007347,0.00220571428571429,"0",0.0022615625,"0","ThomasAM_2018b",0.904539627007347,0.986170603498687,"Nodiff"
"Anaerofustis_stercorihominis",0.909361701096296,0.0003475,"0",0.00061625,"0","ThomasAM_2018b",0.909361701096296,0.986170603498687,"Nodiff"
"Eubacterium_rectale",0.911508027256968,6.63516392857143,"4.6708",6.66036875,"2.48505","ThomasAM_2018b",0.911508027256968,0.986170603498687,"Nodiff"
"Alistipes_putredinis",0.923234740185183,1.57327214285714,"0.79437",1.5152446875,"0.86583","ThomasAM_2018b",0.923234740185183,0.986170603498687,"Nodiff"
"Collinsella_aerofaciens",0.923261331826733,1.9944125,"1.760475",1.931371875,"1.7081","ThomasAM_2018b",0.923261331826733,0.986170603498687,"Nodiff"
"Bacteroides_sp_2_1_22",0.924085656273987,0.0303425,"0",0.00198875,"0","ThomasAM_2018b",0.924085656273987,0.986170603498687,"Nodiff"
"Clostridium_celatum",0.924085656273987,0.000157857142857143,"0",0.00011,"0","ThomasAM_2018b",0.924085656273987,0.986170603498687,"Nodiff"
"Eggerthella_sp_1_3_56FAA",0.924085656273987,0.0127325,"0",0.0076765625,"0","ThomasAM_2018b",0.924085656273987,0.986170603498687,"Nodiff"
"Gardnerella_vaginalis",0.924085656273987,1.03571428571429e-05,"0",8.75e-06,"0","ThomasAM_2018b",0.924085656273987,0.986170603498687,"Nodiff"
"Leuconostoc_gasicomitatum",0.924085656273987,0.000151785714285714,"0",5.0625e-05,"0","ThomasAM_2018b",0.924085656273987,0.986170603498687,"Nodiff"
"Marvinbryantia_formatexigens",0.924085656273987,0.00250964285714286,"0",0.0004021875,"0","ThomasAM_2018b",0.924085656273987,0.986170603498687,"Nodiff"
"Pediococcus_pentosaceus",0.924085656273987,0.00115214285714286,"0",0.000621875,"0","ThomasAM_2018b",0.924085656273987,0.986170603498687,"Nodiff"
"Pseudomonas_fragi",0.924085656273987,0.000277142857142857,"0",7.84375e-05,"0","ThomasAM_2018b",0.924085656273987,0.986170603498687,"Nodiff"
"Pseudomonas_unclassified",0.924085656273987,0.000435,"0",0.000348125,"0","ThomasAM_2018b",0.924085656273987,0.986170603498687,"Nodiff"
"Ruminococcus_champanellensis",0.924085656273987,0.178719642857143,"0",0.001870625,"0","ThomasAM_2018b",0.924085656273987,0.986170603498687,"Nodiff"
"Slackia_piriformis",0.924085656273987,0.0124142857142857,"0",1.59375e-05,"0","ThomasAM_2018b",0.924085656273987,0.986170603498687,"Nodiff"
"Lactobacillus_delbrueckii",0.927249101342439,0.00190428571428571,"0",0.010845625,"0","ThomasAM_2018b",0.927249101342439,0.986170603498687,"Nodiff"
"Streptococcus_australis",0.927815173161773,0.0504310714285714,"0.012885",0.030785,"0.011045","ThomasAM_2018b",0.927815173161773,0.986170603498687,"Nodiff"
"Leuconostoc_mesenteroides",0.931957090414778,0.000201428571428571,"0",0.010095,"0","ThomasAM_2018b",0.931957090414778,0.986170603498687,"Nodiff"
"Clostridium_clostridioforme",0.938743251372702,0.0194203571428571,"0",0.0161034375,"0","ThomasAM_2018b",0.938743251372702,0.986170603498687,"Nodiff"
"Clostridium_hathewayi",0.950693778798735,0.0856767857142857,"0.00078",0.0243684375,"0.00184","ThomasAM_2018b",0.950693778798735,0.986170603498687,"Nodiff"
"Ruminococcaceae_bacterium_D16",0.951151970744704,0.0368810714285714,"0.00138",0.031165,"0.001605","ThomasAM_2018b",0.951151970744704,0.986170603498687,"Nodiff"
"Dialister_invisus",0.951448906150808,0.567535357142857,"0",0.7928221875,"0","ThomasAM_2018b",0.951448906150808,0.986170603498687,"Nodiff"
"Parasutterella_excrementihominis",0.952122702915647,0.01338,"0",0.0125059375,"0","ThomasAM_2018b",0.952122702915647,0.986170603498687,"Nodiff"
"Streptococcus_tigurinus",0.952451778711026,0.000573214285714286,"0",0.0005265625,"0","ThomasAM_2018b",0.952451778711026,0.986170603498687,"Nodiff"
"Erysipelotrichaceae_bacterium_2_2_44A",0.957854196112053,0.154690357142857,"0.00185",0.007404375,"0.001975","ThomasAM_2018b",0.957854196112053,0.986170603498687,"Nodiff"
"Anaerostipes_hadrus",0.958633816409438,0.205283928571429,"0.08446",0.2928996875,"0.068145","ThomasAM_2018b",0.958633816409438,0.986170603498687,"Nodiff"
"Bacteroides_clarus",0.959007879241953,0.153663571428571,"0",0.02895625,"0","ThomasAM_2018b",0.959007879241953,0.986170603498687,"Nodiff"
"Leuconostoc_pseudomesenteroides",0.959008366092231,0.000476428571428571,"0",0.0032171875,"0","ThomasAM_2018b",0.959008366092231,0.986170603498687,"Nodiff"
"Acidaminococcus_sp_BV3L6",0.961999755373719,0.00688678571428571,"0",0.00897125,"0","ThomasAM_2018b",0.961999755373719,0.986170603498687,"Nodiff"
"Bacteroides_sp_3_1_19",0.961999755373719,0.113325357142857,"0",0.2390175,"0","ThomasAM_2018b",0.961999755373719,0.986170603498687,"Nodiff"
"Carnobacterium_maltaromaticum",0.961999755373719,8e-05,"0",0.00023375,"0","ThomasAM_2018b",0.961999755373719,0.986170603498687,"Nodiff"
"Dorea_unclassified",0.961999755373719,0.00518607142857143,"0",0.0091278125,"0","ThomasAM_2018b",0.961999755373719,0.986170603498687,"Nodiff"
"Facklamia_unclassified",0.961999755373719,3.03571428571429e-05,"0",0.00013125,"0","ThomasAM_2018b",0.961999755373719,0.986170603498687,"Nodiff"
"Haemophilus_sputorum",0.961999755373719,0.000164285714285714,"0",0.0001903125,"0","ThomasAM_2018b",0.961999755373719,0.986170603498687,"Nodiff"
"Leuconostoc_gelidum",0.961999755373719,0.00110714285714286,"0",0.0017490625,"0","ThomasAM_2018b",0.961999755373719,0.986170603498687,"Nodiff"
"Odoribacter_laneus",0.961999755373719,0.00949964285714286,"0",0.0324146875,"0","ThomasAM_2018b",0.961999755373719,0.986170603498687,"Nodiff"
"Parabacteroides_sp_D13",0.961999755373719,0.0246982142857143,"0",0.0236,"0","ThomasAM_2018b",0.961999755373719,0.986170603498687,"Nodiff"
"Prevotella_timonensis",0.961999755373719,9.10714285714286e-05,"0",0.001513125,"0","ThomasAM_2018b",0.961999755373719,0.986170603498687,"Nodiff"
"Propionibacterium_freudenreichii",0.961999755373719,0.00013,"0",0.0001346875,"0","ThomasAM_2018b",0.961999755373719,0.986170603498687,"Nodiff"
"Weissella_cibaria",0.961999755373719,4.64285714285714e-06,"0",9.75e-05,"0","ThomasAM_2018b",0.961999755373719,0.986170603498687,"Nodiff"
"Alistipes_finegoldii",0.970217837224348,0.145563214285714,"0.05985",0.239760625,"0.030945","ThomasAM_2018b",0.970217837224348,0.989766845067442,"Nodiff"
"Roseburia_hominis",0.970359652026904,0.2612025,"0.054935",0.46177375,"0.052075","ThomasAM_2018b",0.970359652026904,0.989766845067442,"Nodiff"
"Lachnospiraceae_bacterium_5_1_57FAA",0.976681743883347,0.02525,"0",0.010295,"0","ThomasAM_2018b",0.976681743883347,0.993731051133181,"Nodiff"
"Sutterella_wadsworthensis",0.98129270475242,0.375418214285714,"0.02531",0.25658625,"0.02015","ThomasAM_2018b",0.98129270475242,0.993768818936787,"Nodiff"
"Erysipelotrichaceae_bacterium_21_3",0.981590279489032,0.00621535714285714,"0.00037",0.003586875,"0.000625","ThomasAM_2018b",0.981590279489032,0.993768818936787,"Nodiff"
"Clostridium_bolteae",0.987875821702258,0.200042857142857,"0.003535",0.02999125,"0.00582","ThomasAM_2018b",0.987875821702258,0.997656770431983,"Nodiff"
"Streptococcus_infantis",0.993724204948147,0.00953785714285714,"0.000505",0.014424375,"0.000275","ThomasAM_2018b",0.993724204948147,0.998917251293036,"Nodiff"
"Roseburia_intestinalis",0.994020598100423,1.0007875,"0.12705",0.8046003125,"0.089075","ThomasAM_2018b",0.994020598100423,0.998917251293036,"Nodiff"
"Coprococcus_eutactus",1,0.804366785714286,"0",0.063965,"0","ThomasAM_2018b",1,1,"Nodiff"
"Eubacterium_brachy",1,0.00158464285714286,"0",0.00332375,"0","ThomasAM_2018b",1,1,"Nodiff"
