"","X1","X2","X3","X4","X5","X6","X7","X8","X9","X10","X11","X12","X13","X14","X15","X16","X17","X18","X19","X20","X21","X22","X23","X24","X25","X26","X27","X28","X29","X30","X31"
"1","CCMD10032470ST.11.0","CCMD93755960ST.11.0","CCMD51154251ST.11.0","CCMD85661207ST.11.0","CCMD35081859ST.11.0","CCMD74592084ST.11.0","MMPU72854103ST","MMPU99077057ST","CCMD99929634ST.11.0","13.2287816702862","17.6523895824475","19.4522769832454","19.7821548590542","20.6290539774489","20.6344351131428","21.4988412443787","21.5228607861641","CCMD49461418ST.11.0","CCMD59583015ST.11.0","CCMD93344354ST.21.0","CCMD95433940ST.21.0","CCMD86707194ST.21.0","CCMD95431029ST.11.0","CCMD63399960ST.21.0","18.8928108715141","19.2912914826172","19.9212526625486","20.4122781729184","21.7442207167652","23.0956319420816","23.1799678563647"
"2","CCMD10191450ST.11.0","CCMD35081859ST.11.0","CCMD50538120ST.11.0","CCMD50529145ST.11.0","CCMD51154251ST.11.0","CCMD89107682ST.11.0","MMPU99077057ST","CCMD41521570ST.11.0","CCMD93755960ST.11.0","16.3669834896355","17.0540506517748","21.2213559061479","23.4260013324831","27.7831155287074","28.5165872474179","29.3809533097345","29.452341552588","CCMD89306485ST.11.0","CCMD76222476ST.11.0","CCMD95431029ST.11.0","CCMD49461418ST.11.0","CCMD34381688ST.21.0","CCMD46222674ST.21.0","CCMD26925580ST.21.0","14.7443953938776","21.0009965604016","23.9769466395306","29.2905352411696","31.513766512802","33.569418489889","34.3876444189218"
"3","CCMD15562448ST.11.0","CCMD85481373ST.11.0","CCMD25475945ST.11.0","CCMD32288175ST.11.0","CCMD85661207ST.11.0","CCMD18579000ST.11.0","CCMD54057834ST.11.0","CCMD59540613ST.11.0","MMPU99077057ST","14.6440511298001","21.4609120960457","31.060553432138","32.3361696679384","32.6131585735191","32.8243244751983","33.0927960812591","33.1230880233984","CCMD74930188ST.21.0","CCMD63399960ST.21.0","CCMD50071957ST.21.0","CCMD95433940ST.21.0","CCMD82866709ST.21.0","CCMD49461418ST.11.0","CCMD86707194ST.21.0","27.4821778157354","29.1932399169585","31.5032580914768","32.6234216191803","33.4668384281485","33.7422083357536","33.8277530070769"
"4","CCMD18579000ST.11.0","CCMD85661207ST.11.0","CCMD45004878ST.11.0","CCMD73128545ST.11.0","CCMD66848156ST.11.0","MMPU99077057ST","CCMD39157124ST.11.0","CCMD31009081ST.11.0","CCMD89967135ST.11.0","16.3783433016835","16.6494510036788","18.2932853258183","18.5385751664549","19.0155301433723","19.1332539505229","19.2539525577841","20.4593420024228","CCMD52145360ST.11.0","CCMD72895164ST.21.0","CCMD13934959ST.21.0","CCMD82866709ST.21.0","CCMD46222674ST.21.0","CCMD95433940ST.21.0","CCMD63399960ST.21.0","16.4848890656443","16.5920549544232","16.9706644344734","17.1165580240333","18.0503445412269","19.4538876421424","19.6263166351458"
"5","CCMD22852639ST.11.0","CCMD27867141ST.11.0","MMPU68403337ST","CCMD31009081ST.11.0","CCMD89967135ST.11.0","CCMD66848156ST.11.0","CCMD18579000ST.11.0","CCMD49025643ST.11.0","MMPU84450604ST","23.2270968756881","23.2362583621568","23.2548948046126","23.8999846662273","23.9291238893007","24.0893941991242","24.3509185820001","24.5080912803711","CCMD50071957ST.21.0","CCMD46222674ST.21.0","CCMD90311071ST.21.0","CCMD95676152ST.11.0","CCMD82866709ST.21.0","CCMD35802077ST.21.0","CCMD63399960ST.21.0","22.1954465300228","23.5560979687553","23.9089249333465","23.9280900970428","24.360584914355","24.8136865358032","24.8603904144082"
"6","CCMD23541216ST.11.0","CCMD32965613ST.11.0","CCMD39882286ST.11.0","CCMD56948710ST.11.0","CCMD54057834ST.11.0","CCMD89967135ST.11.0","CCMD18579000ST.11.0","CCMD59540613ST.11.0","CCMD22852639ST.11.0","24.8331572240563","27.7761210837763","34.6752407384059","35.4757295645178","36.3212029367076","36.7356728013467","37.9985967638214","38.6761930651221","CCMD23101338ST.21.0","CCMD87156761ST.21.0","CCMD82866709ST.21.0","CCMD63399960ST.21.0","CCMD72895164ST.21.0","CCMD64503764ST.21.0","CCMD50071957ST.21.0","17.8604737629521","22.5746332843592","35.4160263283206","35.9881643789316","36.8055382808022","36.9467161226719","37.5221269862397"
"7","CCMD25475945ST.11.0","CCMD15562448ST.11.0","CCMD85481373ST.11.0","MMPU72854103ST","CCMD32288175ST.11.0","CCMD18579000ST.11.0","CCMD18829815ST.11.0","CCMD45812507ST.11.0","CCMD53508245ST.11.0","21.4609120960457","23.3171959211008","28.0191996789862","28.4374532707854","28.7277290982337","29.0996149416569","29.4833456321633","29.764205693712","CCMD13934959ST.21.0","CCMD63399960ST.21.0","CCMD95433940ST.21.0","CCMD25963797ST.21.0","CCMD74930188ST.21.0","CCMD59583015ST.11.0","CCMD13071240ST.21.0","24.5869383880466","28.359434508567","29.0041165241729","29.6968030683288","29.7093850377133","30.1086368830955","30.4853866507955"
"8","CCMD26625622ST.11.0","CCMD35801800ST.11.0","CCMD38158721ST.11.0","CCMD46727384ST.11.0","CCMD85661207ST.11.0","MMPU72854103ST","CCMD18829815ST.11.0","CCMD18579000ST.11.0","CCMD59540613ST.11.0","22.1730394205508","26.080442988015","27.3664992826192","29.0324519814121","30.9748493799534","31.385992549142","32.1356811758986","32.5824009700498","CCMD93344354ST.21.0","CCMD95433940ST.21.0","CCMD63399960ST.21.0","CCMD26709089ST.21.0","CCMD13071240ST.21.0","CCMD74930188ST.21.0","CCMD13934959ST.21.0","23.9024736008891","28.1224761333973","28.1887491972986","29.8455588757389","30.7864037734549","31.2025111533992","31.3439035491003"
"9","CCMD27867141ST.11.0","CCMD66848156ST.11.0","CCMD45004878ST.11.0","CCMD49025643ST.11.0","CCMD31009081ST.11.0","CCMD18579000ST.11.0","CCMD22852639ST.11.0","CCMD89967135ST.11.0","CCMD73128545ST.11.0","16.9818327442505","17.2841464468078","20.611902188784","21.1767692710763","22.3515448956263","23.2270968756881","23.2957545063494","23.4718747617356","CCMD42428553ST.21.0","CCMD45988061ST.21.0","CCMD65222621ST.11.0","CCMD27463710ST.11.0","CCMD52145360ST.11.0","CCMD86114146ST.21.0","CCMD46947453ST.21.0","17.1879148744023","17.4916521982487","19.7721630030961","20.1739878731598","21.7412425306007","22.0196324091889","23.0268870664795"
"10","CCMD29706695ST.11.0","CCMD41202658ST.11.0","CCMD31009081ST.11.0","CCMD53522274ST.11.0","CCMD54057834ST.11.0","CCMD89643949ST.11.0","CCMD68973846ST.11.0","CCMD31134579ST.11.0","CCMD50300306ST.11.0","20.2877297046096","22.2202342372645","23.9240849615424","26.0030031765044","26.014664268737","27.8242528600123","27.9190519222054","28.3915971296333","CCMD19497912ST.21.0","CCMD63399960ST.21.0","CCMD50071957ST.21.0","CCMD82866709ST.21.0","CCMD46222674ST.21.0","CCMD49461418ST.11.0","CCMD35802077ST.21.0","26.0267464113976","26.9950492634798","27.9252295005645","28.2958527869616","28.394267432017","28.840130533699","29.7645102718489"
"11","CCMD32288175ST.11.0","CCMD38158721ST.11.0","CCMD56948710ST.11.0","CCMD18829815ST.11.0","CCMD93755960ST.11.0","CCMD53508245ST.11.0","CCMD18579000ST.11.0","CCMD37575804ST.11.0","CCMD59540613ST.11.0","16.9926230849713","18.47997324142","19.9964495277237","23.1110549893768","23.997712738982","25.5140917142273","26.0970247400503","27.1109870007659","CCMD72895164ST.21.0","CCMD35802077ST.21.0","CCMD12232071ST.21.0","CCMD95433940ST.21.0","CCMD52145360ST.11.0","CCMD52117727ST.11.0","CCMD46222674ST.21.0","20.3035188203818","20.5415451011481","24.4001760688053","25.7374779112115","25.8804116667915","25.9036549132299","26.0819102868482"
"12","CCMD32965613ST.11.0","CCMD39882286ST.11.0","CCMD23541216ST.11.0","CCMD56948710ST.11.0","CCMD59540613ST.11.0","CCMD89967135ST.11.0","CCMD18579000ST.11.0","CCMD54057834ST.11.0","MMPU99077057ST","22.7514867265482","24.8331572240563","27.1228610491574","27.5649250553888","29.7228022249417","29.7892029031779","29.9479409817119","29.9540388707466","CCMD87156761ST.21.0","CCMD23101338ST.21.0","CCMD50071957ST.21.0","CCMD63399960ST.21.0","CCMD46222674ST.21.0","CCMD52145360ST.11.0","CCMD49461418ST.11.0","20.9311897368401","22.1081480262685","26.5662902944615","27.2101277273095","29.0534178132952","29.583113256963","29.8790417974037"
"13","CCMD35081859ST.11.0","CCMD51154251ST.11.0","CCMD50529145ST.11.0","CCMD10191450ST.11.0","CCMD93755960ST.11.0","MMPU99077057ST","CCMD10032470ST.11.0","CCMD50538120ST.11.0","CCMD99440714ST.11.0","14.3413660151709","14.5054506508829","16.3669834896355","18.7620278715202","19.3124267222066","19.7821548590542","21.9233931586582","22.0871333258144","CCMD95431029ST.11.0","CCMD76222476ST.11.0","CCMD89306485ST.11.0","CCMD49461418ST.11.0","CCMD34381688ST.21.0","CCMD93344354ST.21.0","CCMD86707194ST.21.0","15.6080020935641","16.2363051848134","19.1303981333113","20.1273032616046","23.6999397836155","26.2771453570227","26.3422883465465"
"14","CCMD35801800ST.11.0","CCMD85661207ST.11.0","CCMD26625622ST.11.0","CCMD18579000ST.11.0","CCMD46727384ST.11.0","CCMD73128545ST.11.0","CCMD38158721ST.11.0","CCMD59540613ST.11.0","CCMD54057834ST.11.0","19.4321318956336","22.1730394205508","22.8938044239244","22.9150953234871","23.6644896735953","24.0297595787349","25.2330515436124","25.4324271365377","CCMD63399960ST.21.0","CCMD95433940ST.21.0","CCMD74930188ST.21.0","CCMD90311071ST.21.0","CCMD72895164ST.21.0","CCMD93344354ST.21.0","CCMD13934959ST.21.0","17.0501092206912","20.271845258777","21.5241266167085","23.3529233254747","23.4625600300841","23.5160145660463","24.3996319790361"
"15","CCMD37575804ST.11.0","CCMD53508245ST.11.0","CCMD89107682ST.11.0","CCMD56948710ST.11.0","CCMD41521570ST.11.0","CCMD18829815ST.11.0","CCMD85661207ST.11.0","CCMD93755960ST.11.0","CCMD38158721ST.11.0","19.3507655770696","20.5352728004768","20.7874635956915","21.8971684953443","23.1495677264911","23.834956890219","24.1465900086534","24.3977702020799","CCMD35802077ST.21.0","CCMD46222674ST.21.0","CCMD63399960ST.21.0","CCMD49461418ST.11.0","CCMD98531134ST.11.0","CCMD52145360ST.11.0","CCMD13934959ST.21.0","19.7912448235552","21.3157971240486","23.9321944002885","24.2915125170645","24.3510646680797","24.489264977116","25.2589231036618"
"16","CCMD38158721ST.11.0","CCMD18829815ST.11.0","CCMD32288175ST.11.0","CCMD93755960ST.11.0","CCMD56948710ST.11.0","CCMD85661207ST.11.0","CCMD18579000ST.11.0","MMPU72854103ST","CCMD10032470ST.11.0","15.9197195758499","16.9926230849713","19.2097825587772","19.6941479856251","22.4204378667478","22.4369401892883","22.6421712810963","23.1816517361166","CCMD72895164ST.21.0","CCMD95433940ST.21.0","CCMD93344354ST.21.0","CCMD49461418ST.11.0","CCMD13934959ST.21.0","CCMD35802077ST.21.0","CCMD52145360ST.11.0","20.3935709224476","21.2528153483533","21.3036329137098","22.9608505026099","23.6350228689248","23.8523543136228","24.9356855866627"
"17","CCMD39157124ST.11.0","CCMD99929634ST.11.0","CCMD85661207ST.11.0","CCMD18579000ST.11.0","CCMD76409700ST.11.0","MMPU72854103ST","CCMD98702133ST.11.0","CCMD93755960ST.11.0","CCMD73128545ST.11.0","15.2537692743433","19.1234999305932","19.1332539505229","20.7711872696194","23.1517598462234","23.864305041924","24.2546599967223","24.6015879555934","CCMD59583015ST.11.0","CCMD13934959ST.21.0","CCMD72895164ST.21.0","CCMD95433940ST.21.0","CCMD51864103ST.21.0","CCMD18872694ST.21.0","CCMD82866709ST.21.0","22.5022449121949","22.6871499722266","23.0278488505939","24.6099241132942","24.6372440802294","26.1871221220908","26.2899147937703"
"18","CCMD39882286ST.11.0","CCMD32965613ST.11.0","CCMD23541216ST.11.0","CCMD50529145ST.11.0","MMPU99077057ST","CCMD89107682ST.11.0","CCMD56948710ST.11.0","CCMD18579000ST.11.0","CCMD41521570ST.11.0","22.7514867265482","27.7761210837763","32.0174787501468","32.3325989613439","33.0177668712861","33.042600978104","33.6683863023014","33.6834327682096","CCMD23101338ST.21.0","CCMD87156761ST.21.0","CCMD76222476ST.11.0","CCMD49461418ST.11.0","CCMD52145360ST.11.0","CCMD46222674ST.21.0","CCMD63399960ST.21.0","22.5174412815066","27.1683451142115","31.8824524977377","32.1941122103639","32.5542515417603","32.7056441830795","33.7061233985636"
"19","CCMD41521570ST.11.0","MMPU84450604ST","MMPU99077057ST","CCMD85661207ST.11.0","CCMD89107682ST.11.0","CCMD37575804ST.11.0","MMPU29365221ST","CCMD99440714ST.11.0","CCMD18579000ST.11.0","20.2668917088462","21.1495991157185","21.5253435658876","21.6888802556126","21.8971684953443","23.0595852042204","23.1263041679102","23.4064325725707","CCMD86707194ST.21.0","CCMD46222674ST.21.0","CCMD63399960ST.21.0","CCMD49461418ST.11.0","CCMD95433940ST.21.0","CCMD76222476ST.11.0","CCMD35802077ST.21.0","20.7828546625385","21.3400741404874","21.4921262318017","22.2347739161117","23.0683012533953","23.8681255829024","24.896728335454"
"20","CCMD45004878ST.11.0","CCMD73128545ST.11.0","CCMD18579000ST.11.0","CCMD27867141ST.11.0","CCMD31009081ST.11.0","CCMD66848156ST.11.0","CCMD85661207ST.11.0","CCMD68973846ST.11.0","CCMD49025643ST.11.0","15.6075430133606","16.6494510036788","17.2841464468078","19.3612221179682","19.6346970643858","21.2046830757005","22.602457139048","23.2400566306604","CCMD45988061ST.21.0","CCMD13934959ST.21.0","CCMD42428553ST.21.0","CCMD72895164ST.21.0","CCMD46222674ST.21.0","CCMD46947453ST.21.0","CCMD86114146ST.21.0","17.9522228345907","20.2711252541589","20.4130815827204","21.5305506039418","21.5765621667795","21.7034166609615","21.7227585702346"
"21","CCMD45812507ST.11.0","CCMD49942357ST.11.0","CCMD17410933ST.11.0","CCMD74592084ST.11.0","MMPU72854103ST","CCMD98702133ST.11.0","CCMD98198513ST.11.0","CCMD99929634ST.11.0","CCMD39157124ST.11.0","16.409080804518","17.3795556378234","19.4221392199598","19.4740756534039","21.1290721831296","23.9063628392359","25.752712167432","26.4705740592209","CCMD59583015ST.11.0","CCMD51864103ST.21.0","CCMD13934959ST.21.0","CCMD95433940ST.21.0","CCMD26709089ST.21.0","CCMD93344354ST.21.0","CCMD86707194ST.21.0","15.441221098375","22.633465739071","22.7945673994046","25.7329675453066","26.0629841731353","27.2998678962353","28.5659337067319"
"22","CCMD46727384ST.11.0","CCMD35801800ST.11.0","CCMD89967135ST.11.0","CCMD26625622ST.11.0","CCMD56948710ST.11.0","CCMD38158721ST.11.0","CCMD53508245ST.11.0","CCMD32288175ST.11.0","CCMD18579000ST.11.0","22.9150953234871","26.2595222003124","27.3664992826192","27.8873664737171","28.8039113026426","28.9289443216703","29.4347850495906","29.4521725805551","CCMD63399960ST.21.0","CCMD35802077ST.21.0","CCMD19168690ST.11.0","CCMD50071957ST.21.0","CCMD74930188ST.21.0","CCMD72895164ST.21.0","CCMD52145360ST.11.0","25.5908969221088","26.4096272572768","26.9164383344435","28.2476700913279","28.3986713786649","28.419065840738","28.8778135522376"
"23","CCMD49025643ST.11.0","CCMD31009081ST.11.0","CCMD27867141ST.11.0","CCMD45004878ST.11.0","CCMD89967135ST.11.0","CCMD66848156ST.11.0","CCMD18579000ST.11.0","CCMD22852639ST.11.0","CCMD59540613ST.11.0","19.3875090953892","20.611902188784","23.2400566306604","23.493947200726","23.7384740931784","24.2358118423667","24.3509185820001","26.4369772217646","CCMD52145360ST.11.0","CCMD46222674ST.21.0","CCMD88272491ST.21.0","CCMD50071957ST.21.0","CCMD86114146ST.21.0","CCMD95676152ST.11.0","CCMD45988061ST.21.0","22.9836487833677","23.538290016915","23.9865898687058","24.0648612655652","24.2391296110195","24.718792814994","24.7304082074983"
"24","CCMD50529145ST.11.0","CCMD35081859ST.11.0","MMPU99077057ST","CCMD66848156ST.11.0","CCMD10191450ST.11.0","CCMD85661207ST.11.0","CCMD93755960ST.11.0","CCMD31009081ST.11.0","CCMD51154251ST.11.0","14.5054506508829","17.6500255861514","17.8110453285875","21.2213559061479","21.4279153534379","21.5299930324304","21.7042894390971","21.7718699857844","CCMD76222476ST.11.0","CCMD49461418ST.11.0","CCMD46222674ST.21.0","CCMD95431029ST.11.0","CCMD52145360ST.11.0","CCMD89306485ST.11.0","CCMD35802077ST.21.0","17.0897644226888","19.2097614575975","21.0993341483209","21.2320631282054","21.6826597989154","23.7662594017233","25.7481799171281"
"25","CCMD50538120ST.11.0","CCMD10191450ST.11.0","CCMD35081859ST.11.0","CCMD50529145ST.11.0","CCMD51154251ST.11.0","MMPU99077057ST","CCMD93755960ST.11.0","CCMD99440714ST.11.0","CCMD10032470ST.11.0","17.0540506517748","21.9233931586582","25.87425727432","27.1849681582929","32.0846996526055","32.6759865402317","33.6893096227839","35.3479474231178","CCMD89306485ST.11.0","CCMD76222476ST.11.0","CCMD95431029ST.11.0","CCMD34381688ST.21.0","CCMD49461418ST.11.0","CCMD26925580ST.21.0","CCMD86707194ST.21.0","14.3133644715944","23.8766069219247","28.2954431527163","33.5787606764469","33.9143814642918","36.3728952151173","39.6326403286218"
"26","CCMD51154251ST.11.0","CCMD35081859ST.11.0","CCMD10032470ST.11.0","CCMD93755960ST.11.0","CCMD50529145ST.11.0","MMPU99077057ST","CCMD74592084ST.11.0","CCMD10191450ST.11.0","CCMD85661207ST.11.0","14.3413660151709","17.6523895824475","18.5943157679222","21.7718699857844","21.9105413844181","23.4194967998503","23.4260013324831","25.6133361655174","CCMD95431029ST.11.0","CCMD49461418ST.11.0","CCMD76222476ST.11.0","CCMD89306485ST.11.0","CCMD59583015ST.11.0","CCMD93344354ST.21.0","CCMD86707194ST.21.0","19.0964866328652","19.8152196337184","20.966285681329","22.164561209848","23.5182226736163","23.6005674718512","25.8293148240386"
"27","CCMD51228890ST.11.0","CCMD89107682ST.11.0","MMPU84450604ST","CCMD37575804ST.11.0","CCMD85661207ST.11.0","CCMD41521570ST.11.0","CCMD89967135ST.11.0","CCMD56948710ST.11.0","CCMD59540613ST.11.0","19.4933885089355","23.7825017259812","25.4762271936231","28.4063596219456","28.4656928588784","30.136635740925","30.136655518443","31.6249284980441","CCMD46222674ST.21.0","CCMD86114146ST.21.0","CCMD95676152ST.11.0","CCMD35802077ST.21.0","CCMD82866709ST.21.0","CCMD63399960ST.21.0","CCMD98531134ST.11.0","22.6381594693054","22.6479777021548","25.4344049735177","30.0419055257618","31.1119231577542","31.5877715184864","32.7712213756506"
"28","CCMD53508245ST.11.0","CCMD37575804ST.11.0","CCMD18829815ST.11.0","CCMD56948710ST.11.0","MMPU99077057ST","CCMD18579000ST.11.0","CCMD85661207ST.11.0","CCMD38158721ST.11.0","CCMD66848156ST.11.0","19.3507655770696","20.3917591385957","21.6063537817398","22.2778191578081","22.6543670212191","23.1518782928621","23.7386485832576","23.930357045506","CCMD52145360ST.11.0","CCMD35802077ST.21.0","CCMD13934959ST.21.0","CCMD72895164ST.21.0","CCMD52117727ST.11.0","CCMD63399960ST.21.0","CCMD46222674ST.21.0","18.9632511867164","18.9668538731546","19.4599173563199","20.2984332279982","20.9070236626307","21.9457708221448","22.2802566247407"
"29","CCMD54057834ST.11.0","CCMD59540613ST.11.0","CCMD41202658ST.11.0","CCMD56948710ST.11.0","CCMD89967135ST.11.0","CCMD18579000ST.11.0","CCMD35801800ST.11.0","CCMD29706695ST.11.0","CCMD31009081ST.11.0","22.1205278214309","23.0295815648483","23.3161051137363","24.1858902271242","25.0979193712786","25.4324271365377","26.0030031765044","26.4971992308961","CCMD63399960ST.21.0","CCMD50071957ST.21.0","CCMD11006829ST.21.0","CCMD82866709ST.21.0","CCMD64503764ST.21.0","CCMD90311071ST.21.0","CCMD46222674ST.21.0","19.7993895819644","19.9432370949778","20.9197130507806","22.2576276985958","23.5216432937858","24.0905512646888","24.1892947641638"
"30","CCMD56948710ST.11.0","CCMD32288175ST.11.0","CCMD38158721ST.11.0","CCMD37575804ST.11.0","CCMD53508245ST.11.0","CCMD18829815ST.11.0","CCMD18579000ST.11.0","CCMD89967135ST.11.0","CCMD59540613ST.11.0","18.47997324142","19.6941479856251","20.7874635956915","21.6063537817398","21.8528388513301","21.9429129469631","22.0777053309691","22.9203559541055","CCMD35802077ST.21.0","CCMD72895164ST.21.0","CCMD46222674ST.21.0","CCMD82866709ST.21.0","CCMD50071957ST.21.0","CCMD12232071ST.21.0","CCMD79349503ST.11.0","15.7835449451224","18.6480093318938","19.827033503013","20.2362723050739","21.447893500745","21.9871608924095","22.8701569593083"
"31","CCMD59540613ST.11.0","CCMD85661207ST.11.0","CCMD18579000ST.11.0","CCMD54057834ST.11.0","CCMD56948710ST.11.0","CCMD31009081ST.11.0","CCMD93755960ST.11.0","MMPU99077057ST","MMPU84450604ST","20.6003920745674","22.0736674373811","22.1205278214309","22.9203559541055","23.4187940446578","23.9307280156392","23.9670067710551","24.0967916090483","CCMD63399960ST.21.0","CCMD50071957ST.21.0","CCMD46222674ST.21.0","CCMD95433940ST.21.0","CCMD49461418ST.11.0","CCMD82866709ST.21.0","CCMD90311071ST.21.0","17.0447372297111","18.8798263432109","21.0504867964211","21.1012054084595","23.0443387271495","23.0765172382749","23.2209947043295"
"32","CCMD66848156ST.11.0","CCMD27867141ST.11.0","CCMD50529145ST.11.0","CCMD18579000ST.11.0","CCMD31009081ST.11.0","CCMD45004878ST.11.0","MMPU99077057ST","CCMD89967135ST.11.0","CCMD73128545ST.11.0","16.9818327442505","17.8110453285875","18.5385751664549","18.628123366166","19.6346970643858","20.7487573890534","21.3068147344928","21.5362314793211","CCMD52145360ST.11.0","CCMD46222674ST.21.0","CCMD45988061ST.21.0","CCMD86114146ST.21.0","CCMD72895164ST.21.0","CCMD46947453ST.21.0","CCMD42428553ST.21.0","15.5521655037008","18.1803040787524","20.3803824061915","20.8051714801032","21.0172323265053","21.957029555714","22.5503527102394"
"33","CCMD73128545ST.11.0","CCMD45004878ST.11.0","CCMD18579000ST.11.0","CCMD85661207ST.11.0","CCMD66848156ST.11.0","CCMD31009081ST.11.0","CCMD27867141ST.11.0","CCMD68973846ST.11.0","CCMD35801800ST.11.0","15.6075430133606","18.2932853258183","18.6879954398057","21.5362314793211","23.3112413852888","23.4718747617356","23.664040038717","23.6644896735953","CCMD72895164ST.21.0","CCMD13934959ST.21.0","CCMD95433940ST.21.0","CCMD45988061ST.21.0","CCMD52145360ST.11.0","CCMD46222674ST.21.0","CCMD63399960ST.21.0","19.6967218787188","20.1550737909515","22.5881803327293","23.0949782297689","24.4088587475122","25.0178421918158","25.0455647927013"
"34","CCMD74592084ST.11.0","CCMD45812507ST.11.0","MMPU72854103ST","CCMD10032470ST.11.0","CCMD17410933ST.11.0","CCMD85661207ST.11.0","MMPU99077057ST","CCMD51154251ST.11.0","CCMD93755960ST.11.0","19.4221392199598","20.4657545893524","20.6290539774489","21.5527088543204","22.4514109878466","23.0014676718965","23.4194967998503","23.974625032317","CCMD59583015ST.11.0","CCMD95433940ST.21.0","CCMD49461418ST.11.0","CCMD86707194ST.21.0","CCMD13934959ST.21.0","CCMD93344354ST.21.0","CCMD63399960ST.21.0","17.3011733114318","20.2790369583297","22.9686334448373","24.1531866809723","24.4459610487029","25.5272544413339","26.0589428129692"
"35","CCMD76409700ST.11.0","CCMD99929634ST.11.0","CCMD39157124ST.11.0","CCMD18579000ST.11.0","CCMD85661207ST.11.0","MMPU99077057ST","CCMD93755960ST.11.0","CCMD56948710ST.11.0","MMPU72854103ST","18.6455329851442","20.7711872696194","23.497609000143","24.4725323458648","26.9523249296883","27.4626700968424","28.7429691742172","29.6408524131308","CCMD26925580ST.21.0","CCMD82866709ST.21.0","CCMD79349503ST.11.0","CCMD72895164ST.21.0","CCMD13934959ST.21.0","CCMD63399960ST.21.0","CCMD95433940ST.21.0","22.6111569257944","22.9212074703254","23.8864813453175","25.5566647306099","28.5856205421904","29.2077921636265","29.7342483024996"
"36","CCMD85481373ST.11.0","CCMD15562448ST.11.0","CCMD25475945ST.11.0","CCMD32288175ST.11.0","CCMD54057834ST.11.0","CCMD18579000ST.11.0","MMPU99077057ST","CCMD59540613ST.11.0","CCMD31009081ST.11.0","14.6440511298001","23.3171959211008","29.5526144502124","30.1890266198746","30.7402451611678","31.7391160645441","31.8914925260672","31.9339998834643","CCMD74930188ST.21.0","CCMD63399960ST.21.0","CCMD50071957ST.21.0","CCMD90311071ST.21.0","CCMD46222674ST.21.0","CCMD86707194ST.21.0","CCMD52145360ST.11.0","25.5846955187374","26.9718670244145","28.8611962972431","31.0374507333044","31.3269900632585","31.6947558221325","31.8329930119067"
"37","CCMD85661207ST.11.0","CCMD18579000ST.11.0","MMPU99077057ST","CCMD99929634ST.11.0","CCMD73128545ST.11.0","CCMD39157124ST.11.0","CCMD93755960ST.11.0","CCMD35801800ST.11.0","CCMD10032470ST.11.0","16.3783433016835","16.5887608096416","18.537239639879","18.6879954398057","19.1234999305932","19.4233582871912","19.4321318956336","19.4522769832454","CCMD95433940ST.21.0","CCMD63399960ST.21.0","CCMD59583015ST.11.0","CCMD46222674ST.21.0","CCMD72895164ST.21.0","CCMD86707194ST.21.0","CCMD13934959ST.21.0","15.3070145676059","17.0610699644659","18.4964050990564","19.3925236535785","19.6926869945267","19.8409960947504","19.8771906179244"
"38","CCMD89107682ST.11.0","MMPU84450604ST","CCMD51228890ST.11.0","CCMD37575804ST.11.0","CCMD41521570ST.11.0","CCMD50529145ST.11.0","CCMD89967135ST.11.0","CCMD85661207ST.11.0","MMPU99077057ST","18.5387078623943","19.4933885089355","20.5352728004768","21.6888802556126","23.58115287388","24.5567526693678","25.5321135964221","26.3140855403774","CCMD46222674ST.21.0","CCMD86114146ST.21.0","CCMD95676152ST.11.0","CCMD35802077ST.21.0","CCMD63399960ST.21.0","CCMD49461418ST.11.0","CCMD76222476ST.11.0","17.9043896934579","19.7120247166951","23.4790205502913","24.2852010133353","25.9839623286326","25.9868360310927","26.4209264762896"
"39","CCMD89967135ST.11.0","CCMD18579000ST.11.0","CCMD66848156ST.11.0","CCMD56948710ST.11.0","CCMD31009081ST.11.0","CCMD27867141ST.11.0","MMPU84450604ST","CCMD49025643ST.11.0","CCMD22852639ST.11.0","20.4593420024228","21.3068147344928","22.0777053309691","22.1172923758787","23.2957545063494","23.4339939890515","23.493947200726","23.8999846662273","CCMD46222674ST.21.0","CCMD52145360ST.11.0","CCMD86114146ST.21.0","CCMD82866709ST.21.0","CCMD72895164ST.21.0","CCMD35802077ST.21.0","CCMD95676152ST.11.0","17.6335176462185","20.5644387880511","20.8955235965912","21.567939947371","22.3952109694216","22.6010344744129","22.7462721508712"
"40","CCMD98198513ST.11.0","CCMD49942357ST.11.0","CCMD17410933ST.11.0","CCMD45812507ST.11.0","CCMD98702133ST.11.0","MMPU72854103ST","CCMD99929634ST.11.0","CCMD39157124ST.11.0","CCMD74592084ST.11.0","14.7443964865097","21.6780490832685","23.9063628392359","24.4408152924468","30.4786352302281","31.6025438494752","33.1770643087555","35.4337315569543","CCMD59583015ST.11.0","CCMD51864103ST.21.0","CCMD26709089ST.21.0","CCMD93344354ST.21.0","CCMD13934959ST.21.0","CCMD95433940ST.21.0","CCMD13071240ST.21.0","25.0100810854163","25.9378245094861","34.6746920692643","35.1745249956002","37.2737738709189","38.8688172567702","39.2450109762693"
"41","CCMD98702133ST.11.0","CCMD49942357ST.11.0","MMPU72854103ST","CCMD45812507ST.11.0","CCMD17410933ST.11.0","CCMD99929634ST.11.0","CCMD39157124ST.11.0","CCMD85661207ST.11.0","CCMD98198513ST.11.0","17.7583374758591","19.1533517037985","21.1290721831296","21.6482440929074","22.5669276446507","23.864305041924","24.2598739384647","24.4408152924468","CCMD51864103ST.21.0","CCMD59583015ST.11.0","CCMD93344354ST.21.0","CCMD86707194ST.21.0","CCMD13934959ST.21.0","CCMD95433940ST.21.0","CCMD49461418ST.11.0","19.10896159544","19.1262712017215","23.8679251551156","24.556835799221","24.6364013400557","27.2187253832669","27.3603130757654"
"42","CCMD99440714ST.11.0","CCMD35081859ST.11.0","MMPU99077057ST","MMPU68403337ST","MMPU84450604ST","CCMD41521570ST.11.0","CCMD50529145ST.11.0","CCMD93755960ST.11.0","CCMD56948710ST.11.0","22.0871333258144","22.4709718392396","22.6879047201653","22.74658310404","23.1263041679102","23.7224511839038","23.7265569974491","24.3122276341145","CCMD50071957ST.21.0","CCMD76222476ST.11.0","CCMD49461418ST.11.0","CCMD63399960ST.21.0","CCMD95433940ST.21.0","CCMD95431029ST.11.0","CCMD90311071ST.21.0","20.760044070972","23.2324372942853","23.8287145309876","23.8576964441205","24.4437030752646","25.1243417398267","25.4901817361823"
"43","MMPU29365221ST","CCMD41521570ST.11.0","CCMD53522274ST.11.0","CCMD59540613ST.11.0","CCMD99440714ST.11.0","CCMD41202658ST.11.0","MMPU99077057ST","CCMD54057834ST.11.0","MMPU68403337ST","23.0595852042204","23.7733246420689","26.1579423901327","26.5106214096124","26.5177850080658","26.9347749656072","27.4025866447312","27.8056341941863","CCMD86707194ST.21.0","CCMD63399960ST.21.0","CCMD50071957ST.21.0","CCMD90311071ST.21.0","CCMD49461418ST.11.0","CCMD19497912ST.21.0","CCMD76222476ST.11.0","23.821567447687","24.6392329160345","24.7485572706552","25.2532058885164","25.4110387924913","25.6979647147065","26.2357413602303"
"44","MMPU68403337ST","CCMD35081859ST.11.0","CCMD99440714ST.11.0","CCMD18579000ST.11.0","CCMD22852639ST.11.0","MMPU99077057ST","CCMD50529145ST.11.0","CCMD59540613ST.11.0","MMPU84450604ST","22.2095881480454","22.6879047201653","22.8577050638138","23.2362583621568","23.9811729203098","24.3786084992971","25.3695033792229","25.6779476884447","CCMD95431029ST.11.0","CCMD64776337ST.21.0","CCMD35633353ST.11.0","CCMD82866709ST.21.0","CCMD14479708ST.21.0","CCMD50071957ST.21.0","CCMD49461418ST.11.0","19.2401991588991","21.9418311225522","22.219503608733","22.886578659306","23.4541997492155","23.6971444195118","24.0562065921084"
"45","MMPU72854103ST","CCMD98702133ST.11.0","CCMD45812507ST.11.0","CCMD99929634ST.11.0","CCMD74592084ST.11.0","CCMD10032470ST.11.0","CCMD85661207ST.11.0","CCMD17410933ST.11.0","CCMD18579000ST.11.0","19.1533517037985","19.4740756534039","20.2301205429305","20.4657545893524","20.6344351131428","21.1778452448543","21.3708241930418","22.4200057973632","CCMD59583015ST.11.0","CCMD51864103ST.21.0","CCMD93344354ST.21.0","CCMD13934959ST.21.0","CCMD95433940ST.21.0","CCMD49461418ST.11.0","CCMD26709089ST.21.0","16.2726731058483","16.3729727737635","18.1912073153708","18.436486721035","21.517559599706","21.9581293588935","22.4062401559209"
"46","MMPU84450604ST","CCMD89107682ST.11.0","CCMD85661207ST.11.0","CCMD41521570ST.11.0","CCMD31009081ST.11.0","CCMD50529145ST.11.0","CCMD66848156ST.11.0","CCMD99440714ST.11.0","CCMD18579000ST.11.0","18.5387078623943","19.5090624536701","20.2668917088462","21.9377939296229","22.2312660731075","22.6366906796798","22.74658310404","22.9414030646428","CCMD46222674ST.21.0","CCMD86114146ST.21.0","CCMD95676152ST.11.0","CCMD63399960ST.21.0","CCMD95433940ST.21.0","CCMD50071957ST.21.0","CCMD49461418ST.11.0","18.0935620631704","20.7721737002125","21.1395407166523","21.6480816187209","22.5045623608436","22.6358247465848","24.3921874139959"
"47","MMPU99077057ST","CCMD85661207ST.11.0","CCMD50529145ST.11.0","CCMD93755960ST.11.0","CCMD18579000ST.11.0","CCMD35081859ST.11.0","CCMD66848156ST.11.0","CCMD41521570ST.11.0","CCMD10032470ST.11.0","16.5887608096416","17.6500255861514","17.9254534811061","19.0155301433723","19.3124267222066","20.7487573890534","21.1495991157185","21.4988412443787","CCMD49461418ST.11.0","CCMD52145360ST.11.0","CCMD63399960ST.21.0","CCMD76222476ST.11.0","CCMD86707194ST.21.0","CCMD95433940ST.21.0","CCMD95431029ST.11.0","16.8333178336239","19.5153354936906","19.6538363867694","20.7478793959286","20.8481282603835","21.2986077487943","21.7033960642914"
"48","CCMD12232071ST.21.0","CCMD56948710ST.11.0","CCMD53508245ST.11.0","CCMD32288175ST.11.0","CCMD66848156ST.11.0","CCMD89967135ST.11.0","CCMD27867141ST.11.0","CCMD38158721ST.11.0","CCMD18579000ST.11.0","21.9871608924095","23.5384565071502","24.4001760688053","25.362302051127","25.6137272758886","25.9331507977704","26.0321404925488","26.7484742898151","CCMD35802077ST.21.0","CCMD72895164ST.21.0","CCMD52145360ST.11.0","CCMD46222674ST.21.0","CCMD88272491ST.21.0","CCMD86114146ST.21.0","CCMD25511638ST.21.0","20.7126082521782","23.0641975885375","23.823789500281","26.0021846743326","27.1549307824969","27.2013332501828","28.0832781728807"
"49","CCMD13071240ST.21.0","CCMD35801800ST.11.0","CCMD85661207ST.11.0","MMPU72854103ST","CCMD18579000ST.11.0","CCMD73128545ST.11.0","CCMD59540613ST.11.0","CCMD99929634ST.11.0","CCMD98702133ST.11.0","24.5266253451244","24.6523118887256","24.9159616430552","25.6336583025443","26.8577562107262","27.1643588775568","27.2517412469387","28.2179539367439","CCMD13934959ST.21.0","CCMD25963797ST.21.0","CCMD95433940ST.21.0","CCMD93344354ST.21.0","CCMD63399960ST.21.0","CCMD72895164ST.21.0","CCMD51864103ST.21.0","20.7629079065939","25.3048533763427","25.4992366103909","25.6032076933184","25.8039312079885","26.2578118191673","27.0340119192028"
"50","CCMD13934959ST.21.0","CCMD18579000ST.11.0","MMPU72854103ST","CCMD53508245ST.11.0","CCMD85661207ST.11.0","CCMD73128545ST.11.0","CCMD45004878ST.11.0","CCMD18829815ST.11.0","CCMD39157124ST.11.0","16.9706644344734","18.436486721035","19.4599173563199","19.8771906179244","20.1550737909515","20.2711252541589","22.5141989527165","22.6871499722266","CCMD52145360ST.11.0","CCMD13071240ST.21.0","CCMD95433940ST.21.0","CCMD63399960ST.21.0","CCMD72895164ST.21.0","CCMD59583015ST.11.0","CCMD46222674ST.21.0","19.2605218371336","20.7629079065939","21.2088876146251","22.1894509408525","22.2728559773259","22.3302735521243","22.9450741314449"
"51","CCMD14479708ST.21.0","MMPU68403337ST","CCMD18579000ST.11.0","CCMD54057834ST.11.0","CCMD89967135ST.11.0","CCMD56948710ST.11.0","CCMD59540613ST.11.0","CCMD99440714ST.11.0","CCMD27867141ST.11.0","23.4541997492155","25.3286874809099","26.2730391600858","26.8865472436961","28.1908523080023","28.8443690551848","29.7003796702803","30.536566844539","CCMD35633353ST.11.0","CCMD64776337ST.21.0","CCMD82866709ST.21.0","CCMD25963797ST.21.0","CCMD50071957ST.21.0","CCMD63399960ST.21.0","CCMD46222674ST.21.0","22.123685615245","22.6156989413438","23.3423726839304","26.0116423839903","26.8345214421592","27.3827292384817","28.5650680792957"
"52","CCMD18872694ST.21.0","CCMD39157124ST.11.0","CCMD18579000ST.11.0","MMPU72854103ST","CCMD35801800ST.11.0","CCMD85661207ST.11.0","CCMD67373733ST.11.0","CCMD10032470ST.11.0","CCMD99929634ST.11.0","26.1871221220908","27.0797406457133","28.510423187124","28.6807849374559","28.8159967956672","29.082204571062","29.2879779627034","30.0538929855984","CCMD71242853ST.11.0","CCMD63399960ST.21.0","CCMD95433940ST.21.0","CCMD25963797ST.21.0","CCMD86707194ST.21.0","CCMD59583015ST.11.0","CCMD90311071ST.21.0","14.7885064037887","27.4860551560478","27.8029461285562","28.9345121307359","29.2093091108708","29.2363471312526","29.4869215767109"
"53","CCMD19497912ST.21.0","CCMD41202658ST.11.0","CCMD53522274ST.11.0","CCMD50300306ST.11.0","CCMD54057834ST.11.0","MMPU29365221ST","CCMD89967135ST.11.0","CCMD29706695ST.11.0","CCMD31009081ST.11.0","21.2971010113654","24.8236880940061","25.3143868041357","25.4153909165195","25.6979647147065","25.790623544269","26.0267464113976","27.5406088953658","CCMD50071957ST.21.0","CCMD63399960ST.21.0","CCMD34381688ST.21.0","CCMD49461418ST.11.0","CCMD46222674ST.21.0","CCMD52145360ST.11.0","CCMD82866709ST.21.0","24.9800630027108","25.9155538290136","25.9835879956868","27.7776201507221","28.093357481136","28.6682191883539","28.8952309689817"
"54","CCMD21593359ST.11.0","CCMD54057834ST.11.0","CCMD56948710ST.11.0","CCMD59540613ST.11.0","CCMD89967135ST.11.0","CCMD18579000ST.11.0","CCMD35801800ST.11.0","CCMD31009081ST.11.0","CCMD41202658ST.11.0","29.9314062991768","34.116479652684","34.9841560414382","36.1579978970034","36.1877719969246","36.8044699523971","36.807007268815","36.8379030614882","CCMD11006829ST.21.0","CCMD50071957ST.21.0","CCMD63399960ST.21.0","CCMD82866709ST.21.0","CCMD46222674ST.21.0","CCMD35802077ST.21.0","CCMD90311071ST.21.0","22.1778188760527","29.4527405798323","33.6556456567245","34.7254865693701","35.5037051313521","35.5414751523442","35.6747829655851"
"55","CCMD23101338ST.21.0","CCMD23541216ST.11.0","CCMD32965613ST.11.0","CCMD39882286ST.11.0","CCMD56948710ST.11.0","CCMD18579000ST.11.0","CCMD54057834ST.11.0","CCMD85661207ST.11.0","MMPU99077057ST","17.8604737629521","22.1081480262685","22.5174412815066","35.7035506626232","36.9754731868289","37.9100309238109","38.5165188573669","39.043632467551","CCMD87156761ST.21.0","CCMD63399960ST.21.0","CCMD13934959ST.21.0","CCMD49461418ST.11.0","CCMD52145360ST.11.0","CCMD46222674ST.21.0","CCMD95433940ST.21.0","21.5231210173107","36.8507270017499","37.8223328293378","38.2687985230945","38.3554637240003","38.7444011277514","38.745661168265"
"56","CCMD25511638ST.21.0","CCMD53508245ST.11.0","CCMD49025643ST.11.0","CCMD89967135ST.11.0","CCMD54057834ST.11.0","CCMD18579000ST.11.0","CCMD27867141ST.11.0","CCMD66848156ST.11.0","CCMD56948710ST.11.0","25.2430696357713","26.4086790386892","26.8167678460436","28.0262868483269","29.0396914281006","29.1046223750198","29.9668156135783","30.1274547365107","CCMD98531134ST.11.0","CCMD52145360ST.11.0","CCMD64503764ST.21.0","CCMD64776337ST.21.0","CCMD12232071ST.21.0","CCMD46222674ST.21.0","CCMD11006829ST.21.0","24.196684092931","24.9954220280855","26.8034390708208","28.0008715047336","28.0832781728807","28.1858538210376","28.201593669417"
"57","CCMD26709089ST.21.0","MMPU72854103ST","CCMD17410933ST.11.0","CCMD45812507ST.11.0","CCMD38158721ST.11.0","CCMD18829815ST.11.0","CCMD98702133ST.11.0","CCMD74592084ST.11.0","CCMD99929634ST.11.0","22.4062401559209","22.9770122351036","26.0629841731353","26.4115371740931","27.1443198274851","27.980725939364","28.5203477339776","29.4961428921223","CCMD95433940ST.21.0","CCMD51864103ST.21.0","CCMD93344354ST.21.0","CCMD59583015ST.11.0","CCMD13934959ST.21.0","CCMD13071240ST.21.0","CCMD49461418ST.11.0","23.9619984099511","27.1841204161363","27.2150257881634","27.2524493810813","30.8069160362783","32.8995817142893","33.0529932824835"
"58","CCMD26925580ST.21.0","CCMD76409700ST.11.0","CCMD56948710ST.11.0","CCMD93755960ST.11.0","MMPU68403337ST","MMPU99077057ST","CCMD99440714ST.11.0","CCMD18579000ST.11.0","CCMD85661207ST.11.0","22.6111569257944","23.0070746143637","24.2309720229441","24.2379601539734","24.7293282386481","25.6813907944585","25.8117088655614","27.2623911544696","CCMD82866709ST.21.0","CCMD79349503ST.11.0","CCMD50071957ST.21.0","CCMD72895164ST.21.0","CCMD35802077ST.21.0","CCMD46222674ST.21.0","CCMD63399960ST.21.0","19.7384956374289","19.9066019534349","22.527099097709","26.5559691167523","26.8980772787462","27.0595574249672","27.2249891049473"
"59","CCMD27463710ST.11.0","CCMD27867141ST.11.0","CCMD45004878ST.11.0","CCMD66848156ST.11.0","CCMD73128545ST.11.0","CCMD49025643ST.11.0","CCMD68973846ST.11.0","CCMD31009081ST.11.0","CCMD18579000ST.11.0","20.1739878731598","23.6563559810783","25.9064108030676","28.1895123101199","29.2535534173611","29.7878557097888","29.8696235230443","32.8115181444565","CCMD42428553ST.21.0","CCMD45988061ST.21.0","CCMD21703880ST.11.0","CCMD72690923ST.11.0","CCMD65222621ST.11.0","CCMD86114146ST.21.0","CCMD46947453ST.21.0","13.1193924409212","13.2273022075516","14.4369577574502","23.04772683374","26.7574955011376","29.2284385831642","31.0043711646793"
"60","CCMD34381688ST.21.0","CCMD35081859ST.11.0","CCMD10032470ST.11.0","CCMD99440714ST.11.0","CCMD93755960ST.11.0","CCMD50529145ST.11.0","CCMD51154251ST.11.0","MMPU99077057ST","MMPU72854103ST","23.6999397836155","26.265906517263","26.6976901144181","27.4673297297371","27.7295310433119","27.7751076342883","28.8486545952043","30.5344283343196","CCMD76222476ST.11.0","CCMD19497912ST.21.0","CCMD49461418ST.11.0","CCMD95431029ST.11.0","CCMD93344354ST.21.0","CCMD89306485ST.11.0","CCMD86707194ST.21.0","25.622290757483","25.9835879956868","27.1890814696083","28.4674134511919","30.3539644196948","31.2175236073299","31.9013658890493"
"61","CCMD35802077ST.21.0","CCMD56948710ST.11.0","CCMD53508245ST.11.0","CCMD37575804ST.11.0","CCMD32288175ST.11.0","CCMD89967135ST.11.0","CCMD31009081ST.11.0","CCMD66848156ST.11.0","CCMD38158721ST.11.0","15.7835449451224","18.9668538731546","19.7912448235552","20.5415451011481","22.6010344744129","23.3996856306212","23.7607044581342","23.8523543136228","CCMD46222674ST.21.0","CCMD12232071ST.21.0","CCMD52145360ST.11.0","CCMD72895164ST.21.0","CCMD86114146ST.21.0","CCMD50071957ST.21.0","CCMD82866709ST.21.0","18.2469347850509","20.7126082521782","21.1291982941166","21.2313657913404","22.3689685864972","23.5974712508989","24.0817453541474"
"62","CCMD40701343ST.21.0","CCMD54057834ST.11.0","CCMD56948710ST.11.0","CCMD35801800ST.11.0","CCMD99440714ST.11.0","CCMD59540613ST.11.0","MMPU84450604ST","CCMD85661207ST.11.0","CCMD89967135ST.11.0","28.8191576387114","29.3709462956286","30.2308764177157","30.9481650491802","32.0655944209958","34.5097330158855","34.628397501659","34.63413677077","CCMD90311071ST.21.0","CCMD50071957ST.21.0","CCMD95433940ST.21.0","CCMD63399960ST.21.0","CCMD11006829ST.21.0","CCMD64503764ST.21.0","CCMD35802077ST.21.0","28.7794684085113","29.0786315457588","29.8719569142633","30.8877851812379","31.7102739492786","31.9133789297937","33.2474773403276"
"63","CCMD42428553ST.21.0","CCMD27867141ST.11.0","CCMD45004878ST.11.0","CCMD66848156ST.11.0","CCMD31009081ST.11.0","CCMD73128545ST.11.0","CCMD49025643ST.11.0","CCMD68973846ST.11.0","CCMD18579000ST.11.0","17.1879148744023","20.4130815827204","22.5503527102394","24.5909183666267","25.1370538979511","26.6557810412057","26.7647206875786","27.5644529717188","CCMD27463710ST.11.0","CCMD45988061ST.21.0","CCMD21703880ST.11.0","CCMD65222621ST.11.0","CCMD86114146ST.21.0","CCMD72690923ST.11.0","CCMD46947453ST.21.0","13.1193924409212","13.3194075113723","16.8044294390051","19.9210373166585","24.8008171010856","26.8386296666614","28.3992661552706"
"64","CCMD45988061ST.21.0","CCMD27867141ST.11.0","CCMD45004878ST.11.0","CCMD66848156ST.11.0","CCMD73128545ST.11.0","CCMD31009081ST.11.0","CCMD49025643ST.11.0","CCMD68973846ST.11.0","CCMD18579000ST.11.0","17.4916521982487","17.9522228345907","20.3803824061915","23.0949782297689","23.8298550605517","24.7304082074983","26.0896595076919","26.4946596538151","CCMD27463710ST.11.0","CCMD42428553ST.21.0","CCMD21703880ST.11.0","CCMD86114146ST.21.0","CCMD65222621ST.11.0","CCMD46947453ST.21.0","CCMD52145360ST.11.0","13.2273022075516","13.3194075113723","21.1533885631995","22.3565216435764","24.8692053066981","25.166437712972","26.108620877781"
"65","CCMD46222674ST.21.0","CCMD31009081ST.11.0","CCMD89967135ST.11.0","CCMD89107682ST.11.0","CCMD18579000ST.11.0","MMPU84450604ST","CCMD66848156ST.11.0","CCMD85661207ST.11.0","CCMD56948710ST.11.0","17.5455792914455","17.6335176462185","17.9043896934579","18.0503445412269","18.0935620631704","18.1803040787524","19.3925236535785","19.827033503013","CCMD86114146ST.21.0","CCMD35802077ST.21.0","CCMD52145360ST.11.0","CCMD95676152ST.11.0","CCMD63399960ST.21.0","CCMD72895164ST.21.0","CCMD50071957ST.21.0","14.1468978099794","18.2469347850509","18.481423592808","19.3657289131083","20.1987478888321","21.4736633139108","21.9362204319728"
"66","CCMD46947453ST.21.0","CCMD45004878ST.11.0","CCMD66848156ST.11.0","CCMD27867141ST.11.0","CCMD18579000ST.11.0","CCMD31009081ST.11.0","CCMD89967135ST.11.0","CCMD73128545ST.11.0","CCMD85661207ST.11.0","21.7034166609615","21.957029555714","23.0268870664795","23.7554496782023","24.1860719836893","25.6884989367596","26.190495233023","26.283926172663","CCMD52145360ST.11.0","CCMD46222674ST.21.0","CCMD86114146ST.21.0","CCMD45988061ST.21.0","CCMD13934959ST.21.0","CCMD72895164ST.21.0","CCMD95676152ST.11.0","23.0152475001639","23.3748118457069","24.0721530255605","25.166437712972","26.3111590314661","27.1788705584357","27.7745602248388"
"67","CCMD49461418ST.11.0","MMPU99077057ST","CCMD93755960ST.11.0","CCMD10032470ST.11.0","CCMD50529145ST.11.0","CCMD51154251ST.11.0","CCMD18579000ST.11.0","CCMD35081859ST.11.0","CCMD85661207ST.11.0","16.8333178336239","17.9849275933238","18.8928108715141","19.2097614575975","19.8152196337184","20.0405218390515","20.1273032616046","20.2012308662839","CCMD76222476ST.11.0","CCMD86707194ST.21.0","CCMD63399960ST.21.0","CCMD95431029ST.11.0","CCMD95433940ST.21.0","CCMD93344354ST.21.0","CCMD46222674ST.21.0","18.7734391249659","19.5503317430523","19.8074712575962","20.7430376365107","22.1668282657398","22.3181603355362","22.3828402633647"
"68","CCMD50071957ST.21.0","CCMD59540613ST.11.0","CCMD54057834ST.11.0","CCMD99440714ST.11.0","CCMD56948710ST.11.0","CCMD22852639ST.11.0","MMPU84450604ST","CCMD31009081ST.11.0","CCMD89967135ST.11.0","18.8798263432109","19.9432370949778","20.760044070972","21.447893500745","22.1954465300228","22.6358247465848","22.7125392134015","23.0425262686972","CCMD63399960ST.21.0","CCMD90311071ST.21.0","CCMD82866709ST.21.0","CCMD11006829ST.21.0","CCMD46222674ST.21.0","CCMD95433940ST.21.0","CCMD26925580ST.21.0","18.0149576488178","19.4529714085098","20.0826433696613","20.9394957751112","21.9362204319728","22.1675697860771","22.527099097709"
"69","CCMD51864103ST.21.0","MMPU72854103ST","CCMD98702133ST.11.0","CCMD17410933ST.11.0","CCMD99929634ST.11.0","CCMD49942357ST.11.0","CCMD45812507ST.11.0","CCMD85661207ST.11.0","CCMD10032470ST.11.0","16.3729727737635","19.10896159544","19.237568724449","20.7550627264988","22.5366393377695","22.633465739071","23.7802134804799","24.1645532882754","CCMD59583015ST.11.0","CCMD93344354ST.21.0","CCMD13934959ST.21.0","CCMD95433940ST.21.0","CCMD13071240ST.21.0","CCMD86707194ST.21.0","CCMD26709089ST.21.0","17.2531255223336","22.7759406757613","25.1780592318213","25.976480537388","27.0340119192028","27.0972071779418","27.1841204161363"
"70","CCMD52117727ST.11.0","CCMD53508245ST.11.0","CCMD18829815ST.11.0","CCMD56948710ST.11.0","CCMD32288175ST.11.0","CCMD38158721ST.11.0","CCMD35801800ST.11.0","CCMD37575804ST.11.0","CCMD89967135ST.11.0","20.9070236626307","24.3101315481694","25.5872952101644","25.9036549132299","27.4652346767145","27.687459068033","28.5683189766059","28.6282693455892","CCMD72895164ST.21.0","CCMD35802077ST.21.0","CCMD63399960ST.21.0","CCMD64503764ST.21.0","CCMD82866709ST.21.0","CCMD71242853ST.11.0","CCMD11006829ST.21.0","23.3213566537262","26.3740574469079","26.546432812265","28.6556075260323","28.6747873172339","29.3187562961204","29.8837455119987"
"71","CCMD52145360ST.11.0","CCMD66848156ST.11.0","CCMD18579000ST.11.0","CCMD53508245ST.11.0","MMPU99077057ST","CCMD89967135ST.11.0","CCMD50529145ST.11.0","CCMD27867141ST.11.0","CCMD31009081ST.11.0","15.5521655037008","16.4848890656443","18.9632511867164","19.5153354936906","20.5644387880511","21.6826597989154","21.7412425306007","21.808517988277","CCMD46222674ST.21.0","CCMD13934959ST.21.0","CCMD35802077ST.21.0","CCMD72895164ST.21.0","CCMD63399960ST.21.0","CCMD86114146ST.21.0","CCMD49461418ST.11.0","18.481423592808","19.2605218371336","21.1291982941166","21.2716766164353","22.0383346533308","22.4592548922042","22.6348188770332"
"72","CCMD59583015ST.11.0","CCMD45812507ST.11.0","MMPU72854103ST","CCMD17410933ST.11.0","CCMD74592084ST.11.0","CCMD85661207ST.11.0","CCMD98702133ST.11.0","CCMD99929634ST.11.0","CCMD10032470ST.11.0","15.441221098375","16.2726731058483","16.6299159069341","17.3011733114318","18.4964050990564","19.1262712017215","19.2682705892018","19.2912914826172","CCMD51864103ST.21.0","CCMD95433940ST.21.0","CCMD93344354ST.21.0","CCMD13934959ST.21.0","CCMD86707194ST.21.0","CCMD49461418ST.11.0","CCMD63399960ST.21.0","17.2531255223336","22.0344438879609","22.0952292854227","22.3302735521243","23.0173724454921","23.1786647194117","27.112366718352"
"73","CCMD60079086ST.21.0","CCMD31009081ST.11.0","CCMD49025643ST.11.0","CCMD18579000ST.11.0","CCMD59540613ST.11.0","CCMD66848156ST.11.0","CCMD89967135ST.11.0","CCMD54057834ST.11.0","CCMD56948710ST.11.0","24.7025155979467","24.9930083696141","25.6665454970863","25.9699093881727","26.0910195782744","26.2650711366579","26.3192969529659","26.7600825012854","CCMD50071957ST.21.0","CCMD52145360ST.11.0","CCMD46222674ST.21.0","CCMD63399960ST.21.0","CCMD88272491ST.21.0","CCMD35802077ST.21.0","CCMD49461418ST.11.0","23.9626037169148","24.4340727050404","24.6631331824933","24.930919796606","25.041651875731","25.3648282690205","26.8830682691671"
"74","CCMD63399960ST.21.0","CCMD59540613ST.11.0","CCMD35801800ST.11.0","CCMD85661207ST.11.0","CCMD18579000ST.11.0","MMPU99077057ST","CCMD54057834ST.11.0","CCMD41521570ST.11.0","MMPU84450604ST","17.0447372297111","17.0501092206912","17.0610699644659","19.6263166351458","19.6538363867694","19.7993895819644","21.4921262318017","21.6480816187209","CCMD74930188ST.21.0","CCMD50071957ST.21.0","CCMD95433940ST.21.0","CCMD90311071ST.21.0","CCMD49461418ST.11.0","CCMD46222674ST.21.0","CCMD86707194ST.21.0","16.026536716022","18.0149576488178","19.0131564208445","19.7039050184932","19.8074712575962","20.1987478888321","20.3757650443683"
"75","CCMD64503764ST.21.0","CCMD54057834ST.11.0","CCMD89967135ST.11.0","CCMD59540613ST.11.0","CCMD56948710ST.11.0","CCMD53508245ST.11.0","CCMD35801800ST.11.0","CCMD18579000ST.11.0","CCMD46727384ST.11.0","23.5216432937858","25.9986803105888","27.3346976699249","27.7614518107231","27.9982979823596","28.3980582103742","29.1986803137796","30.5707020518028","CCMD11006829ST.21.0","CCMD63399960ST.21.0","CCMD72895164ST.21.0","CCMD25511638ST.21.0","CCMD88272491ST.21.0","CCMD82866709ST.21.0","CCMD50071957ST.21.0","24.9966875399262","25.976311625762","26.4074865784705","26.8034390708208","26.916832909241","27.3672943819004","27.9974525809331"
"76","CCMD65222621ST.11.0","CCMD27867141ST.11.0","CCMD45004878ST.11.0","CCMD66848156ST.11.0","CCMD18579000ST.11.0","CCMD31009081ST.11.0","MMPU68403337ST","CCMD49025643ST.11.0","CCMD73128545ST.11.0","19.7721630030961","24.1748903066694","25.5115914173283","26.1289475609218","26.3596899701229","26.7276072223254","27.2432573220531","27.7673102944956","CCMD42428553ST.21.0","CCMD45988061ST.21.0","CCMD35633353ST.11.0","CCMD27463710ST.11.0","CCMD86114146ST.21.0","CCMD82866709ST.21.0","CCMD95676152ST.11.0","19.9210373166585","24.8692053066981","26.6606627719267","26.7574955011376","27.6550303364216","28.3582122513091","28.7301942438195"
"77","CCMD65406197ST.11.0","CCMD89967135ST.11.0","CCMD49025643ST.11.0","CCMD54057834ST.11.0","CCMD27867141ST.11.0","CCMD18579000ST.11.0","CCMD31009081ST.11.0","CCMD66848156ST.11.0","CCMD46727384ST.11.0","27.7153078395135","27.9040184361733","28.3048814462859","29.3317313606391","29.3808834656465","29.6766925985949","30.2155031000214","30.4303901897938","CCMD88272491ST.21.0","CCMD63399960ST.21.0","CCMD46222674ST.21.0","CCMD52145360ST.11.0","CCMD50071957ST.21.0","CCMD12232071ST.21.0","CCMD13934959ST.21.0","28.5760560204868","28.5869830283383","28.9035968799127","29.0626803477054","29.2248248097812","29.9860533524304","30.1929469535983"
"78","CCMD71242853ST.11.0","CCMD18579000ST.11.0","CCMD93755960ST.11.0","CCMD67373733ST.11.0","CCMD89967135ST.11.0","CCMD99440714ST.11.0","CCMD10032470ST.11.0","CCMD38158721ST.11.0","CCMD39157124ST.11.0","25.6521289168053","26.9781482598973","27.0750894823858","27.5000007817836","28.2212840807643","28.3113881481975","28.675215452378","28.8262776399208","CCMD18872694ST.21.0","CCMD82866709ST.21.0","CCMD63399960ST.21.0","CCMD49461418ST.11.0","CCMD95431029ST.11.0","CCMD72895164ST.21.0","CCMD95433940ST.21.0","14.7885064037887","27.3759786397802","28.2327352031467","28.5710632471125","28.8784347732352","28.8799702289909","29.0257507593809"
"79","CCMD72895164ST.21.0","CCMD18579000ST.11.0","CCMD56948710ST.11.0","CCMD85661207ST.11.0","CCMD73128545ST.11.0","CCMD53508245ST.11.0","CCMD32288175ST.11.0","CCMD38158721ST.11.0","CCMD66848156ST.11.0","16.5920549544232","18.6480093318938","19.6926869945267","19.6967218787188","20.2984332279982","20.3035188203818","20.3935709224476","21.0172323265053","CCMD82866709ST.21.0","CCMD35802077ST.21.0","CCMD52145360ST.11.0","CCMD95433940ST.21.0","CCMD46222674ST.21.0","CCMD13934959ST.21.0","CCMD63399960ST.21.0","19.2183232297175","21.2313657913404","21.2716766164353","21.4611012368308","21.4736633139108","22.2728559773259","22.9225142806499"
"80","CCMD74930188ST.21.0","CCMD35801800ST.11.0","CCMD85661207ST.11.0","MMPU99077057ST","CCMD59540613ST.11.0","CCMD85481373ST.11.0","CCMD54057834ST.11.0","CCMD41521570ST.11.0","CCMD18579000ST.11.0","21.5241266167085","22.9504613816585","23.2241479330308","24.3408729714466","25.5846955187374","25.6616008839199","26.5104179414113","27.0665665394597","CCMD63399960ST.21.0","CCMD49461418ST.11.0","CCMD86707194ST.21.0","CCMD50071957ST.21.0","CCMD90311071ST.21.0","CCMD93344354ST.21.0","CCMD95433940ST.21.0","16.026536716022","23.3680944162056","23.5363123129793","23.762076357665","24.0886824425372","26.3909924249506","26.7839243806934"
"81","CCMD76222476ST.11.0","CCMD35081859ST.11.0","CCMD50529145ST.11.0","MMPU99077057ST","CCMD51154251ST.11.0","CCMD10191450ST.11.0","CCMD93755960ST.11.0","CCMD99440714ST.11.0","CCMD10032470ST.11.0","16.2363051848134","17.0897644226888","20.7478793959286","20.966285681329","21.0009965604016","22.5952559796409","23.2324372942853","23.8592088896845","CCMD49461418ST.11.0","CCMD95431029ST.11.0","CCMD89306485ST.11.0","CCMD34381688ST.21.0","CCMD63399960ST.21.0","CCMD46222674ST.21.0","CCMD86707194ST.21.0","18.7734391249659","20.491458257047","20.9912297044599","25.622290757483","26.1938519386802","26.3973738623959","26.5193849766355"
"82","CCMD79349503ST.11.0","CCMD56948710ST.11.0","CCMD76409700ST.11.0","CCMD18579000ST.11.0","MMPU99077057ST","CCMD93755960ST.11.0","CCMD54057834ST.11.0","CCMD99440714ST.11.0","CCMD38158721ST.11.0","22.8701569593083","23.8864813453175","26.5738641265323","28.0394236098087","28.4718476480611","28.6201076338891","28.7851997937655","28.8628957121024","CCMD26925580ST.21.0","CCMD82866709ST.21.0","CCMD72895164ST.21.0","CCMD50071957ST.21.0","CCMD63399960ST.21.0","CCMD35802077ST.21.0","CCMD46222674ST.21.0","19.9066019534349","22.3650248690785","25.5313474084624","25.9281633447049","28.3803963438004","29.7431484641169","30.074914224945"
"83","CCMD82866709ST.21.0","CCMD18579000ST.11.0","CCMD56948710ST.11.0","CCMD89967135ST.11.0","CCMD54057834ST.11.0","CCMD85661207ST.11.0","MMPU68403337ST","CCMD76409700ST.11.0","CCMD59540613ST.11.0","17.1165580240333","20.2362723050739","21.567939947371","22.2576276985958","22.4111529094712","22.886578659306","22.9212074703254","23.0765172382749","CCMD72895164ST.21.0","CCMD26925580ST.21.0","CCMD50071957ST.21.0","CCMD90311071ST.21.0","CCMD63399960ST.21.0","CCMD46222674ST.21.0","CCMD79349503ST.11.0","19.2183232297175","19.7384956374289","20.0826433696613","22.0009033649735","22.0584796947727","22.110318203547","22.3650248690785"
"84","CCMD86114146ST.21.0","CCMD89107682ST.11.0","CCMD31009081ST.11.0","MMPU84450604ST","CCMD66848156ST.11.0","CCMD89967135ST.11.0","CCMD45004878ST.11.0","CCMD27867141ST.11.0","CCMD51228890ST.11.0","19.7120247166951","20.5322131196128","20.7721737002125","20.8051714801032","20.8955235965912","21.7227585702346","22.0196324091889","22.6479777021548","CCMD46222674ST.21.0","CCMD95676152ST.11.0","CCMD45988061ST.21.0","CCMD35802077ST.21.0","CCMD52145360ST.11.0","CCMD46947453ST.21.0","CCMD42428553ST.21.0","14.1468978099794","17.9876789388681","22.3565216435764","22.3689685864972","22.4592548922042","24.0721530255605","24.8008171010856"
"85","CCMD86707194ST.21.0","CCMD85661207ST.11.0","CCMD41521570ST.11.0","MMPU99077057ST","CCMD10032470ST.11.0","CCMD18579000ST.11.0","CCMD93755960ST.11.0","MMPU72854103ST","MMPU29365221ST","19.8409960947504","20.7828546625385","20.8481282603835","21.7442207167652","21.9262994546025","22.7526896825298","22.9648056101919","23.821567447687","CCMD90311071ST.21.0","CCMD49461418ST.11.0","CCMD63399960ST.21.0","CCMD95433940ST.21.0","CCMD59583015ST.11.0","CCMD74930188ST.21.0","CCMD13934959ST.21.0","17.1205108398056","19.5503317430523","20.3757650443683","22.3528257903112","23.0173724454921","23.5363123129793","23.8876641864499"
"86","CCMD87156761ST.21.0","CCMD32965613ST.11.0","CCMD23541216ST.11.0","CCMD39882286ST.11.0","CCMD56948710ST.11.0","CCMD31009081ST.11.0","CCMD89967135ST.11.0","CCMD41202658ST.11.0","CCMD18579000ST.11.0","20.9311897368401","22.5746332843592","27.1683451142115","32.3220823819274","34.0917438703669","34.4812554967246","34.7149135124214","35.38126668593","CCMD23101338ST.21.0","CCMD19497912ST.21.0","CCMD50071957ST.21.0","CCMD82866709ST.21.0","CCMD46222674ST.21.0","CCMD72895164ST.21.0","CCMD63399960ST.21.0","21.5231210173107","33.1753446221558","35.3636854858427","35.6727875112333","35.8169829889774","35.8417316325997","36.3848221400421"
"87","CCMD88272491ST.21.0","CCMD31009081ST.11.0","CCMD49025643ST.11.0","CCMD54057834ST.11.0","CCMD27867141ST.11.0","CCMD89967135ST.11.0","CCMD66848156ST.11.0","CCMD59540613ST.11.0","CCMD18579000ST.11.0","23.5083306118129","23.9865898687058","26.4357628217439","26.5070464292705","26.9144718558139","27.1948754583359","27.2138143606882","27.3991074214818","CCMD60079086ST.21.0","CCMD50071957ST.21.0","CCMD72895164ST.21.0","CCMD46222674ST.21.0","CCMD64503764ST.21.0","CCMD12232071ST.21.0","CCMD63399960ST.21.0","25.041651875731","25.7283329252791","26.3377572772721","26.6574382755414","26.916832909241","27.1549307824969","27.5423768732784"
"88","CCMD89306485ST.11.0","CCMD50538120ST.11.0","CCMD10191450ST.11.0","CCMD35081859ST.11.0","CCMD51154251ST.11.0","CCMD50529145ST.11.0","CCMD93755960ST.11.0","MMPU99077057ST","CCMD10032470ST.11.0","14.3133644715944","14.7443953938776","19.1303981333113","22.164561209848","23.7662594017233","27.751743152431","28.2767811131501","29.0973487356872","CCMD76222476ST.11.0","CCMD95431029ST.11.0","CCMD49461418ST.11.0","CCMD34381688ST.21.0","CCMD26925580ST.21.0","CCMD86707194ST.21.0","CCMD46222674ST.21.0","20.9912297044599","24.9511826578521","29.1247372462551","31.2175236073299","32.9449590390427","34.8926707595506","36.5314287292093"
"89","CCMD93344354ST.21.0","MMPU72854103ST","CCMD10032470ST.11.0","CCMD85661207ST.11.0","CCMD38158721ST.11.0","CCMD93755960ST.11.0","CCMD99929634ST.11.0","CCMD35801800ST.11.0","CCMD51154251ST.11.0","18.1912073153708","19.9212526625486","21.185422574983","21.3036329137098","21.8420503884182","22.331394483836","23.5160145660463","23.6005674718512","CCMD59583015ST.11.0","CCMD49461418ST.11.0","CCMD51864103ST.21.0","CCMD95433940ST.21.0","CCMD13934959ST.21.0","CCMD63399960ST.21.0","CCMD86707194ST.21.0","22.0952292854227","22.3181603355362","22.7759406757613","23.9120681149519","24.5759073509342","24.6482328271014","24.8821943753259"
"90","CCMD95431029ST.11.0","CCMD35081859ST.11.0","CCMD51154251ST.11.0","MMPU68403337ST","CCMD93755960ST.11.0","CCMD50529145ST.11.0","MMPU99077057ST","CCMD10032470ST.11.0","CCMD10191450ST.11.0","15.6080020935641","19.0964866328652","19.2401991588991","20.8716249408809","21.2320631282054","21.7033960642914","23.0956319420816","23.9769466395306","CCMD76222476ST.11.0","CCMD49461418ST.11.0","CCMD89306485ST.11.0","CCMD86707194ST.21.0","CCMD93344354ST.21.0","CCMD63399960ST.21.0","CCMD82866709ST.21.0","20.491458257047","20.7430376365107","24.9511826578521","26.1922551812611","27.3075474157164","27.5396337164821","27.7643747270941"
"91","CCMD95433940ST.21.0","CCMD85661207ST.11.0","CCMD18579000ST.11.0","CCMD35801800ST.11.0","CCMD74592084ST.11.0","CCMD10032470ST.11.0","CCMD59540613ST.11.0","CCMD38158721ST.11.0","MMPU99077057ST","15.3070145676059","19.4538876421424","20.271845258777","20.2790369583297","20.4122781729184","21.1012054084595","21.2528153483533","21.2986077487943","CCMD63399960ST.21.0","CCMD90311071ST.21.0","CCMD13934959ST.21.0","CCMD72895164ST.21.0","CCMD59583015ST.11.0","CCMD49461418ST.11.0","CCMD50071957ST.21.0","19.0131564208445","19.8746909857864","21.2088876146251","21.4611012368308","22.0344438879609","22.1668282657398","22.1675697860771"
"92","CCMD95676152ST.11.0","MMPU84450604ST","CCMD31009081ST.11.0","CCMD89967135ST.11.0","CCMD89107682ST.11.0","CCMD22852639ST.11.0","CCMD66848156ST.11.0","CCMD49025643ST.11.0","CCMD18579000ST.11.0","21.1395407166523","21.6050847546544","22.7462721508712","23.4790205502913","23.9280900970428","24.6994615207154","24.718792814994","25.0812553642436","CCMD86114146ST.21.0","CCMD46222674ST.21.0","CCMD35802077ST.21.0","CCMD50071957ST.21.0","CCMD82866709ST.21.0","CCMD72895164ST.21.0","CCMD52145360ST.11.0","17.9876789388681","19.3657289131083","24.6569850042924","25.2745373085226","25.513580584961","26.0614718551697","27.1741722207209"
"93","CCMD98531134ST.11.0","CCMD37575804ST.11.0","CCMD53508245ST.11.0","CCMD89107682ST.11.0","CCMD89967135ST.11.0","CCMD54057834ST.11.0","CCMD49025643ST.11.0","CCMD18579000ST.11.0","CCMD56948710ST.11.0","24.3510646680797","24.6979404721305","26.6791888102019","27.6743751994675","30.1267485608554","30.5114495478238","30.8807322100756","31.3656620244145","CCMD25511638ST.21.0","CCMD13934959ST.21.0","CCMD52145360ST.11.0","CCMD46222674ST.21.0","CCMD64776337ST.21.0","CCMD63399960ST.21.0","CCMD86114146ST.21.0","24.196684092931","26.7396004274765","27.8860504899098","27.9330854341943","28.635170652851","28.983194516164","29.0383928374798"
