"Increasing.Rank.Min","Decreasing.Rank.Min","Increasing.Rank.Max","Decreasing.Rank.Max","Increasing.Rank.Average","Decreasing.Rank.Average","Decre.maxRank.P","Decre.aveRank.P","Decre.minRank.P","Species","Decre.minRank.P.FDR","Decre.maxRank.P.FDR","Decre.aveRank.P.FDR"
9960,33,9969,42,9964.5,37.5,0.0041995800419958,0.00374962503749625,0.0032996700329967,"Erysipelotrichaceae_bacterium_21_3",0.00587243255872433,1,0.63896958360701
9916,1,10001,86,9958.5,43.5,0.0085991400859914,0.00434956504349565,9.99900009999e-05,"Gemella_morbillorum",0.000178394071262849,1,0.63896958360701
9910,1,10001,92,9955.5,46.5,0.0091990800919908,0.00464953504649535,9.99900009999e-05,"Fusobacterium_nucleatum",0.000178394071262849,1,0.63896958360701
9920,67,9935,82,9927.5,74.5,0.0081991800819918,0.00744925507449255,0.0066993300669933,"Granulicatella_adiacens",0.0118933785633782,1,0.63896958360701
9894,93,9909,108,9901.5,100.5,0.0107989201079892,0.01004899510049,0.0092990700929907,"Anaerotruncus_unclassified",0.0164275955696814,1,0.63896958360701
9889,91,9911,113,9900,102,0.0112988701129887,0.0101989801019898,0.0090990900909909,"Alistipes_indistinctus",0.0161139058507942,1,0.63896958360701
9883,101,9901,119,9892,110,0.0118988101189881,0.010998900109989,0.0100989901009899,"Bacteroides_fragilis",0.0177969948103229,1,0.63896958360701
9856,125,9877,146,9866.5,135.5,0.0145985401459854,0.0135486451354865,0.0124987501249875,"Clostridium_symbiosum",0.0219721304153203,1,0.63896958360701
9843,134,9868,159,9855.5,146.5,0.0158984101589841,0.0146485351464854,0.0133986601339866,"Akkermansia_muciniphila",0.0234966747227716,1,0.63896958360701
9801,175,9827,201,9814,188,0.0200979902009799,0.0187981201879812,0.0174982501749825,"Solobacterium_moorei",0.0306112941017334,1,0.63896958360701
9794,178,9824,208,9809,193,0.0207979202079792,0.0192980701929807,0.0177982201779822,"Coprobacillus_unclassified",0.0310604861843913,1,0.63896958360701
9772,184,9818,230,9795,207,0.022997700229977,0.0206979302069793,0.0183981601839816,"Parvimonas_unclassified",0.0320297268094014,1,0.63896958360701
9466,1,10001,536,9733.5,268.5,0.0535946405359464,0.0268473152684732,9.99900009999e-05,"Megasphaera_micronuciformis",0.000178394071262849,1,0.63896958360701
9698,235,9767,304,9732.5,269.5,0.0303969603039696,0.0269473052694731,0.0234976502349765,"Clostridium_clostridioforme",0.040710386792646,1,0.63896958360701
9697,266,9736,305,9716.5,285.5,0.0304969503049695,0.0285471452854715,0.0265973402659734,"Clostridium_bolteae",0.0459699222385454,1,0.63896958360701
9681,285,9717,321,9699,303,0.0320967903209679,0.0302969703029697,0.0284971502849715,"Parabacteroides_distasonis",0.0490178254901783,1,0.63896958360701
9615,278,9724,387,9669.5,332.5,0.0386961303869613,0.0332466753324668,0.0277972202779722,"Parabacteroides_goldsteinii",0.0479285404792854,1,0.63896958360701
9625,328,9674,377,9649.5,352.5,0.0376962303769623,0.0352464753524648,0.0327967203279672,"Clostridiales_bacterium_1_7_47FAA",0.0562788589876096,1,0.63896958360701
9480,225,9777,522,9628.5,373.5,0.0521947805219478,0.0373462653734627,0.0224977502249775,"Bacteroides_salyersiae",0.0390721797385479,1,0.63896958360701
9528,370,9632,474,9580,422,0.0473952604739526,0.0421957804219578,0.036996300369963,"Bacteroides_nordii",0.0630339809620934,1,0.63896958360701
9157,1,10001,845,9579,423,0.0844915508449155,0.0422957704229577,9.99900009999e-05,"Prevotella_bivia",0.000178394071262849,1,0.63896958360701
9548,394,9608,454,9578,424,0.0453954604539546,0.0423957604239576,0.0393960603939606,"Bilophila_unclassified",0.0668060552435323,1,0.63896958360701
9149,1,10001,853,9575,427,0.0852914708529147,0.0426957304269573,9.99900009999e-05,"Fusobacterium_periodonticum",0.000178394071262849,1,0.63896958360701
9535,408,9594,467,9564.5,437.5,0.0466953304669533,0.0437456254374563,0.0407959204079592,"Clostridium_citroniae",0.0688550863223537,1,0.63896958360701
9526,401,9601,476,9563.5,438.5,0.0475952404759524,0.0438456154384562,0.0400959904009599,"Peptostreptococcaceae_noname_unclassified",0.0678329814077416,1,0.63896958360701
9122,1,10001,880,9561.5,440.5,0.087991200879912,0.044045595440456,9.99900009999e-05,"Peptostreptococcus_anaerobius",0.000178394071262849,1,0.63896958360701
9486,387,9615,516,9550.5,451.5,0.0515948405159484,0.0451454854514549,0.0386961303869613,"Peptostreptococcus_stomatis",0.0657742736364661,1,0.63896958360701
9517,435,9567,485,9542,460,0.0484951504849515,0.045995400459954,0.0434956504349565,"Flavonifractor_plautii",0.0732397486246692,1,0.63896958360701
9517,446,9556,485,9536.5,465.5,0.0484951504849515,0.0465453454654535,0.0445955404459554,"Bacteroides_dorei",0.0749163401416868,1,0.63896958360701
9359,346,9656,643,9507.5,494.5,0.0642935706429357,0.0494450554944506,0.0345965403459654,"Aggregatibacter_unclassified",0.0592259821636884,1,0.63896958360701
9318,348,9654,684,9486,516,0.0683931606839316,0.0515948405159484,0.0347965203479652,"Parvimonas_micra",0.0594268364137458,1,0.63896958360701
9291,473,9529,711,9410,592,0.0710928907109289,0.0591940805919408,0.0472952704729527,"Bacteroides_coprocola",0.0792664323311259,1,0.63896958360701
9345,584,9418,657,9381.5,620.5,0.0656934306569343,0.062043795620438,0.0583941605839416,"Veillonella_parvula",0.0974139245008214,1,0.63896958360701
9282,610,9392,720,9337,665,0.071992800719928,0.0664933506649335,0.060993900609939,"Alistipes_sp_AP11",0.101280864985095,1,0.63896958360701
9302,632,9370,700,9336,666,0.06999300069993,0.0665933406659334,0.0631936806319368,"Ruminococcus_gnavus",0.103973126714788,1,0.63896958360701
9246,612,9390,756,9318,684,0.0755924407559244,0.0683931606839316,0.0611938806119388,"Sutterella_wadsworthensis",0.101378802211945,1,0.63896958360701
9289,659,9343,713,9316,686,0.0712928707129287,0.0685931406859314,0.0658934106589341,"Eggerthella_unclassified",0.107921098550737,1,0.63896958360701
9253,669,9333,749,9293,709,0.0748925107489251,0.0708929107089291,0.0668933106689331,"Eggerthella_lenta",0.109309750843097,1,0.63896958360701
8538,1,10001,1464,9269.5,732.5,0.146385361463854,0.0732426757324268,9.99900009999e-05,"Clostridium_hylemonae",0.000178394071262849,1,0.63896958360701
8535,1,10001,1467,9268,734,0.146685331466853,0.0733926607339266,9.99900009999e-05,"Prevotella_oris",0.000178394071262849,1,0.63896958360701
8519,1,10001,1483,9260,742,0.148285171482852,0.0741925807419258,9.99900009999e-05,"Scardovia_wiggsiae",0.000178394071262849,1,0.63896958360701
9044,528,9474,958,9259,743,0.0957904209579042,0.0742925707429257,0.0527947205279472,"Rothia_unclassified",0.088277683859521,1,0.63896958360701
9137,623,9379,865,9258,744,0.0864913508649135,0.0743925607439256,0.0622937706229377,"Actinomyces_graevenitzii",0.102963726615844,1,0.63896958360701
9215,714,9288,787,9251.5,750.5,0.0786921307869213,0.075042495750425,0.0713928607139286,"Granulicatella_unclassified",0.115872385673397,1,0.63896958360701
8502,1,10001,1500,9251.5,750.5,0.14998500149985,0.075042495750425,9.99900009999e-05,"Prevotella_intermedia",0.000178394071262849,1,0.63896958360701
8494,1,10001,1508,9247.5,754.5,0.150784921507849,0.0754424557544246,9.99900009999e-05,"Porphyromonas_asaccharolytica",0.000178394071262849,1,0.63896958360701
8490,1,10001,1512,9245.5,756.5,0.151184881511849,0.0756424357564244,9.99900009999e-05,"Pseudomonas_aeruginosa",0.000178394071262849,1,0.63896958360701
9219,734,9268,783,9243.5,758.5,0.0782921707829217,0.0758424157584242,0.0733926607339266,"Veillonella_dispar",0.118582748466726,1,0.63896958360701
8485,1,10001,1517,9243,759,0.151684831516848,0.0758924107589241,9.99900009999e-05,"Dialister_succinatiphilus",0.000178394071262849,1,0.63896958360701
8483,1,10001,1519,9242,760,0.151884811518848,0.075992400759924,9.99900009999e-05,"Campylobacter_concisus",0.000178394071262849,1,0.63896958360701
9176,705,9297,826,9236.5,765.5,0.0825917408259174,0.0765423457654235,0.0704929507049295,"Desulfovibrio_desulfuricans",0.114670659630869,1,0.63896958360701
8430,1,10001,1572,9215.5,786.5,0.157184281571843,0.0786421357864214,9.99900009999e-05,"Porphyromonas_somerae",0.000178394071262849,1,0.63896958360701
9088,718,9284,914,9186,816,0.0913908609139086,0.0815918408159184,0.0717928207179282,"Clostridium_innocuum",0.11625909481124,1,0.63896958360701
9104,797,9205,898,9154.5,847.5,0.0897910208979102,0.0847415258474153,0.0796920307969203,"Veillonella_atypica",0.128472130365439,1,0.63896958360701
9112,819,9183,890,9147.5,854.5,0.088991100889911,0.0854414558544146,0.0818918108189181,"Bacteroides_thetaiotaomicron",0.131723069303808,1,0.63896958360701
9073,845,9157,929,9115,887,0.0928907109289071,0.0886911308869113,0.0844915508449155,"Lachnospiraceae_bacterium_2_1_58FAA",0.135601395217621,1,0.63896958360701
8812,647,9355,1190,9083.5,918.5,0.118988101189881,0.0918408159184082,0.0646935306469353,"Pseudomonas_unclassified",0.106197827705814,1,0.63896958360701
9010,898,9104,992,9057,945,0.0991900809919008,0.0944905509449055,0.0897910208979102,"Erysipelotrichaceae_bacterium_2_2_44A",0.143785621437856,1,0.63896958360701
8499,600,9402,1503,8950.5,1051.5,0.15028497150285,0.105139486051395,0.05999400059994,"Streptococcus_tigurinus",0.0998511259985113,1,0.63896958360701
8516,632,9370,1486,8943,1059,0.148585141485851,0.105889411058894,0.0631936806319368,"Lactobacillus_rhamnosus",0.103973126714788,1,0.63896958360701
8883,1044,8958,1119,8920.5,1081.5,0.111888811118888,0.108139186081392,0.104389561043896,"Odoribacter_splanchnicus",0.166791320867913,1,0.63896958360701
8464,683,9319,1538,8891.5,1110.5,0.153784621537846,0.111038896110389,0.0682931706829317,"Alloprevotella_unclassified",0.111344194378748,1,0.63896958360701
8703,1047,8955,1299,8829,1173,0.12988701129887,0.117288271172883,0.104689531046895,"Rothia_dentocariosa",0.166899718010461,1,0.63896958360701
8696,1078,8924,1306,8810,1192,0.130586941305869,0.119188081191881,0.107789221077892,"Streptococcus_intermedius",0.171461172466824,1,0.63896958360701
7388,1,10001,2614,8694.5,1307.5,0.261373862613739,0.130736926307369,9.99900009999e-05,"Porphyromonas_uenonis",0.000178394071262849,1,0.63896958360701
7375,1,10001,2627,8688,1314,0.262673732626737,0.131386861313869,9.99900009999e-05,"Aeromonas_unclassified",0.000178394071262849,1,0.63896958360701
7354,1,10001,2648,8677.5,1324.5,0.264773522647735,0.132436756324368,9.99900009999e-05,"Morganella_morganii",0.000178394071262849,1,0.63896958360701
7342,1,10001,2660,8671.5,1330.5,0.265973402659734,0.133036696330367,9.99900009999e-05,"Corynebacterium_durum",0.000178394071262849,1,0.63896958360701
7337,1,10001,2665,8669,1333,0.266473352664734,0.133286671332867,9.99900009999e-05,"Leuconostoc_unclassified",0.000178394071262849,1,0.63896958360701
7337,1,10001,2665,8669,1333,0.266473352664734,0.133286671332867,9.99900009999e-05,"Treponema_socranskii",0.000178394071262849,1,0.63896958360701
8461,1126,8876,1541,8668.5,1333.5,0.154084591540846,0.133336666333367,0.112588741125887,"Lachnospiraceae_bacterium_5_1_57FAA",0.178306838919632,1,0.63896958360701
7334,1,10001,2668,8667.5,1334.5,0.266773322667733,0.133436656334367,9.99900009999e-05,"Streptococcus_pasteurianus",0.000178394071262849,1,0.63896958360701
7333,1,10001,2669,8667,1335,0.266873312668733,0.133486651334867,9.99900009999e-05,"Streptococcus_agalactiae",0.000178394071262849,1,0.63896958360701
7314,1,10001,2688,8657.5,1344.5,0.268773122687731,0.134436556344366,9.99900009999e-05,"Campylobacter_ureolyticus",0.000178394071262849,1,0.63896958360701
7306,1,10001,2696,8653.5,1348.5,0.26957304269573,0.134836516348365,9.99900009999e-05,"Haemophilus_haemolyticus",0.000178394071262849,1,0.63896958360701
7304,1,10001,2698,8652.5,1349.5,0.26977302269773,0.134936506349365,9.99900009999e-05,"Campylobacter_gracilis",0.000178394071262849,1,0.63896958360701
7294,1,10001,2708,8647.5,1354.5,0.270772922707729,0.135436456354365,9.99900009999e-05,"Stenotrophomonas_maltophilia",0.000178394071262849,1,0.63896958360701
7292,1,10001,2710,8646.5,1355.5,0.270972902709729,0.135536446355364,9.99900009999e-05,"Actinomyces_turicensis",0.000178394071262849,1,0.63896958360701
7291,1,10001,2711,8646,1356,0.271072892710729,0.135586441355864,9.99900009999e-05,"Eikenella_corrodens",0.000178394071262849,1,0.63896958360701
7287,1,10001,2715,8644,1358,0.271472852714729,0.135786421357864,9.99900009999e-05,"Porphyromonas_endodontalis",0.000178394071262849,1,0.63896958360701
8555,1275,8727,1447,8641,1361,0.144685531446855,0.136086391360864,0.127487251274873,"Peptostreptococcus_unclassified",0.197976962562923,1,0.63896958360701
7264,1,10001,2738,8632.5,1369.5,0.273772622737726,0.136936306369363,9.99900009999e-05,"Prevotella_timonensis",0.000178394071262849,1,0.63896958360701
8413,1163,8839,1589,8626,1376,0.158884111588841,0.137586241375862,0.116288371162884,"Lactobacillus_gasseri",0.182557508441296,1,0.63896958360701
7205,1,10001,2797,8603,1399,0.27967203279672,0.13988601139886,9.99900009999e-05,"Selenomonas_sputigena",0.000178394071262849,1,0.63896958360701
8476,1295,8707,1526,8591.5,1410.5,0.152584741525847,0.141035896410359,0.129487051294871,"Subdoligranulum_sp_4_3_54A2FAA",0.20064911612287,1,0.63896958360701
8370,1192,8810,1632,8590,1412,0.163183681631837,0.141185881411859,0.119188081191881,"Actinomyces_viscosus",0.185489676140611,1,0.63896958360701
8483,1386,8616,1519,8549.5,1452.5,0.151884811518848,0.145235476452355,0.138586141385861,"Atopobium_parvulum",0.214286958400934,1,0.63896958360701
8477,1428,8574,1525,8525.5,1476.5,0.152484751524848,0.147635236476352,0.142785721427857,"Lachnospiraceae_bacterium_3_1_57FAA_CT1",0.220306724692338,1,0.63896958360701
8010,1140,8862,1992,8436,1566,0.199180081991801,0.156584341565843,0.113988601139886,"Butyricimonas_synergistica",0.180125313508037,1,0.63896958360701
8355,1532,8470,1647,8412.5,1589.5,0.164683531646835,0.158934106589341,0.153184681531847,"Bacteroides_caccae",0.235648657356487,1,0.63896958360701
7915,1145,8857,2087,8386,1616,0.208679132086791,0.161583841615838,0.114488551144886,"Leptotrichia_unclassified",0.180125313508037,1,0.63896958360701
8334,1573,8429,1668,8381.5,1620.5,0.166783321667833,0.162033796620338,0.157284271572843,"Clostridium_hathewayi",0.241124501622332,1,0.63896958360701
8322,1582,8420,1680,8371,1631,0.167983201679832,0.163083691630837,0.158184181581842,"Alistipes_putredinis",0.241988141611371,1,0.63896958360701
8250,1630,8372,1752,8311,1691,0.175182481751825,0.169083091690831,0.162983701629837,"Anaerotruncus_colihominis",0.248273901423417,1,0.63896958360701
8233,1625,8377,1769,8305,1697,0.176882311768823,0.16968303169683,0.162483751624838,"Veillonella_unclassified",0.248037828913499,1,0.63896958360701
8165,1721,8281,1837,8223,1779,0.183681631836816,0.177882211778822,0.172082791720828,"Oscillibacter_unclassified",0.261483556285722,1,0.63896958360701
8154,1724,8278,1848,8216,1786,0.184781521847815,0.178582141785821,0.172382761723828,"Escherichia_coli",0.261483556285722,1,0.63896958360701
7341,1113,8889,2661,8115,1887,0.266073392660734,0.188681131886811,0.111288871112889,"Anaerostipes_unclassified",0.176637303157101,1,0.63896958360701
7357,1145,8857,2645,8107,1895,0.264473552644736,0.189481051894811,0.114488551144886,"Enterococcus_avium",0.180125313508037,1,0.63896958360701
7717,1534,8468,2285,8092.5,1909.5,0.228477152284772,0.190930906909309,0.153384661533847,"Abiotrophia_defectiva",0.235648657356487,1,0.63896958360701
7340,1182,8820,2662,8080,1922,0.266173382661734,0.192180781921808,0.118188181181882,"Clostridium_sp_ATCC_BAA_442",0.18433254288454,1,0.63896958360701
7322,1180,8822,2680,8072,1930,0.267973202679732,0.192980701929807,0.117988201179882,"Lactobacillus_sakei",0.18433254288454,1,0.63896958360701
7994,1855,8147,2008,8070.5,1931.5,0.200779922007799,0.193130686931307,0.185481451854815,"Faecalibacterium_prausnitzii",0.278415790988751,1,0.63896958360701
7309,1179,8823,2693,8066,1936,0.269273072692731,0.193580641935806,0.117888211178882,"Acidaminococcus_intestini",0.18433254288454,1,0.63896958360701
7939,1904,8098,2063,8018.5,1983.5,0.206279372062794,0.198330166983302,0.19038096190381,"Gordonibacter_pamelaeae",0.285174815851748,1,0.63896958360701
7790,2071,7931,2212,7860.5,2141.5,0.221177882211779,0.214128587141286,0.207079292070793,"Bilophila_wadsworthia",0.308260892337267,1,0.63896958360701
7693,2163,7839,2309,7766,2236,0.230876912308769,0.223577642235776,0.216278372162784,"Bacteroides_stercoris",0.320627112546477,1,0.63896958360701
7590,2071,7931,2412,7760.5,2241.5,0.241175882411759,0.224127587241276,0.207079292070793,"Clostridium_scindens",0.308260892337267,1,0.63896958360701
7682,2198,7804,2320,7743,2259,0.231976802319768,0.225877412258774,0.21977802219778,"Ruminococcus_torques",0.325144851769967,1,0.63896958360701
7618,2222,7780,2384,7699,2303,0.238376162383762,0.23027697230277,0.222177782221778,"Rothia_mucilaginosa",0.327348002904628,1,0.63896958360701
7611,2216,7786,2391,7698.5,2303.5,0.239076092390761,0.23032696730327,0.221577842215778,"Actinomyces_odontolyticus",0.32713443234732,1,0.63896958360701
7284,2019,7983,2718,7633.5,2368.5,0.271772822717728,0.236826317368263,0.201879812018798,"Lachnospiraceae_bacterium_1_4_56FAA",0.301770446655958,1,0.63896958360701
5108,1,10001,4894,7554.5,2447.5,0.489351064893511,0.244725527447255,9.99900009999e-05,"Streptococcus_gallolyticus",0.000178394071262849,1,0.63896958360701
5098,1,10001,4904,7549.5,2452.5,0.49035096490351,0.245225477452255,9.99900009999e-05,"Prevotella_buccae",0.000178394071262849,1,0.63896958360701
5089,1,10001,4913,7545,2457,0.491250874912509,0.245675432456754,9.99900009999e-05,"Aggregatibacter_aphrophilus",0.000178394071262849,1,0.63896958360701
5083,1,10001,4919,7542,2460,0.491850814918508,0.245975402459754,9.99900009999e-05,"Alloprevotella_rava",0.000178394071262849,1,0.63896958360701
5082,1,10001,4920,7541.5,2460.5,0.491950804919508,0.246025397460254,9.99900009999e-05,"Peptoniphilus_duerdenii",0.000178394071262849,1,0.63896958360701
5080,1,10001,4922,7540.5,2461.5,0.492150784921508,0.246125387461254,9.99900009999e-05,"Anaerococcus_vaginalis",0.000178394071262849,1,0.63896958360701
5076,1,10001,4926,7538.5,2463.5,0.492550744925507,0.246325367463254,9.99900009999e-05,"Streptococcus_macedonicus",0.000178394071262849,1,0.63896958360701
5075,1,10001,4927,7538,2464,0.492650734926507,0.246375362463754,9.99900009999e-05,"Fusobacterium_gonidiaformans",0.000178394071262849,1,0.63896958360701
5070,1,10001,4932,7535.5,2466.5,0.493150684931507,0.246625337466253,9.99900009999e-05,"Treponema_maltophilum",0.000178394071262849,1,0.63896958360701
5064,1,10001,4938,7532.5,2469.5,0.493750624937506,0.246925307469253,9.99900009999e-05,"Bacteroides_pectinophilus",0.000178394071262849,1,0.63896958360701
5060,1,10001,4942,7530.5,2471.5,0.494150584941506,0.247125287471253,9.99900009999e-05,"Raoultella_ornithinolytica",0.000178394071262849,1,0.63896958360701
5056,1,10001,4946,7528.5,2473.5,0.494550544945505,0.247325267473253,9.99900009999e-05,"Synergistes_sp_3_1_syn1",0.000178394071262849,1,0.63896958360701
5052,1,10001,4950,7526.5,2475.5,0.494950504949505,0.247525247475252,9.99900009999e-05,"Porphyromonas_bennonis",0.000178394071262849,1,0.63896958360701
5050,1,10001,4952,7525.5,2476.5,0.495150484951505,0.247625237476252,9.99900009999e-05,"Slackia_exigua",0.000178394071262849,1,0.63896958360701
5047,1,10001,4955,7524,2478,0.495450454954505,0.247775222477752,9.99900009999e-05,"Actinomyces_cardiffensis",0.000178394071262849,1,0.63896958360701
5045,1,10001,4957,7523,2479,0.495650434956504,0.247875212478752,9.99900009999e-05,"Lactobacillus_oris",0.000178394071262849,1,0.63896958360701
5044,1,10001,4958,7522.5,2479.5,0.495750424957504,0.247925207479252,9.99900009999e-05,"Bacteroides_sp_4_3_47FAA",0.000178394071262849,1,0.63896958360701
5043,1,10001,4959,7522,2480,0.495850414958504,0.247975202479752,9.99900009999e-05,"Prevotella_histicola",0.000178394071262849,1,0.63896958360701
5041,1,10001,4961,7521,2481,0.496050394960504,0.248075192480752,9.99900009999e-05,"Leuconostoc_lactis",0.000178394071262849,1,0.63896958360701
5038,1,10001,4964,7519.5,2482.5,0.496350364963504,0.248225177482252,9.99900009999e-05,"Streptococcus_peroris",0.000178394071262849,1,0.63896958360701
5035,1,10001,4967,7518,2484,0.496650334966503,0.248375162483752,9.99900009999e-05,"Prevotella_denticola",0.000178394071262849,1,0.63896958360701
5029,1,10001,4973,7515,2487,0.497250274972503,0.248675132486751,9.99900009999e-05,"Haemophilus_influenzae",0.000178394071262849,1,0.63896958360701
6791,1764,8238,3211,7514.5,2487.5,0.321067893210679,0.248725127487251,0.176382361763824,"Holdemania_sp_AP2",0.26698719601724,1,0.63896958360701
5025,1,10001,4977,7513,2489,0.497650234976502,0.248875112488751,9.99900009999e-05,"Parabacteroides_sp_D13",0.000178394071262849,1,0.63896958360701
5018,1,10001,4984,7509.5,2492.5,0.498350164983502,0.249225077492251,9.99900009999e-05,"Halomonas_unclassified",0.000178394071262849,1,0.63896958360701
5018,1,10001,4984,7509.5,2492.5,0.498350164983502,0.249225077492251,9.99900009999e-05,"Scardovia_unclassified",0.000178394071262849,1,0.63896958360701
5017,1,10001,4985,7509,2493,0.498450154984502,0.249275072492751,9.99900009999e-05,"Megamonas_rupellensis",0.000178394071262849,1,0.63896958360701
5014,1,10001,4988,7507.5,2494.5,0.498750124987501,0.249425057494251,9.99900009999e-05,"Neisseria_unclassified",0.000178394071262849,1,0.63896958360701
5010,1,10001,4992,7505.5,2496.5,0.499150084991501,0.24962503749625,9.99900009999e-05,"Stenotrophomonas_unclassified",0.000178394071262849,1,0.63896958360701
5009,1,10001,4993,7505,2497,0.499250074992501,0.24967503249675,9.99900009999e-05,"Clostridium_sp_KLE_1755",0.000178394071262849,1,0.63896958360701
5007,1,10001,4995,7504,2498,0.499450054994501,0.24977502249775,9.99900009999e-05,"Anaerococcus_lactolyticus",0.000178394071262849,1,0.63896958360701
5006,1,10001,4996,7503.5,2498.5,0.4995500449955,0.24982501749825,9.99900009999e-05,"Eubacterium_dolichum",0.000178394071262849,1,0.63896958360701
5005,1,10001,4997,7503,2499,0.4996500349965,0.24987501249875,9.99900009999e-05,"Prevotella_nanceiensis",0.000178394071262849,1,0.63896958360701
5003,1,10001,4999,7502,2500,0.4998500149985,0.24997500249975,9.99900009999e-05,"Acidaminococcus_sp_HPA0509",0.000178394071262849,1,0.63896958360701
5003,1,10001,4999,7502,2500,0.4998500149985,0.24997500249975,9.99900009999e-05,"Aeromonas_hydrophila",0.000178394071262849,1,0.63896958360701
4999,1,10001,5003,7500,2502,0.5002499750025,0.25017498250175,9.99900009999e-05,"Anaerococcus_obesiensis",0.000178394071262849,1,0.63896958360701
4994,1,10001,5008,7497.5,2504.5,0.500749925007499,0.25042495750425,9.99900009999e-05,"Citrobacter_koseri",0.000178394071262849,1,0.63896958360701
4992,1,10001,5010,7496.5,2505.5,0.500949905009499,0.250524947505249,9.99900009999e-05,"Campylobacter_rectus",0.000178394071262849,1,0.63896958360701
4985,1,10001,5017,7493,2509,0.501649835016498,0.250874912508749,9.99900009999e-05,"Cellulophaga_unclassified",0.000178394071262849,1,0.63896958360701
4981,1,10001,5021,7491,2511,0.502049795020498,0.251074892510749,9.99900009999e-05,"Fusobacterium_ulcerans",0.000178394071262849,1,0.63896958360701
4975,1,10001,5027,7488,2514,0.502649735026497,0.251374862513749,9.99900009999e-05,"Lachnospiraceae_bacterium_oral_taxon_082",0.000178394071262849,1,0.63896958360701
4973,1,10001,5029,7487,2515,0.502849715028497,0.251474852514749,9.99900009999e-05,"Actinomyces_oris",0.000178394071262849,1,0.63896958360701
4972,1,10001,5030,7486.5,2515.5,0.502949705029497,0.251524847515248,9.99900009999e-05,"Streptococcus_oligofermentans",0.000178394071262849,1,0.63896958360701
4968,1,10001,5034,7484.5,2517.5,0.503349665033497,0.251724827517248,9.99900009999e-05,"Lactobacillus_salivarius",0.000178394071262849,1,0.63896958360701
4965,1,10001,5037,7483,2519,0.503649635036496,0.251874812518748,9.99900009999e-05,"Lautropia_mirabilis",0.000178394071262849,1,0.63896958360701
4959,1,10001,5043,7480,2522,0.504249575042496,0.252174782521748,9.99900009999e-05,"Lactobacillus_sanfranciscensis",0.000178394071262849,1,0.63896958360701
4959,1,10001,5043,7480,2522,0.504249575042496,0.252174782521748,9.99900009999e-05,"Treponema_succinifaciens",0.000178394071262849,1,0.63896958360701
4957,1,10001,5045,7479,2523,0.504449555044496,0.252274772522748,9.99900009999e-05,"Eggerthia_catenaformis",0.000178394071262849,1,0.63896958360701
4953,1,10001,5049,7477,2525,0.504849515048495,0.252474752524748,9.99900009999e-05,"Anaeroglobus_geminatus",0.000178394071262849,1,0.63896958360701
7408,2462,7540,2594,7474,2528,0.259374062593741,0.252774722527747,0.246175382461754,"Clostridium_asparagiforme",0.350495247504952,1,0.63896958360701
4944,1,10001,5058,7472.5,2529.5,0.505749425057494,0.252924707529247,9.99900009999e-05,"Catonella_morbi",0.000178394071262849,1,0.63896958360701
4939,1,10001,5063,7470,2532,0.506249375062494,0.253174682531747,9.99900009999e-05,"Leuconostoc_gelidum",0.000178394071262849,1,0.63896958360701
4938,1,10001,5064,7469.5,2532.5,0.506349365063494,0.253224677532247,9.99900009999e-05,"Bacteroides_barnesiae",0.000178394071262849,1,0.63896958360701
4933,1,10001,5069,7467,2535,0.506849315068493,0.253474652534747,9.99900009999e-05,"Campylobacter_showae",0.000178394071262849,1,0.63896958360701
4931,1,10001,5071,7466,2536,0.507049295070493,0.253574642535746,9.99900009999e-05,"Acinetobacter_unclassified",0.000178394071262849,1,0.63896958360701
4924,1,10001,5078,7462.5,2539.5,0.507749225077492,0.253924607539246,9.99900009999e-05,"Propionibacterium_propionicum",0.000178394071262849,1,0.63896958360701
4917,1,10001,5085,7459,2543,0.508449155084492,0.254274572542746,9.99900009999e-05,"Fusobacterium_varium",0.000178394071262849,1,0.63896958360701
4910,1,10001,5092,7455.5,2546.5,0.509149085091491,0.254624537546245,9.99900009999e-05,"Treponema_denticola",0.000178394071262849,1,0.63896958360701
7182,2276,7726,2820,7454,2548,0.281971802819718,0.254774522547745,0.227577242275772,"Deinococcus_unclassified",0.333934769788327,1,0.63896958360701
6670,1793,8209,3332,7439.5,2562.5,0.333166683331667,0.256224377562244,0.179282071792821,"Peptoniphilus_harei",0.270806322729072,1,0.63896958360701
6659,1816,8186,3343,7422.5,2579.5,0.334266573342666,0.257924207579242,0.181581841815818,"Slackia_unclassified",0.27328292275375,1,0.63896958360701
6651,1817,8185,3351,7418,2584,0.335066493350665,0.258374162583742,0.181681831816818,"Alloscardovia_omnicolens",0.27328292275375,1,0.63896958360701
7157,2335,7667,2845,7412,2590,0.284471552844716,0.258974102589741,0.233476652334767,"Streptococcus_cristatus",0.33713261940339,1,0.63896958360701
7308,2545,7457,2694,7382.5,2619.5,0.269373062693731,0.261923807619238,0.254474552544746,"Alistipes_onderdonkii",0.361595263398561,1,0.63896958360701
7299,2563,7439,2703,7369,2633,0.27027297270273,0.263273672632737,0.256274372562744,"Subdoligranulum_unclassified",0.36200643196977,1,0.63896958360701
7291,2562,7440,2711,7365.5,2636.5,0.271072892710729,0.263623637636236,0.256174382561744,"Streptococcus_parasanguinis",0.36200643196977,1,0.63896958360701
6777,2082,7920,3225,7348.5,2653.5,0.322467753224678,0.265323467653235,0.208179182081792,"Streptococcus_mutans",0.309257917183488,1,0.63896958360701
7240,2554,7448,2762,7344,2658,0.276172382761724,0.265773422657734,0.255374462553745,"Haemophilus_parainfluenzae",0.36200643196977,1,0.63896958360701
7221,2616,7386,2781,7303.5,2698.5,0.278072192780722,0.26982301769823,0.261573842615738,"Dorea_formicigenerans",0.368046169942693,1,0.63896958360701
7070,2689,7313,2932,7191.5,2810.5,0.293170682931707,0.281021897810219,0.268873112688731,"Clostridium_bartlettii",0.376841653066662,1,0.63896958360701
6856,2616,7386,3146,7121,2881,0.314568543145685,0.288071192880712,0.261573842615738,"Ruminococcus_flavefaciens",0.368046169942693,1,0.63896958360701
6984,2859,7143,3018,7063.5,2938.5,0.301769823017698,0.293820617938206,0.285871412858714,"Clostridium_leptum",0.396798351052926,1,0.63896958360701
6893,2822,7180,3109,7036.5,2965.5,0.310868913108689,0.296520347965203,0.282171782821718,"Streptococcus_australis",0.392420719243356,1,0.63896958360701
6244,2266,7736,3758,6990,3012,0.375762423757624,0.301169883011699,0.226577342265773,"Turicibacter_sanguinis",0.33314746234988,1,0.63896958360701
6635,2686,7316,3367,6975.5,3026.5,0.336666333366663,0.302619738026197,0.268573142685731,"Oribacterium_sinus",0.376841653066662,1,0.63896958360701
6835,2901,7101,3167,6968,3034,0.316668333166683,0.303369663033697,0.29007099290071,"Bacteroides_finegoldii",0.401078930568482,1,0.63896958360701
6883,2990,7012,3119,6947.5,3054.5,0.311868813118688,0.305419458054195,0.298970102989701,"Lachnospiraceae_bacterium_7_1_58FAA",0.411012436041291,1,0.63896958360701
6842,2974,7028,3160,6935,3067,0.315968403159684,0.306669333066693,0.297370262973703,"Roseburia_inulinivorans",0.409596205130445,1,0.63896958360701
6572,2704,7298,3430,6935,3067,0.342965703429657,0.306669333066693,0.27037296270373,"Eubacterium_infirmum",0.378206537322921,1,0.63896958360701
6626,2793,7209,3376,6917.5,3084.5,0.337566243375662,0.308419158084192,0.279272072792721,"Blautia_producta",0.389837372851862,1,0.63896958360701
6125,2359,7643,3877,6884,3118,0.387661233876612,0.311768823117688,0.235876412358764,"Bulleidia_extructa",0.338943750335545,1,0.63896958360701
6088,2336,7666,3914,6877,3125,0.391360863913609,0.312468753124688,0.233576642335766,"Clostridium_methylpentosum",0.33713261940339,1,0.63896958360701
6767,3040,6962,3235,6864.5,3137.5,0.323467653234677,0.313718628137186,0.303969603039696,"Alistipes_finegoldii",0.416293608734365,1,0.63896958360701
6715,3017,6985,3287,6850,3152,0.328667133286671,0.315168483151685,0.301669833016698,"Bacteroides_eggerthii",0.41393246171566,1,0.63896958360701
6467,3300,6702,3535,6584.5,3417.5,0.353464653534647,0.341715828417158,0.32996700329967,"Eubacterium_ramulus",0.451038546335481,1,0.63896958360701
6479,3318,6684,3523,6581.5,3420.5,0.352264773522648,0.342015798420158,0.331766823317668,"Streptococcus_infantis",0.452638227638337,1,0.63896958360701
5777,2798,7204,4225,6490.5,3511.5,0.422457754224578,0.351114888511149,0.27977202279772,"Aggregatibacter_segnis",0.389837372851862,1,0.63896958360701
6232,3407,6595,3770,6413.5,3588.5,0.376962303769623,0.358814118588141,0.340665933406659,"Clostridium_ramosum",0.463022317806027,1,0.63896958360701
6318,3496,6506,3684,6412,3590,0.368363163683632,0.358964103589641,0.34956504349565,"Streptococcus_thermophilus",0.470924735884621,1,0.63896958360701
6215,3435,6567,3787,6391,3611,0.378662133786621,0.361063893610639,0.343465653434657,"Paraprevotella_xylaniphila",0.465069312277812,1,0.63896958360701
5073,2324,7678,4929,6375.5,3626.5,0.492850714928507,0.362613738626137,0.232376762323768,"Marvinbryantia_formatexigens",0.336997550244976,1,0.63896958360701
5021,2290,7712,4981,6366.5,3635.5,0.498050194980502,0.363513648635136,0.228977102289771,"Comamonas_unclassified",0.335304555084206,1,0.63896958360701
6251,3532,6470,3751,6360.5,3641.5,0.375062493750625,0.364113588641136,0.353164683531647,"Paraprevotella_unclassified",0.471104652057985,1,0.63896958360701
5027,2315,7687,4975,6357,3645,0.497450254974503,0.364463553644636,0.231476852314769,"Brachyspira_unclassified",0.336906592741536,1,0.63896958360701
5022,2313,7689,4980,6355.5,3646.5,0.497950204979502,0.364613538646135,0.231276872312769,"Fusobacterium_mortiferum",0.336906592741536,1,0.63896958360701
5015,2307,7695,4987,6355,3647,0.498650134986501,0.364663533646635,0.230676932306769,"Olsenella_uli",0.336906592741536,1,0.63896958360701
5583,2897,7105,4419,6344,3658,0.441855814418558,0.365763423657634,0.28967103289671,"Megamonas_unclassified",0.401078930568482,1,0.63896958360701
6190,3507,6495,3812,6342.5,3659.5,0.381161883811619,0.365913408659134,0.350664933506649,"Streptococcus_vestibularis",0.470924735884621,1,0.63896958360701
5035,2367,7635,4967,6335,3667,0.496650334966503,0.366663333666633,0.236676332366763,"Succinatimonas_hippei",0.338984627433671,1,0.63896958360701
4993,2340,7662,5009,6327.5,3674.5,0.500849915008499,0.367413258674133,0.233976602339766,"Lactobacillus_mucosae",0.33713261940339,1,0.63896958360701
4962,2325,7677,5040,6319.5,3682.5,0.503949605039496,0.368213178682132,0.232476752324768,"Pyramidobacter_piscolens",0.336997550244976,1,0.63896958360701
5548,2942,7060,4454,6304,3698,0.445355464453555,0.36976302369763,0.294170582941706,"Lachnospiraceae_bacterium_9_1_43BFAA",0.405966696996327,1,0.63896958360701
4967,2362,7640,5035,6303.5,3698.5,0.503449655034497,0.36981301869813,0.236176382361764,"Bacteroides_oleiciplenus",0.338943750335545,1,0.63896958360701
4987,2415,7587,5015,6287,3715,0.501449855014499,0.371462853714629,0.241475852414759,"Prevotella_stercorea",0.344486384694864,1,0.63896958360701
4889,2391,7611,5113,6250,3752,0.511248875112489,0.375162483751625,0.239076092390761,"Ruminococcus_sp_JC304",0.341740975007867,1,0.63896958360701
6031,3576,6426,3971,6228.5,3773.5,0.397060293970603,0.377312268773123,0.357564243575642,"Bifidobacterium_pseudocatenulatum",0.475210149964671,1,0.63896958360701
5952,3795,6207,4050,6079.5,3922.5,0.404959504049595,0.392210778922108,0.379462053794621,"Streptococcus_mitis_oralis_pneumoniae",0.499694536040901,1,0.63896958360701
5904,3822,6180,4098,6042,3960,0.40975902409759,0.395960403959604,0.382161783821618,"Streptococcus_anginosus",0.502329657345052,1,0.63896958360701
5768,3791,6211,4234,5989.5,4012.5,0.423357664233577,0.401209879012099,0.379062093790621,"Bacteroides_intestinalis",0.499694536040901,1,0.63896958360701
5793,3996,6006,4209,5899.5,4102.5,0.420857914208579,0.41020897910209,0.3995600439956,"Ruminococcaceae_bacterium_D16",0.522464662624647,1,0.63896958360701
5737,3997,6005,4265,5871,4131,0.426457354264574,0.413058694130587,0.3996600339966,"Erysipelotrichaceae_bacterium_6_1_45",0.522464662624647,1,0.63896958360701
5664,4097,5905,4338,5784.5,4217.5,0.433756624337566,0.421707829217078,0.40965903409659,"Subdoligranulum_variabile",0.529756916394691,1,0.63896958360701
5074,3769,6233,4928,5653.5,4348.5,0.492750724927507,0.434806519348065,0.376862313768623,"Clostridiaceae_bacterium_JC118",0.498095594852279,1,0.63896958360701
5003,3939,6063,4999,5533,4469,0.4998500149985,0.446855314468553,0.393860613938606,"Roseburia_unclassified",0.516762374857405,1,0.63896958360701
5025,4014,5988,4977,5506.5,4495.5,0.497650234976502,0.44950504949505,0.401359864013599,"Atopobium_rimae",0.523734559393426,1,0.63896958360701
5385,4423,5579,4617,5482,4520,0.461653834616538,0.451954804519548,0.442255774422558,"Anaerostipes_hadrus",0.568840611466581,1,0.63896958360701
5003,4078,5924,4999,5463.5,4538.5,0.4998500149985,0.453804619538046,0.407759224077592,"Oscillibacter_sp_KLE_1745",0.529756916394691,1,0.63896958360701
4921,4033,5969,5081,5445,4557,0.508049195080492,0.455654434556544,0.403259674032597,"Bifidobacterium_breve",0.525260336285212,1,0.63896958360701
5155,4677,5325,4847,5240,4762,0.484651534846515,0.476152384761524,0.467653234676532,"Eubacterium_hallii",0.590847225957016,1,0.63896958360701
5111,4693,5309,4891,5210,4792,0.489051094890511,0.479152084791521,0.469253074692531,"Lachnospiraceae_bacterium_3_1_46FAA",0.590847225957016,1,0.63896958360701
4957,4593,5409,5045,5183,4819,0.504449555044496,0.481851814818518,0.459254074592541,"Paraprevotella_clara",0.589649427914351,1,0.63896958360701
5051,4730,5272,4951,5161.5,4840.5,0.495050494950505,0.484001599840016,0.472952704729527,"Coprobacter_fastidiosus",0.590847225957016,1,0.63896958360701
5026,4775,5227,4976,5126.5,4875.5,0.497550244975502,0.487501249875012,0.477452254774523,"Streptococcus_sanguinis",0.590847225957016,1,0.63896958360701
3516,3387,6615,6486,5065.5,4936.5,0.648535146485351,0.493600639936006,0.338666133386661,"candidate_division_TM7_single_cell_isolate_TM7c",0.46117604148676,1,0.63896958360701
3548,3433,6569,6454,5058.5,4943.5,0.645335466453355,0.494300569943006,0.343265673432657,"Clostridium_celatum",0.465069312277812,1,0.63896958360701
4973,4864,5138,5029,5055.5,4946.5,0.502849715028497,0.494600539946005,0.486351364863514,"Ruminococcus_obeum",0.590847225957016,1,0.63896958360701
4769,4677,5325,5233,5047,4955,0.523247675232477,0.495450454954505,0.467653234676532,"Coriobacteriaceae_bacterium_phI",0.590847225957016,1,0.63896958360701
4754,4675,5327,5248,5040.5,4961.5,0.524747525247475,0.496100389961004,0.467453254674533,"Desulfovibrio_piger",0.590847225957016,1,0.63896958360701
3506,3455,6547,6496,5026.5,4975.5,0.64953504649535,0.497500249975002,0.345465453454655,"Lactobacillus_vaginalis",0.466897859086272,1,0.63896958360701
4109,4085,5917,5893,5013,4989,0.589241075892411,0.498850114988501,0.408459154084592,"Actinomyces_naeslundii",0.529756916394691,1,0.63896958360701
3512,3506,6496,6490,5004,4998,0.648935106489351,0.4997500249975,0.350564943505649,"Butyricicoccus_pullicaecorum",0.470924735884621,1,0.63896958360701
1,1,10001,10001,5001,5001,1,0.5000499950005,9.99900009999e-05,"Achromobacter_piechaudii",0.000178394071262849,1,0.63896958360701
1,1,10001,10001,5001,5001,1,0.5000499950005,9.99900009999e-05,"Achromobacter_unclassified",0.000178394071262849,1,0.63896958360701
1,1,10001,10001,5001,5001,1,0.5000499950005,9.99900009999e-05,"Acidaminococcus_sp_D21",0.000178394071262849,1,0.63896958360701
1,1,10001,10001,5001,5001,1,0.5000499950005,9.99900009999e-05,"Acinetobacter_baumannii",0.000178394071262849,1,0.63896958360701
1,1,10001,10001,5001,5001,1,0.5000499950005,9.99900009999e-05,"Acinetobacter_johnsonii",0.000178394071262849,1,0.63896958360701
1,1,10001,10001,5001,5001,1,0.5000499950005,9.99900009999e-05,"Acinetobacter_junii",0.000178394071262849,1,0.63896958360701
1,1,10001,10001,5001,5001,1,0.5000499950005,9.99900009999e-05,"Acinetobacter_lwoffii",0.000178394071262849,1,0.63896958360701
1,1,10001,10001,5001,5001,1,0.5000499950005,9.99900009999e-05,"Acinetobacter_pittii_calcoaceticus_nosocomialis",0.000178394071262849,1,0.63896958360701
1,1,10001,10001,5001,5001,1,0.5000499950005,9.99900009999e-05,"Actinobaculum_massiliense",0.000178394071262849,1,0.63896958360701
1,1,10001,10001,5001,5001,1,0.5000499950005,9.99900009999e-05,"Actinobaculum_schaalii",0.000178394071262849,1,0.63896958360701
1,1,10001,10001,5001,5001,1,0.5000499950005,9.99900009999e-05,"Actinobaculum_unclassified",0.000178394071262849,1,0.63896958360701
1,1,10001,10001,5001,5001,1,0.5000499950005,9.99900009999e-05,"Actinomyces_europaeus",0.000178394071262849,1,0.63896958360701
1,1,10001,10001,5001,5001,1,0.5000499950005,9.99900009999e-05,"Actinomyces_johnsonii",0.000178394071262849,1,0.63896958360701
1,1,10001,10001,5001,5001,1,0.5000499950005,9.99900009999e-05,"Actinomyces_sp_HPA0247",0.000178394071262849,1,0.63896958360701
1,1,10001,10001,5001,5001,1,0.5000499950005,9.99900009999e-05,"Actinomyces_sp_ICM39",0.000178394071262849,1,0.63896958360701
1,1,10001,10001,5001,5001,1,0.5000499950005,9.99900009999e-05,"Actinomyces_sp_ICM47",0.000178394071262849,1,0.63896958360701
1,1,10001,10001,5001,5001,1,0.5000499950005,9.99900009999e-05,"Actinomyces_sp_oral_taxon_172",0.000178394071262849,1,0.63896958360701
1,1,10001,10001,5001,5001,1,0.5000499950005,9.99900009999e-05,"Actinomyces_sp_oral_taxon_448",0.000178394071262849,1,0.63896958360701
1,1,10001,10001,5001,5001,1,0.5000499950005,9.99900009999e-05,"Actinomyces_timonensis",0.000178394071262849,1,0.63896958360701
1,1,10001,10001,5001,5001,1,0.5000499950005,9.99900009999e-05,"Actinomyces_urogenitalis",0.000178394071262849,1,0.63896958360701
1,1,10001,10001,5001,5001,1,0.5000499950005,9.99900009999e-05,"Aeromonas_veronii",0.000178394071262849,1,0.63896958360701
1,1,10001,10001,5001,5001,1,0.5000499950005,9.99900009999e-05,"Agrobacterium_unclassified",0.000178394071262849,1,0.63896958360701
1,1,10001,10001,5001,5001,1,0.5000499950005,9.99900009999e-05,"Alcaligenes_unclassified",0.000178394071262849,1,0.63896958360701
1,1,10001,10001,5001,5001,1,0.5000499950005,9.99900009999e-05,"Alloprevotella_tannerae",0.000178394071262849,1,0.63896958360701
1,1,10001,10001,5001,5001,1,0.5000499950005,9.99900009999e-05,"Anaerococcus_prevotii",0.000178394071262849,1,0.63896958360701
1,1,10001,10001,5001,5001,1,0.5000499950005,9.99900009999e-05,"Anaerococcus_tetradius",0.000178394071262849,1,0.63896958360701
1,1,10001,10001,5001,5001,1,0.5000499950005,9.99900009999e-05,"Anaerostipes_sp_3_2_56FAA",0.000178394071262849,1,0.63896958360701
1,1,10001,10001,5001,5001,1,0.5000499950005,9.99900009999e-05,"Arcobacter_butzleri",0.000178394071262849,1,0.63896958360701
1,1,10001,10001,5001,5001,1,0.5000499950005,9.99900009999e-05,"Arcobacter_unclassified",0.000178394071262849,1,0.63896958360701
1,1,10001,10001,5001,5001,1,0.5000499950005,9.99900009999e-05,"Asticcacaulis_unclassified",0.000178394071262849,1,0.63896958360701
1,1,10001,10001,5001,5001,1,0.5000499950005,9.99900009999e-05,"Atopobium_sp_ICM58",0.000178394071262849,1,0.63896958360701
1,1,10001,10001,5001,5001,1,0.5000499950005,9.99900009999e-05,"Bacillus_licheniformis",0.000178394071262849,1,0.63896958360701
1,1,10001,10001,5001,5001,1,0.5000499950005,9.99900009999e-05,"Bacillus_subtilis",0.000178394071262849,1,0.63896958360701
1,1,10001,10001,5001,5001,1,0.5000499950005,9.99900009999e-05,"Bacteroides_fluxus",0.000178394071262849,1,0.63896958360701
1,1,10001,10001,5001,5001,1,0.5000499950005,9.99900009999e-05,"Bacteroides_gallinarum",0.000178394071262849,1,0.63896958360701
1,1,10001,10001,5001,5001,1,0.5000499950005,9.99900009999e-05,"Bacteroides_pyogenes",0.000178394071262849,1,0.63896958360701
1,1,10001,10001,5001,5001,1,0.5000499950005,9.99900009999e-05,"Bacteroides_salanitronis",0.000178394071262849,1,0.63896958360701
1,1,10001,10001,5001,5001,1,0.5000499950005,9.99900009999e-05,"Bacteroides_sp_1_1_14",0.000178394071262849,1,0.63896958360701
1,1,10001,10001,5001,5001,1,0.5000499950005,9.99900009999e-05,"Bacteroides_sp_1_1_30",0.000178394071262849,1,0.63896958360701
1,1,10001,10001,5001,5001,1,0.5000499950005,9.99900009999e-05,"Bacteroides_sp_2_1_16",0.000178394071262849,1,0.63896958360701
1,1,10001,10001,5001,5001,1,0.5000499950005,9.99900009999e-05,"Bacteroides_sp_2_1_56FAA",0.000178394071262849,1,0.63896958360701
1,1,10001,10001,5001,5001,1,0.5000499950005,9.99900009999e-05,"Bacteroides_sp_2_2_4",0.000178394071262849,1,0.63896958360701
1,1,10001,10001,5001,5001,1,0.5000499950005,9.99900009999e-05,"Bacteroides_sp_3_1_19",0.000178394071262849,1,0.63896958360701
1,1,10001,10001,5001,5001,1,0.5000499950005,9.99900009999e-05,"Bacteroides_sp_3_1_40A",0.000178394071262849,1,0.63896958360701
1,1,10001,10001,5001,5001,1,0.5000499950005,9.99900009999e-05,"Bacteroides_sp_3_2_5",0.000178394071262849,1,0.63896958360701
1,1,10001,10001,5001,5001,1,0.5000499950005,9.99900009999e-05,"Bacteroides_sp_9_1_42FAA",0.000178394071262849,1,0.63896958360701
1,1,10001,10001,5001,5001,1,0.5000499950005,9.99900009999e-05,"Bacteroides_sp_D2",0.000178394071262849,1,0.63896958360701
1,1,10001,10001,5001,5001,1,0.5000499950005,9.99900009999e-05,"Bacteroidetes_bacterium_oral_taxon_272",0.000178394071262849,1,0.63896958360701
1,1,10001,10001,5001,5001,1,0.5000499950005,9.99900009999e-05,"Bacteroidetes_oral_taxon_274",0.000178394071262849,1,0.63896958360701
1,1,10001,10001,5001,5001,1,0.5000499950005,9.99900009999e-05,"Bartonella_unclassified",0.000178394071262849,1,0.63896958360701
1,1,10001,10001,5001,5001,1,0.5000499950005,9.99900009999e-05,"Bavariicoccus_seileri",0.000178394071262849,1,0.63896958360701
1,1,10001,10001,5001,5001,1,0.5000499950005,9.99900009999e-05,"Bifidobacterium_pseudolongum",0.000178394071262849,1,0.63896958360701
1,1,10001,10001,5001,5001,1,0.5000499950005,9.99900009999e-05,"Bifidobacterium_thermophilum",0.000178394071262849,1,0.63896958360701
1,1,10001,10001,5001,5001,1,0.5000499950005,9.99900009999e-05,"Bilophila_sp_4_1_30",0.000178394071262849,1,0.63896958360701
1,1,10001,10001,5001,5001,1,0.5000499950005,9.99900009999e-05,"Bordetella_unclassified",0.000178394071262849,1,0.63896958360701
1,1,10001,10001,5001,5001,1,0.5000499950005,9.99900009999e-05,"Borrelia_recurrentis",0.000178394071262849,1,0.63896958360701
1,1,10001,10001,5001,5001,1,0.5000499950005,9.99900009999e-05,"Brachybacterium_unclassified",0.000178394071262849,1,0.63896958360701
1,1,10001,10001,5001,5001,1,0.5000499950005,9.99900009999e-05,"Brachyspira_pilosicoli",0.000178394071262849,1,0.63896958360701
1,1,10001,10001,5001,5001,1,0.5000499950005,9.99900009999e-05,"Brevibacterium_linens",0.000178394071262849,1,0.63896958360701
1,1,10001,10001,5001,5001,1,0.5000499950005,9.99900009999e-05,"Brevibacterium_massiliense",0.000178394071262849,1,0.63896958360701
1,1,10001,10001,5001,5001,1,0.5000499950005,9.99900009999e-05,"Brevibacterium_mcbrellneri",0.000178394071262849,1,0.63896958360701
1,1,10001,10001,5001,5001,1,0.5000499950005,9.99900009999e-05,"Brevibacterium_unclassified",0.000178394071262849,1,0.63896958360701
1,1,10001,10001,5001,5001,1,0.5000499950005,9.99900009999e-05,"Brevundimonas_unclassified",0.000178394071262849,1,0.63896958360701
1,1,10001,10001,5001,5001,1,0.5000499950005,9.99900009999e-05,"Campylobacter_coli",0.000178394071262849,1,0.63896958360701
1,1,10001,10001,5001,5001,1,0.5000499950005,9.99900009999e-05,"Campylobacter_curvus",0.000178394071262849,1,0.63896958360701
1,1,10001,10001,5001,5001,1,0.5000499950005,9.99900009999e-05,"Campylobacter_hominis",0.000178394071262849,1,0.63896958360701
1,1,10001,10001,5001,5001,1,0.5000499950005,9.99900009999e-05,"Campylobacter_jejuni",0.000178394071262849,1,0.63896958360701
1,1,10001,10001,5001,5001,1,0.5000499950005,9.99900009999e-05,"candidate_division_TM7_single_cell_isolate_TM7b",0.000178394071262849,1,0.63896958360701
1,1,10001,10001,5001,5001,1,0.5000499950005,9.99900009999e-05,"Capnocytophaga_unclassified",0.000178394071262849,1,0.63896958360701
1,1,10001,10001,5001,5001,1,0.5000499950005,9.99900009999e-05,"Cardiobacterium_hominis",0.000178394071262849,1,0.63896958360701
1,1,10001,10001,5001,5001,1,0.5000499950005,9.99900009999e-05,"Cardiobacterium_valvarum",0.000178394071262849,1,0.63896958360701
1,1,10001,10001,5001,5001,1,0.5000499950005,9.99900009999e-05,"Caulobacter_unclassified",0.000178394071262849,1,0.63896958360701
1,1,10001,10001,5001,5001,1,0.5000499950005,9.99900009999e-05,"Cellulosilyticum_lentocellum",0.000178394071262849,1,0.63896958360701
1,1,10001,10001,5001,5001,1,0.5000499950005,9.99900009999e-05,"Cellvibrio_unclassified",0.000178394071262849,1,0.63896958360701
1,1,10001,10001,5001,5001,1,0.5000499950005,9.99900009999e-05,"Centipeda_periodontii",0.000178394071262849,1,0.63896958360701
1,1,10001,10001,5001,5001,1,0.5000499950005,9.99900009999e-05,"Cetobacterium_somerae",0.000178394071262849,1,0.63896958360701
1,1,10001,10001,5001,5001,1,0.5000499950005,9.99900009999e-05,"Chlamydophila_unclassified",0.000178394071262849,1,0.63896958360701
1,1,10001,10001,5001,5001,1,0.5000499950005,9.99900009999e-05,"Chlorobium_phaeobacteroides",0.000178394071262849,1,0.63896958360701
1,1,10001,10001,5001,5001,1,0.5000499950005,9.99900009999e-05,"Chromobacterium_unclassified",0.000178394071262849,1,0.63896958360701
1,1,10001,10001,5001,5001,1,0.5000499950005,9.99900009999e-05,"Clostridiales_bacterium_BV3C26",0.000178394071262849,1,0.63896958360701
1,1,10001,10001,5001,5001,1,0.5000499950005,9.99900009999e-05,"Clostridium_bifermentans",0.000178394071262849,1,0.63896958360701
1,1,10001,10001,5001,5001,1,0.5000499950005,9.99900009999e-05,"Clostridium_butyricum",0.000178394071262849,1,0.63896958360701
1,1,10001,10001,5001,5001,1,0.5000499950005,9.99900009999e-05,"Clostridium_difficile",0.000178394071262849,1,0.63896958360701
1,1,10001,10001,5001,5001,1,0.5000499950005,9.99900009999e-05,"Clostridium_glycolicum",0.000178394071262849,1,0.63896958360701
1,1,10001,10001,5001,5001,1,0.5000499950005,9.99900009999e-05,"Clostridium_hiranonis",0.000178394071262849,1,0.63896958360701
1,1,10001,10001,5001,5001,1,0.5000499950005,9.99900009999e-05,"Clostridium_sordellii",0.000178394071262849,1,0.63896958360701
1,1,10001,10001,5001,5001,1,0.5000499950005,9.99900009999e-05,"Clostridium_sp_7_2_43FAA",0.000178394071262849,1,0.63896958360701
1,1,10001,10001,5001,5001,1,0.5000499950005,9.99900009999e-05,"Clostridium_sp_ATCC_29733",0.000178394071262849,1,0.63896958360701
1,1,10001,10001,5001,5001,1,0.5000499950005,9.99900009999e-05,"Clostridium_sp_D5",0.000178394071262849,1,0.63896958360701
1,1,10001,10001,5001,5001,1,0.5000499950005,9.99900009999e-05,"Clostridium_sp_HGF2",0.000178394071262849,1,0.63896958360701
1,1,10001,10001,5001,5001,1,0.5000499950005,9.99900009999e-05,"Clostridium_sp_SS2_1",0.000178394071262849,1,0.63896958360701
1,1,10001,10001,5001,5001,1,0.5000499950005,9.99900009999e-05,"Clostridium_spiroforme",0.000178394071262849,1,0.63896958360701
1,1,10001,10001,5001,5001,1,0.5000499950005,9.99900009999e-05,"Comamonas_testosteroni",0.000178394071262849,1,0.63896958360701
1,1,10001,10001,5001,5001,1,0.5000499950005,9.99900009999e-05,"Coriobacteriaceae_bacterium_BV3Ac1",0.000178394071262849,1,0.63896958360701
1,1,10001,10001,5001,5001,1,0.5000499950005,9.99900009999e-05,"Corynebacterium_amycolatum",0.000178394071262849,1,0.63896958360701
1,1,10001,10001,5001,5001,1,0.5000499950005,9.99900009999e-05,"Corynebacterium_aurimucosum",0.000178394071262849,1,0.63896958360701
1,1,10001,10001,5001,5001,1,0.5000499950005,9.99900009999e-05,"Corynebacterium_crenatum",0.000178394071262849,1,0.63896958360701
1,1,10001,10001,5001,5001,1,0.5000499950005,9.99900009999e-05,"Corynebacterium_jeikeium",0.000178394071262849,1,0.63896958360701
1,1,10001,10001,5001,5001,1,0.5000499950005,9.99900009999e-05,"Corynebacterium_kroppenstedtii",0.000178394071262849,1,0.63896958360701
1,1,10001,10001,5001,5001,1,0.5000499950005,9.99900009999e-05,"Corynebacterium_matruchotii",0.000178394071262849,1,0.63896958360701
1,1,10001,10001,5001,5001,1,0.5000499950005,9.99900009999e-05,"Corynebacterium_propinquum",0.000178394071262849,1,0.63896958360701
1,1,10001,10001,5001,5001,1,0.5000499950005,9.99900009999e-05,"Corynebacterium_pseudodiphtheriticum",0.000178394071262849,1,0.63896958360701
1,1,10001,10001,5001,5001,1,0.5000499950005,9.99900009999e-05,"Corynebacterium_pyruviciproducens",0.000178394071262849,1,0.63896958360701
1,1,10001,10001,5001,5001,1,0.5000499950005,9.99900009999e-05,"Corynebacterium_striatum",0.000178394071262849,1,0.63896958360701
1,1,10001,10001,5001,5001,1,0.5000499950005,9.99900009999e-05,"Corynebacterium_variabile",0.000178394071262849,1,0.63896958360701
1,1,10001,10001,5001,5001,1,0.5000499950005,9.99900009999e-05,"Cronobacter_sakazakii",0.000178394071262849,1,0.63896958360701
1,1,10001,10001,5001,5001,1,0.5000499950005,9.99900009999e-05,"Cronobacter_unclassified",0.000178394071262849,1,0.63896958360701
1,1,10001,10001,5001,5001,1,0.5000499950005,9.99900009999e-05,"Cryptobacterium_curtum",0.000178394071262849,1,0.63896958360701
1,1,10001,10001,5001,5001,1,0.5000499950005,9.99900009999e-05,"Cupriavidus_unclassified",0.000178394071262849,1,0.63896958360701
1,1,10001,10001,5001,5001,1,0.5000499950005,9.99900009999e-05,"Desulfotomaculum_ruminis",0.000178394071262849,1,0.63896958360701
1,1,10001,10001,5001,5001,1,0.5000499950005,9.99900009999e-05,"Desulfovibrio_termitidis",0.000178394071262849,1,0.63896958360701
1,1,10001,10001,5001,5001,1,0.5000499950005,9.99900009999e-05,"Desulfovibrio_vulgaris",0.000178394071262849,1,0.63896958360701
1,1,10001,10001,5001,5001,1,0.5000499950005,9.99900009999e-05,"Dialister_micraerophilus",0.000178394071262849,1,0.63896958360701
1,1,10001,10001,5001,5001,1,0.5000499950005,9.99900009999e-05,"Dolosigranulum_pigrum",0.000178394071262849,1,0.63896958360701
1,1,10001,10001,5001,5001,1,0.5000499950005,9.99900009999e-05,"Dysgonomonas_gadei",0.000178394071262849,1,0.63896958360701
1,1,10001,10001,5001,5001,1,0.5000499950005,9.99900009999e-05,"Dysgonomonas_mossii",0.000178394071262849,1,0.63896958360701
1,1,10001,10001,5001,5001,1,0.5000499950005,9.99900009999e-05,"Dysgonomonas_unclassified",0.000178394071262849,1,0.63896958360701
1,1,10001,10001,5001,5001,1,0.5000499950005,9.99900009999e-05,"Edwardsiella_tarda",0.000178394071262849,1,0.63896958360701
1,1,10001,10001,5001,5001,1,0.5000499950005,9.99900009999e-05,"Eggerthella_sp_HGA1",0.000178394071262849,1,0.63896958360701
1,1,10001,10001,5001,5001,1,0.5000499950005,9.99900009999e-05,"Eggerthella_sp_YY7918",0.000178394071262849,1,0.63896958360701
1,1,10001,10001,5001,5001,1,0.5000499950005,9.99900009999e-05,"Enhydrobacter_aerosaccus",0.000178394071262849,1,0.63896958360701
1,1,10001,10001,5001,5001,1,0.5000499950005,9.99900009999e-05,"Enterobacter_hormaechei",0.000178394071262849,1,0.63896958360701
1,1,10001,10001,5001,5001,1,0.5000499950005,9.99900009999e-05,"Enterobacter_mori",0.000178394071262849,1,0.63896958360701
1,1,10001,10001,5001,5001,1,0.5000499950005,9.99900009999e-05,"Enterococcus_asini",0.000178394071262849,1,0.63896958360701
1,1,10001,10001,5001,5001,1,0.5000499950005,9.99900009999e-05,"Enterococcus_casseliflavus",0.000178394071262849,1,0.63896958360701
1,1,10001,10001,5001,5001,1,0.5000499950005,9.99900009999e-05,"Enterococcus_dispar",0.000178394071262849,1,0.63896958360701
1,1,10001,10001,5001,5001,1,0.5000499950005,9.99900009999e-05,"Enterococcus_hirae",0.000178394071262849,1,0.63896958360701
1,1,10001,10001,5001,5001,1,0.5000499950005,9.99900009999e-05,"Enterococcus_italicus",0.000178394071262849,1,0.63896958360701
1,1,10001,10001,5001,5001,1,0.5000499950005,9.99900009999e-05,"Enterococcus_mundtii",0.000178394071262849,1,0.63896958360701
1,1,10001,10001,5001,5001,1,0.5000499950005,9.99900009999e-05,"Enterococcus_raffinosus",0.000178394071262849,1,0.63896958360701
1,1,10001,10001,5001,5001,1,0.5000499950005,9.99900009999e-05,"Enterococcus_sp_7L76",0.000178394071262849,1,0.63896958360701
1,1,10001,10001,5001,5001,1,0.5000499950005,9.99900009999e-05,"Enterorhabdus_caecimuris",0.000178394071262849,1,0.63896958360701
1,1,10001,10001,5001,5001,1,0.5000499950005,9.99900009999e-05,"Eremococcus_coleocola",0.000178394071262849,1,0.63896958360701
1,1,10001,10001,5001,5001,1,0.5000499950005,9.99900009999e-05,"Escherichia_albertii",0.000178394071262849,1,0.63896958360701
1,1,10001,10001,5001,5001,1,0.5000499950005,9.99900009999e-05,"Escherichia_hermannii",0.000178394071262849,1,0.63896958360701
1,1,10001,10001,5001,5001,1,0.5000499950005,9.99900009999e-05,"Eubacteriaceae_bacterium_ACC19a",0.000178394071262849,1,0.63896958360701
1,1,10001,10001,5001,5001,1,0.5000499950005,9.99900009999e-05,"Eubacteriaceae_bacterium_CM5",0.000178394071262849,1,0.63896958360701
1,1,10001,10001,5001,5001,1,0.5000499950005,9.99900009999e-05,"Eubacteriaceae_noname_unclassified",0.000178394071262849,1,0.63896958360701
1,1,10001,10001,5001,5001,1,0.5000499950005,9.99900009999e-05,"Eubacterium_saphenum",0.000178394071262849,1,0.63896958360701
1,1,10001,10001,5001,5001,1,0.5000499950005,9.99900009999e-05,"Eubacterium_yurii",0.000178394071262849,1,0.63896958360701
1,1,10001,10001,5001,5001,1,0.5000499950005,9.99900009999e-05,"Exiguobacterium_unclassified",0.000178394071262849,1,0.63896958360701
1,1,10001,10001,5001,5001,1,0.5000499950005,9.99900009999e-05,"Facklamia_hominis",0.000178394071262849,1,0.63896958360701
1,1,10001,10001,5001,5001,1,0.5000499950005,9.99900009999e-05,"Facklamia_unclassified",0.000178394071262849,1,0.63896958360701
1,1,10001,10001,5001,5001,1,0.5000499950005,9.99900009999e-05,"Filifactor_alocis",0.000178394071262849,1,0.63896958360701
1,1,10001,10001,5001,5001,1,0.5000499950005,9.99900009999e-05,"Finegoldia_magna",0.000178394071262849,1,0.63896958360701
1,1,10001,10001,5001,5001,1,0.5000499950005,9.99900009999e-05,"Fretibacterium_fastidiosum",0.000178394071262849,1,0.63896958360701
1,1,10001,10001,5001,5001,1,0.5000499950005,9.99900009999e-05,"Fusobacterium_necrophorum",0.000178394071262849,1,0.63896958360701
1,1,10001,10001,5001,5001,1,0.5000499950005,9.99900009999e-05,"Fusobacterium_sp_oral_taxon_370",0.000178394071262849,1,0.63896958360701
1,1,10001,10001,5001,5001,1,0.5000499950005,9.99900009999e-05,"Gemella_bergeri",0.000178394071262849,1,0.63896958360701
1,1,10001,10001,5001,5001,1,0.5000499950005,9.99900009999e-05,"Haemophilus_parahaemolyticus",0.000178394071262849,1,0.63896958360701
1,1,10001,10001,5001,5001,1,0.5000499950005,9.99900009999e-05,"Haemophilus_paraphrohaemolyticus",0.000178394071262849,1,0.63896958360701
1,1,10001,10001,5001,5001,1,0.5000499950005,9.99900009999e-05,"Haemophilus_pittmaniae",0.000178394071262849,1,0.63896958360701
1,1,10001,10001,5001,5001,1,0.5000499950005,9.99900009999e-05,"Helicobacter_cinaedi",0.000178394071262849,1,0.63896958360701
1,1,10001,10001,5001,5001,1,0.5000499950005,9.99900009999e-05,"Helicobacter_pullorum",0.000178394071262849,1,0.63896958360701
1,1,10001,10001,5001,5001,1,0.5000499950005,9.99900009999e-05,"Helicobacter_pylori",0.000178394071262849,1,0.63896958360701
1,1,10001,10001,5001,5001,1,0.5000499950005,9.99900009999e-05,"Jonquetella_anthropi",0.000178394071262849,1,0.63896958360701
1,1,10001,10001,5001,5001,1,0.5000499950005,9.99900009999e-05,"Jonquetella_unclassified",0.000178394071262849,1,0.63896958360701
1,1,10001,10001,5001,5001,1,0.5000499950005,9.99900009999e-05,"Kingella_oralis",0.000178394071262849,1,0.63896958360701
1,1,10001,10001,5001,5001,1,0.5000499950005,9.99900009999e-05,"Kingella_unclassified",0.000178394071262849,1,0.63896958360701
1,1,10001,10001,5001,5001,1,0.5000499950005,9.99900009999e-05,"Klebsiella_sp_MS_92_3",0.000178394071262849,1,0.63896958360701
1,1,10001,10001,5001,5001,1,0.5000499950005,9.99900009999e-05,"Klebsiella_variicola",0.000178394071262849,1,0.63896958360701
1,1,10001,10001,5001,5001,1,0.5000499950005,9.99900009999e-05,"Lachnoanaerobaculum_saburreum",0.000178394071262849,1,0.63896958360701
1,1,10001,10001,5001,5001,1,0.5000499950005,9.99900009999e-05,"Lachnospiraceae_bacterium_2_1_46FAA",0.000178394071262849,1,0.63896958360701
1,1,10001,10001,5001,5001,1,0.5000499950005,9.99900009999e-05,"Lachnospiraceae_bacterium_ICM7",0.000178394071262849,1,0.63896958360701
1,1,10001,10001,5001,5001,1,0.5000499950005,9.99900009999e-05,"Lachnospiraceae_oral_taxon_107",0.000178394071262849,1,0.63896958360701
1,1,10001,10001,5001,5001,1,0.5000499950005,9.99900009999e-05,"Lactobacillus_acidophilus",0.000178394071262849,1,0.63896958360701
1,1,10001,10001,5001,5001,1,0.5000499950005,9.99900009999e-05,"Lactobacillus_amylovorus",0.000178394071262849,1,0.63896958360701
1,1,10001,10001,5001,5001,1,0.5000499950005,9.99900009999e-05,"Lactobacillus_animalis",0.000178394071262849,1,0.63896958360701
1,1,10001,10001,5001,5001,1,0.5000499950005,9.99900009999e-05,"Lactobacillus_antri",0.000178394071262849,1,0.63896958360701
1,1,10001,10001,5001,5001,1,0.5000499950005,9.99900009999e-05,"Lactobacillus_brevis",0.000178394071262849,1,0.63896958360701
1,1,10001,10001,5001,5001,1,0.5000499950005,9.99900009999e-05,"Lactobacillus_buchneri",0.000178394071262849,1,0.63896958360701
1,1,10001,10001,5001,5001,1,0.5000499950005,9.99900009999e-05,"Lactobacillus_farciminis",0.000178394071262849,1,0.63896958360701
1,1,10001,10001,5001,5001,1,0.5000499950005,9.99900009999e-05,"Lactobacillus_gastricus",0.000178394071262849,1,0.63896958360701
1,1,10001,10001,5001,5001,1,0.5000499950005,9.99900009999e-05,"Lactobacillus_helveticus",0.000178394071262849,1,0.63896958360701
1,1,10001,10001,5001,5001,1,0.5000499950005,9.99900009999e-05,"Lactobacillus_iners",0.000178394071262849,1,0.63896958360701
1,1,10001,10001,5001,5001,1,0.5000499950005,9.99900009999e-05,"Lactobacillus_jensenii",0.000178394071262849,1,0.63896958360701
1,1,10001,10001,5001,5001,1,0.5000499950005,9.99900009999e-05,"Lactobacillus_kefiranofaciens",0.000178394071262849,1,0.63896958360701
1,1,10001,10001,5001,5001,1,0.5000499950005,9.99900009999e-05,"Lactobacillus_murinus",0.000178394071262849,1,0.63896958360701
1,1,10001,10001,5001,5001,1,0.5000499950005,9.99900009999e-05,"Lactobacillus_otakiensis",0.000178394071262849,1,0.63896958360701
1,1,10001,10001,5001,5001,1,0.5000499950005,9.99900009999e-05,"Lactobacillus_parafarraginis",0.000178394071262849,1,0.63896958360701
1,1,10001,10001,5001,5001,1,0.5000499950005,9.99900009999e-05,"Lactobacillus_pentosus",0.000178394071262849,1,0.63896958360701
1,1,10001,10001,5001,5001,1,0.5000499950005,9.99900009999e-05,"Lactobacillus_plantarum",0.000178394071262849,1,0.63896958360701
1,1,10001,10001,5001,5001,1,0.5000499950005,9.99900009999e-05,"Lactobacillus_reuteri",0.000178394071262849,1,0.63896958360701
1,1,10001,10001,5001,5001,1,0.5000499950005,9.99900009999e-05,"Lactobacillus_saerimneri",0.000178394071262849,1,0.63896958360701
1,1,10001,10001,5001,5001,1,0.5000499950005,9.99900009999e-05,"Lactobacillus_sp_7_1_47FAA",0.000178394071262849,1,0.63896958360701
1,1,10001,10001,5001,5001,1,0.5000499950005,9.99900009999e-05,"Lactobacillus_ultunensis",0.000178394071262849,1,0.63896958360701
1,1,10001,10001,5001,5001,1,0.5000499950005,9.99900009999e-05,"Lactobacillus_versmoldensis",0.000178394071262849,1,0.63896958360701
1,1,10001,10001,5001,5001,1,0.5000499950005,9.99900009999e-05,"Lactobacillus_zeae",0.000178394071262849,1,0.63896958360701
1,1,10001,10001,5001,5001,1,0.5000499950005,9.99900009999e-05,"Lactococcus_raffinolactis",0.000178394071262849,1,0.63896958360701
1,1,10001,10001,5001,5001,1,0.5000499950005,9.99900009999e-05,"Leifsonia_unclassified",0.000178394071262849,1,0.63896958360701
1,1,10001,10001,5001,5001,1,0.5000499950005,9.99900009999e-05,"Leptotrichia_hofstadii",0.000178394071262849,1,0.63896958360701
1,1,10001,10001,5001,5001,1,0.5000499950005,9.99900009999e-05,"Leptotrichia_shahii",0.000178394071262849,1,0.63896958360701
1,1,10001,10001,5001,5001,1,0.5000499950005,9.99900009999e-05,"Leptotrichia_wadei",0.000178394071262849,1,0.63896958360701
1,1,10001,10001,5001,5001,1,0.5000499950005,9.99900009999e-05,"Leucobacter_unclassified",0.000178394071262849,1,0.63896958360701
1,1,10001,10001,5001,5001,1,0.5000499950005,9.99900009999e-05,"Leuconostoc_citreum",0.000178394071262849,1,0.63896958360701
1,1,10001,10001,5001,5001,1,0.5000499950005,9.99900009999e-05,"Leuconostoc_gasicomitatum",0.000178394071262849,1,0.63896958360701
1,1,10001,10001,5001,5001,1,0.5000499950005,9.99900009999e-05,"Lysinibacillus_boronitolerans",0.000178394071262849,1,0.63896958360701
1,1,10001,10001,5001,5001,1,0.5000499950005,9.99900009999e-05,"Lysinibacillus_fusiformis",0.000178394071262849,1,0.63896958360701
1,1,10001,10001,5001,5001,1,0.5000499950005,9.99900009999e-05,"Lysinibacillus_unclassified",0.000178394071262849,1,0.63896958360701
1,1,10001,10001,5001,5001,1,0.5000499950005,9.99900009999e-05,"Macrococcus_caseolyticus",0.000178394071262849,1,0.63896958360701
1,1,10001,10001,5001,5001,1,0.5000499950005,9.99900009999e-05,"Megasphaera_elsdenii",0.000178394071262849,1,0.63896958360701
1,1,10001,10001,5001,5001,1,0.5000499950005,9.99900009999e-05,"Megasphaera_genomosp_type_1",0.000178394071262849,1,0.63896958360701
1,1,10001,10001,5001,5001,1,0.5000499950005,9.99900009999e-05,"Megasphaera_sp_BV3C16_1",0.000178394071262849,1,0.63896958360701
1,1,10001,10001,5001,5001,1,0.5000499950005,9.99900009999e-05,"Meiothermus_silvanus",0.000178394071262849,1,0.63896958360701
1,1,10001,10001,5001,5001,1,0.5000499950005,9.99900009999e-05,"Mitsuokella_multacida",0.000178394071262849,1,0.63896958360701
1,1,10001,10001,5001,5001,1,0.5000499950005,9.99900009999e-05,"Mobiluncus_curtisii",0.000178394071262849,1,0.63896958360701
1,1,10001,10001,5001,5001,1,0.5000499950005,9.99900009999e-05,"Mobiluncus_unclassified",0.000178394071262849,1,0.63896958360701
1,1,10001,10001,5001,5001,1,0.5000499950005,9.99900009999e-05,"Mogibacterium_sp_CM50",0.000178394071262849,1,0.63896958360701
1,1,10001,10001,5001,5001,1,0.5000499950005,9.99900009999e-05,"Moraxella_catarrhalis",0.000178394071262849,1,0.63896958360701
1,1,10001,10001,5001,5001,1,0.5000499950005,9.99900009999e-05,"Mucispirillum_schaedleri",0.000178394071262849,1,0.63896958360701
1,1,10001,10001,5001,5001,1,0.5000499950005,9.99900009999e-05,"Neisseria_flavescens",0.000178394071262849,1,0.63896958360701
1,1,10001,10001,5001,5001,1,0.5000499950005,9.99900009999e-05,"Neisseria_meningitidis",0.000178394071262849,1,0.63896958360701
1,1,10001,10001,5001,5001,1,0.5000499950005,9.99900009999e-05,"Neisseria_sicca",0.000178394071262849,1,0.63896958360701
1,1,10001,10001,5001,5001,1,0.5000499950005,9.99900009999e-05,"Neisseria_subflava",0.000178394071262849,1,0.63896958360701
1,1,10001,10001,5001,5001,1,0.5000499950005,9.99900009999e-05,"Odoribacter_laneus",0.000178394071262849,1,0.63896958360701
1,1,10001,10001,5001,5001,1,0.5000499950005,9.99900009999e-05,"Olsenella_profusa",0.000178394071262849,1,0.63896958360701
1,1,10001,10001,5001,5001,1,0.5000499950005,9.99900009999e-05,"Oribacterium_sp_oral_taxon_078",0.000178394071262849,1,0.63896958360701
1,1,10001,10001,5001,5001,1,0.5000499950005,9.99900009999e-05,"Oscillibacter_sp_KLE_1728",0.000178394071262849,1,0.63896958360701
1,1,10001,10001,5001,5001,1,0.5000499950005,9.99900009999e-05,"Oscillibacter_valericigenes",0.000178394071262849,1,0.63896958360701
1,1,10001,10001,5001,5001,1,0.5000499950005,9.99900009999e-05,"Parascardovia_denticolens",0.000178394071262849,1,0.63896958360701
1,1,10001,10001,5001,5001,1,0.5000499950005,9.99900009999e-05,"Parvimonas_sp_oral_taxon_110",0.000178394071262849,1,0.63896958360701
1,1,10001,10001,5001,5001,1,0.5000499950005,9.99900009999e-05,"Parvimonas_sp_oral_taxon_393",0.000178394071262849,1,0.63896958360701
1,1,10001,10001,5001,5001,1,0.5000499950005,9.99900009999e-05,"Pasteurella_multocida",0.000178394071262849,1,0.63896958360701
1,1,10001,10001,5001,5001,1,0.5000499950005,9.99900009999e-05,"Pasteurella_unclassified",0.000178394071262849,1,0.63896958360701
1,1,10001,10001,5001,5001,1,0.5000499950005,9.99900009999e-05,"Pediococcus_pentosaceus",0.000178394071262849,1,0.63896958360701
1,1,10001,10001,5001,5001,1,0.5000499950005,9.99900009999e-05,"Pedobacter_unclassified",0.000178394071262849,1,0.63896958360701
1,1,10001,10001,5001,5001,1,0.5000499950005,9.99900009999e-05,"Porphyromonas_gingivalis",0.000178394071262849,1,0.63896958360701
1,1,10001,10001,5001,5001,1,0.5000499950005,9.99900009999e-05,"Prevotella_amnii",0.000178394071262849,1,0.63896958360701
1,1,10001,10001,5001,5001,1,0.5000499950005,9.99900009999e-05,"Prevotella_baroniae",0.000178394071262849,1,0.63896958360701
1,1,10001,10001,5001,5001,1,0.5000499950005,9.99900009999e-05,"Prevotella_bergensis",0.000178394071262849,1,0.63896958360701
1,1,10001,10001,5001,5001,1,0.5000499950005,9.99900009999e-05,"Prevotella_buccalis",0.000178394071262849,1,0.63896958360701
1,1,10001,10001,5001,5001,1,0.5000499950005,9.99900009999e-05,"Prevotella_dentalis",0.000178394071262849,1,0.63896958360701
1,1,10001,10001,5001,5001,1,0.5000499950005,9.99900009999e-05,"Prevotella_disiens",0.000178394071262849,1,0.63896958360701
1,1,10001,10001,5001,5001,1,0.5000499950005,9.99900009999e-05,"Prevotella_melaninogenica",0.000178394071262849,1,0.63896958360701
1,1,10001,10001,5001,5001,1,0.5000499950005,9.99900009999e-05,"Prevotella_multiformis",0.000178394071262849,1,0.63896958360701
1,1,10001,10001,5001,5001,1,0.5000499950005,9.99900009999e-05,"Prevotella_multisaccharivorax",0.000178394071262849,1,0.63896958360701
1,1,10001,10001,5001,5001,1,0.5000499950005,9.99900009999e-05,"Prevotella_nigrescens",0.000178394071262849,1,0.63896958360701
1,1,10001,10001,5001,5001,1,0.5000499950005,9.99900009999e-05,"Prevotella_oralis",0.000178394071262849,1,0.63896958360701
1,1,10001,10001,5001,5001,1,0.5000499950005,9.99900009999e-05,"Prevotella_oulorum",0.000178394071262849,1,0.63896958360701
1,1,10001,10001,5001,5001,1,0.5000499950005,9.99900009999e-05,"Prevotella_pallens",0.000178394071262849,1,0.63896958360701
1,1,10001,10001,5001,5001,1,0.5000499950005,9.99900009999e-05,"Prevotella_pleuritidis",0.000178394071262849,1,0.63896958360701
1,1,10001,10001,5001,5001,1,0.5000499950005,9.99900009999e-05,"Prevotella_ruminicola",0.000178394071262849,1,0.63896958360701
1,1,10001,10001,5001,5001,1,0.5000499950005,9.99900009999e-05,"Prevotella_salivae",0.000178394071262849,1,0.63896958360701
1,1,10001,10001,5001,5001,1,0.5000499950005,9.99900009999e-05,"Prevotella_sp_MSX73",0.000178394071262849,1,0.63896958360701
1,1,10001,10001,5001,5001,1,0.5000499950005,9.99900009999e-05,"Prevotella_sp_oral_taxon_473",0.000178394071262849,1,0.63896958360701
1,1,10001,10001,5001,5001,1,0.5000499950005,9.99900009999e-05,"Prevotella_veroralis",0.000178394071262849,1,0.63896958360701
1,1,10001,10001,5001,5001,1,0.5000499950005,9.99900009999e-05,"Propionibacterium_granulosum",0.000178394071262849,1,0.63896958360701
1,1,10001,10001,5001,5001,1,0.5000499950005,9.99900009999e-05,"Proteus_mirabilis",0.000178394071262849,1,0.63896958360701
1,1,10001,10001,5001,5001,1,0.5000499950005,9.99900009999e-05,"Proteus_penneri",0.000178394071262849,1,0.63896958360701
1,1,10001,10001,5001,5001,1,0.5000499950005,9.99900009999e-05,"Proteus_unclassified",0.000178394071262849,1,0.63896958360701
1,1,10001,10001,5001,5001,1,0.5000499950005,9.99900009999e-05,"Providencia_rettgeri",0.000178394071262849,1,0.63896958360701
1,1,10001,10001,5001,5001,1,0.5000499950005,9.99900009999e-05,"Providencia_unclassified",0.000178394071262849,1,0.63896958360701
1,1,10001,10001,5001,5001,1,0.5000499950005,9.99900009999e-05,"Pseudomonas_fragi",0.000178394071262849,1,0.63896958360701
1,1,10001,10001,5001,5001,1,0.5000499950005,9.99900009999e-05,"Pseudomonas_protegens",0.000178394071262849,1,0.63896958360701
1,1,10001,10001,5001,5001,1,0.5000499950005,9.99900009999e-05,"Pseudomonas_stutzeri",0.000178394071262849,1,0.63896958360701
1,1,10001,10001,5001,5001,1,0.5000499950005,9.99900009999e-05,"Pseudoramibacter_alactolyticus",0.000178394071262849,1,0.63896958360701
1,1,10001,10001,5001,5001,1,0.5000499950005,9.99900009999e-05,"Pusillimonas_unclassified",0.000178394071262849,1,0.63896958360701
1,1,10001,10001,5001,5001,1,0.5000499950005,9.99900009999e-05,"Ralstonia_pickettii",0.000178394071262849,1,0.63896958360701
1,1,10001,10001,5001,5001,1,0.5000499950005,9.99900009999e-05,"Ralstonia_unclassified",0.000178394071262849,1,0.63896958360701
1,1,10001,10001,5001,5001,1,0.5000499950005,9.99900009999e-05,"Rhizobium_lupini",0.000178394071262849,1,0.63896958360701
1,1,10001,10001,5001,5001,1,0.5000499950005,9.99900009999e-05,"Rhodococcus_erythropolis",0.000178394071262849,1,0.63896958360701
1,1,10001,10001,5001,5001,1,0.5000499950005,9.99900009999e-05,"Rhodococcus_qingshengii",0.000178394071262849,1,0.63896958360701
1,1,10001,10001,5001,5001,1,0.5000499950005,9.99900009999e-05,"Rhodospirillum_unclassified",0.000178394071262849,1,0.63896958360701
1,1,10001,10001,5001,5001,1,0.5000499950005,9.99900009999e-05,"Riemerella_unclassified",0.000178394071262849,1,0.63896958360701
1,1,10001,10001,5001,5001,1,0.5000499950005,9.99900009999e-05,"Rothia_aeria",0.000178394071262849,1,0.63896958360701
1,1,10001,10001,5001,5001,1,0.5000499950005,9.99900009999e-05,"Ruminococcus_sp",0.000178394071262849,1,0.63896958360701
1,1,10001,10001,5001,5001,1,0.5000499950005,9.99900009999e-05,"Saccharomonospora_unclassified",0.000178394071262849,1,0.63896958360701
1,1,10001,10001,5001,5001,1,0.5000499950005,9.99900009999e-05,"Salmonella_enterica",0.000178394071262849,1,0.63896958360701
1,1,10001,10001,5001,5001,1,0.5000499950005,9.99900009999e-05,"Salmonella_unclassified",0.000178394071262849,1,0.63896958360701
1,1,10001,10001,5001,5001,1,0.5000499950005,9.99900009999e-05,"Selenomonas_artemidis",0.000178394071262849,1,0.63896958360701
1,1,10001,10001,5001,5001,1,0.5000499950005,9.99900009999e-05,"Selenomonas_bovis",0.000178394071262849,1,0.63896958360701
1,1,10001,10001,5001,5001,1,0.5000499950005,9.99900009999e-05,"Selenomonas_flueggei",0.000178394071262849,1,0.63896958360701
1,1,10001,10001,5001,5001,1,0.5000499950005,9.99900009999e-05,"Selenomonas_infelix",0.000178394071262849,1,0.63896958360701
1,1,10001,10001,5001,5001,1,0.5000499950005,9.99900009999e-05,"Selenomonas_noxia",0.000178394071262849,1,0.63896958360701
1,1,10001,10001,5001,5001,1,0.5000499950005,9.99900009999e-05,"Serratia_liquefaciens",0.000178394071262849,1,0.63896958360701
1,1,10001,10001,5001,5001,1,0.5000499950005,9.99900009999e-05,"Serratia_marcescens",0.000178394071262849,1,0.63896958360701
1,1,10001,10001,5001,5001,1,0.5000499950005,9.99900009999e-05,"Serratia_proteamaculans",0.000178394071262849,1,0.63896958360701
1,1,10001,10001,5001,5001,1,0.5000499950005,9.99900009999e-05,"Shigella_flexneri",0.000178394071262849,1,0.63896958360701
1,1,10001,10001,5001,5001,1,0.5000499950005,9.99900009999e-05,"Shuttleworthia_satelles",0.000178394071262849,1,0.63896958360701
1,1,10001,10001,5001,5001,1,0.5000499950005,9.99900009999e-05,"Sodalis_glossinidius",0.000178394071262849,1,0.63896958360701
1,1,10001,10001,5001,5001,1,0.5000499950005,9.99900009999e-05,"Sphingobium_yanoikuyae",0.000178394071262849,1,0.63896958360701
1,1,10001,10001,5001,5001,1,0.5000499950005,9.99900009999e-05,"Spiribacter_unclassified",0.000178394071262849,1,0.63896958360701
1,1,10001,10001,5001,5001,1,0.5000499950005,9.99900009999e-05,"Staphylococcus_aureus",0.000178394071262849,1,0.63896958360701
1,1,10001,10001,5001,5001,1,0.5000499950005,9.99900009999e-05,"Staphylococcus_carnosus",0.000178394071262849,1,0.63896958360701
1,1,10001,10001,5001,5001,1,0.5000499950005,9.99900009999e-05,"Staphylococcus_epidermidis",0.000178394071262849,1,0.63896958360701
1,1,10001,10001,5001,5001,1,0.5000499950005,9.99900009999e-05,"Staphylococcus_haemolyticus",0.000178394071262849,1,0.63896958360701
1,1,10001,10001,5001,5001,1,0.5000499950005,9.99900009999e-05,"Staphylococcus_saprophyticus",0.000178394071262849,1,0.63896958360701
1,1,10001,10001,5001,5001,1,0.5000499950005,9.99900009999e-05,"Staphylococcus_vitulinus",0.000178394071262849,1,0.63896958360701
1,1,10001,10001,5001,5001,1,0.5000499950005,9.99900009999e-05,"Staphylococcus_warneri",0.000178394071262849,1,0.63896958360701
1,1,10001,10001,5001,5001,1,0.5000499950005,9.99900009999e-05,"Staphylococcus_xylosus",0.000178394071262849,1,0.63896958360701
1,1,10001,10001,5001,5001,1,0.5000499950005,9.99900009999e-05,"Streptococcus_downei",0.000178394071262849,1,0.63896958360701
1,1,10001,10001,5001,5001,1,0.5000499950005,9.99900009999e-05,"Streptococcus_dysgalactiae",0.000178394071262849,1,0.63896958360701
1,1,10001,10001,5001,5001,1,0.5000499950005,9.99900009999e-05,"Streptococcus_infantarius",0.000178394071262849,1,0.63896958360701
1,1,10001,10001,5001,5001,1,0.5000499950005,9.99900009999e-05,"Streptococcus_lutetiensis",0.000178394071262849,1,0.63896958360701
1,1,10001,10001,5001,5001,1,0.5000499950005,9.99900009999e-05,"Streptococcus_massiliensis",0.000178394071262849,1,0.63896958360701
1,1,10001,10001,5001,5001,1,0.5000499950005,9.99900009999e-05,"Streptococcus_parauberis",0.000178394071262849,1,0.63896958360701
1,1,10001,10001,5001,5001,1,0.5000499950005,9.99900009999e-05,"Streptococcus_sobrinus",0.000178394071262849,1,0.63896958360701
1,1,10001,10001,5001,5001,1,0.5000499950005,9.99900009999e-05,"Streptococcus_sp_BS35b",0.000178394071262849,1,0.63896958360701
1,1,10001,10001,5001,5001,1,0.5000499950005,9.99900009999e-05,"Streptococcus_sp_GMD5S",0.000178394071262849,1,0.63896958360701
1,1,10001,10001,5001,5001,1,0.5000499950005,9.99900009999e-05,"Streptococcus_uberis",0.000178394071262849,1,0.63896958360701
1,1,10001,10001,5001,5001,1,0.5000499950005,9.99900009999e-05,"Sutterella_parvirubra",0.000178394071262849,1,0.63896958360701
1,1,10001,10001,5001,5001,1,0.5000499950005,9.99900009999e-05,"Tannerella_forsythia",0.000178394071262849,1,0.63896958360701
1,1,10001,10001,5001,5001,1,0.5000499950005,9.99900009999e-05,"Terriglobus_unclassified",0.000178394071262849,1,0.63896958360701
1,1,10001,10001,5001,5001,1,0.5000499950005,9.99900009999e-05,"Tetragenococcus_halophilus",0.000178394071262849,1,0.63896958360701
1,1,10001,10001,5001,5001,1,0.5000499950005,9.99900009999e-05,"Thiomonas_unclassified",0.000178394071262849,1,0.63896958360701
1,1,10001,10001,5001,5001,1,0.5000499950005,9.99900009999e-05,"Treponema_medium",0.000178394071262849,1,0.63896958360701
1,1,10001,10001,5001,5001,1,0.5000499950005,9.99900009999e-05,"Treponema_vincentii",0.000178394071262849,1,0.63896958360701
1,1,10001,10001,5001,5001,1,0.5000499950005,9.99900009999e-05,"Variovorax_unclassified",0.000178394071262849,1,0.63896958360701
1,1,10001,10001,5001,5001,1,0.5000499950005,9.99900009999e-05,"Veillonella_ratti",0.000178394071262849,1,0.63896958360701
1,1,10001,10001,5001,5001,1,0.5000499950005,9.99900009999e-05,"Veillonella_sp_3_1_44",0.000178394071262849,1,0.63896958360701
1,1,10001,10001,5001,5001,1,0.5000499950005,9.99900009999e-05,"Veillonella_sp_6_1_27",0.000178394071262849,1,0.63896958360701
1,1,10001,10001,5001,5001,1,0.5000499950005,9.99900009999e-05,"Weissella_cibaria",0.000178394071262849,1,0.63896958360701
1,1,10001,10001,5001,5001,1,0.5000499950005,9.99900009999e-05,"Xanthomonas_arboricola",0.000178394071262849,1,0.63896958360701
1,1,10001,10001,5001,5001,1,0.5000499950005,9.99900009999e-05,"Yersinia_enterocolitica",0.000178394071262849,1,0.63896958360701
1,1,10001,10001,5001,5001,1,0.5000499950005,9.99900009999e-05,"Yersinia_unclassified",0.000178394071262849,1,0.63896958360701
4113,4118,5884,5889,4998.5,5003.5,0.588841115888411,0.500299970003,0.411758824117588,"Actinobacillus_unclassified",0.531516327720908,1,0.63896958360701
3520,3525,6477,6482,4998.5,5003.5,0.648135186481352,0.500299970003,0.352464753524648,"Acidaminococcus_fermentans",0.47104490294465,1,0.63896958360701
3501,3511,6491,6501,4996,5006,0.65003499650035,0.500549945005499,0.351064893510649,"Stomatobaculum_longum",0.470924735884621,1,0.63896958360701
4726,4741,5261,5276,4993.5,5008.5,0.527547245275472,0.500799920007999,0.474052594740526,"Butyrivibrio_crossotus",0.590847225957016,1,0.63896958360701
4075,4093,5909,5927,4992,5010,0.592640735926407,0.500949905009499,0.409259074092591,"Pantoea_unclassified",0.529756916394691,1,0.63896958360701
4121,4154,5848,5881,4984.5,5017.5,0.588041195880412,0.501699830016998,0.415358464153585,"Megasphaera_unclassified",0.53520203535202,1,0.63896958360701
4686,4736,5266,5316,4976,5026,0.531546845315468,0.502549745025497,0.473552644735526,"Gemella_unclassified",0.590847225957016,1,0.63896958360701
3463,3522,6480,6539,4971.5,5030.5,0.653834616538346,0.502999700029997,0.352164783521648,"Anaerofustis_stercorihominis",0.47104490294465,1,0.63896958360701
3449,3553,6449,6553,4949,5053,0.655234476552345,0.505249475052495,0.355264473552645,"Lactobacillus_delbrueckii",0.473028067563614,1,0.640695542438701
3455,3586,6416,6547,4935.5,5066.5,0.654634536546345,0.506599340065993,0.358564143585641,"Klebsiella_oxytoca",0.475659814092391,1,0.641276277301847
3443,3624,6378,6559,4910.5,5091.5,0.655834416558344,0.509099090090991,0.362363763623638,"Anaerostipes_caccae",0.479815001925222,1,0.643307989060496
4536,5269,4733,5466,4634.5,5367.5,0.546545345465453,0.536696330366963,0.526847315268473,"Bacteroidales_bacterium_ph8",0.608030850205509,1,0.676990634269906
4462,5227,4775,5540,4618.5,5383.5,0.553944605539446,0.538296170382962,0.522647735226477,"Bacteroides_faecis",0.604153893292343,1,0.67726295552263
4186,4961,5041,5816,4613.5,5388.5,0.581541845815418,0.538796120387961,0.496050394960504,"Gemella_haemolysans",0.590847225957016,1,0.67726295552263
4408,5391,4611,5594,4509.5,5492.5,0.559344065593441,0.549195080491951,0.539046095390461,"Dorea_longicatena",0.62111240798997,1,0.689129603619045
4293,5482,4520,5709,4406.5,5595.5,0.570842915708429,0.559494050594941,0.548145185481452,"Ruminococcus_sp_5_1_39BFAA",0.630586221377862,1,0.700829655710387
3801,5074,4928,6201,4364.5,5637.5,0.62003799620038,0.563693630636936,0.507349265073493,"Turicibacter_unclassified",0.590847225957016,1,0.704862122483404
4094,5684,4318,5908,4206,5796,0.590740925907409,0.57954204579542,0.568343165683432,"Holdemania_filiformis",0.650698624405075,1,0.723421407859214
3979,5767,4235,6023,4107,5895,0.602239776022398,0.589441055894411,0.576642335766423,"Coprococcus_catus",0.657859095231523,1,0.734502806218511
3953,5774,4228,6049,4090.5,5911.5,0.604839516048395,0.591090890910909,0.577342265773423,"Dialister_invisus",0.657859095231523,1,0.735284343537965
3860,5924,4078,6142,3969,6033,0.614138586141386,0.603239676032397,0.592340765923408,"Bifidobacterium_longum",0.673881346042611,1,0.749100737594634
3364,5768,4234,6638,3799,6203,0.663733626637336,0.62023797620238,0.576742325767423,"Collinsella_unclassified",0.657859095231523,1,0.768881215326743
3676,6115,3887,6326,3781.5,6220.5,0.632536746325367,0.621987801219878,0.611438856114389,"Adlercreutzia_equolifaciens",0.693414097076097,1,0.769723285846975
2387,4863,5139,7615,3763,6239,0.761423857614239,0.623837616238376,0.486251374862514,"Streptococcus_pseudopneumoniae",0.590847225957016,1,0.769887782019761
3647,6170,3832,6355,3739.5,6262.5,0.635436456354365,0.626187381261874,0.616938306169383,"Bacteroides_uniformis",0.696012273772623,1,0.769887782019761
2382,4920,5082,7620,3732,6270,0.761923807619238,0.626937306269373,0.491950804919508,"Propionibacterium_acnes",0.590847225957016,1,0.769887782019761
3558,6107,3895,6444,3726.5,6275.5,0.644335566443356,0.627487251274872,0.610638936106389,"Streptococcus_gordonii",0.693414097076097,1,0.769887782019761
3592,6178,3824,6410,3708,6294,0.640935906409359,0.629337066293371,0.617738226177382,"Bacteroides_cellulosilyticus",0.696012273772623,1,0.769887782019761
3542,6134,3868,6460,3705,6297,0.645935406459354,0.62963703629637,0.613338666133387,"Bifidobacterium_dentium",0.69447322984237,1,0.769887782019761
2930,5527,4475,7072,3702.5,6299.5,0.707129287071293,0.62988701129887,0.552644735526447,"Klebsiella_unclassified",0.634746908695712,1,0.769887782019761
3578,6191,3811,6424,3694.5,6307.5,0.642335766423358,0.630686931306869,0.619038096190381,"Bacteroides_massiliensis",0.696012273772623,1,0.769887782019761
2348,5015,4987,7654,3667.5,6334.5,0.765323467653235,0.633386661333867,0.501449855014499,"Enterococcus_durans",0.590847225957016,1,0.770642599605586
2335,5008,4994,7667,3664.5,6337.5,0.766623337666233,0.633686631336866,0.500749925007499,"Megamonas_hypermegale",0.590847225957016,1,0.770642599605586
2321,5032,4970,7681,3645.5,6356.5,0.768023197680232,0.635586441355864,0.503149685031497,"Catenibacterium_mitsuokai",0.590847225957016,1,0.770642599605586
2892,5614,4388,7110,3640,6362,0.710928907109289,0.636136386361364,0.561343865613439,"Enterobacter_cloacae",0.643710110647627,1,0.770642599605586
2275,5013,4989,7727,3632,6370,0.772622737726227,0.636936306369363,0.501249875012499,"Alistipes_sp_HGB5",0.590847225957016,1,0.770642599605586
3434,6188,3814,6568,3624,6378,0.656734326567343,0.637736226377362,0.618738126187381,"Bacteroides_clarus",0.696012273772623,1,0.770642599605586
3484,6345,3657,6518,3570.5,6431.5,0.651734826517348,0.643085691430857,0.634436556344366,"Lachnospiraceae_bacterium_5_1_63FAA",0.710529414348285,1,0.774563749655185
2242,5104,4898,7760,3570,6432,0.775922407759224,0.643135686431357,0.51034896510349,"Megamonas_funiformis",0.591840170821628,1,0.774563749655185
3160,6525,3477,6842,3318.5,6683.5,0.684131586841316,0.668283171682832,0.652434756524348,"Parabacteroides_unclassified",0.729549906595655,1,0.803504348561799
3123,6669,3333,6879,3228,6774,0.687831216878312,0.677332266773323,0.666833316668333,"Alistipes_senegalensis",0.744492476218217,1,0.813024874474155
3059,6766,3236,6943,3147.5,6854.5,0.694230576942306,0.685381461853815,0.676532346765323,"Escherichia_unclassified",0.752152141818276,1,0.821315451788154
2316,6196,3806,7686,3061,6941,0.768523147685231,0.694030596940306,0.61953804619538,"Enterococcus_faecium",0.696012273772623,1,0.826549135678238
2269,6227,3775,7733,3022,6980,0.773222677732227,0.697930206979302,0.622637736226377,"Actinomyces_massiliensis",0.698403326594018,1,0.826549135678238
2849,6930,3072,7153,2960.5,7041.5,0.715228477152285,0.704079592040796,0.692930706929307,"Bifidobacterium_adolescentis",0.766487966587956,1,0.826549135678238
2792,7048,2954,7210,2873,7129,0.720927907209279,0.712828717128287,0.704729527047295,"Bacteroides_xylanisolvens",0.778341827875584,1,0.826549135678238
2660,7184,2818,7342,2739,7263,0.734126587341266,0.726227377262274,0.718328167183282,"Bacteroides_vulgatus",0.789721639456849,1,0.826549135678238
2549,7265,2737,7453,2643,7359,0.745225477452255,0.735826417358264,0.726427357264274,"Ruminococcus_lactaris",0.791790985818959,1,0.826549135678238
2452,7178,2824,7550,2638,7364,0.754924507549245,0.736326367363264,0.717728227177282,"Phascolarctobacterium_succinatutens",0.789721639456849,1,0.826549135678238
1,4902,5100,10001,2550.5,7451.5,1,0.745075492450755,0.49015098490151,"Lactococcus_garvieae",0.590847225957016,1,0.826549135678238
1,4918,5084,10001,2542.5,7459.5,1,0.745875412458754,0.491750824917508,"Burkholderia_unclassified",0.590847225957016,1,0.826549135678238
1,4928,5074,10001,2537.5,7464.5,1,0.746375362463754,0.492750724927507,"Enterococcus_gilvus",0.590847225957016,1,0.826549135678238
1,4941,5061,10001,2531,7471,1,0.747025297470253,0.494050594940506,"Enterococcus_malodoratus",0.590847225957016,1,0.826549135678238
1,4946,5056,10001,2528.5,7473.5,1,0.747275272472753,0.494550544945505,"Candidatus_Zinderia_insecticola",0.590847225957016,1,0.826549135678238
1,4946,5056,10001,2528.5,7473.5,1,0.747275272472753,0.494550544945505,"Enterobacter_aerogenes",0.590847225957016,1,0.826549135678238
1,4946,5056,10001,2528.5,7473.5,1,0.747275272472753,0.494550544945505,"Odoribacter_unclassified",0.590847225957016,1,0.826549135678238
2304,7251,2751,7698,2527.5,7474.5,0.76972302769723,0.747375262473753,0.725027497250275,"Lachnospiraceae_bacterium_8_1_57FAA",0.791790985818959,1,0.826549135678238
1,4954,5048,10001,2524.5,7477.5,1,0.747675232476752,0.495350464953505,"Corynebacterium_casei",0.590847225957016,1,0.826549135678238
1,4957,5045,10001,2523,7479,1,0.747825217478252,0.495650434956504,"Lactobacillus_crispatus",0.590847225957016,1,0.826549135678238
1,4958,5044,10001,2522.5,7479.5,1,0.747875212478752,0.495750424957504,"Staphylococcus_equorum",0.590847225957016,1,0.826549135678238
1,4960,5042,10001,2521.5,7480.5,1,0.747975202479752,0.495950404959504,"Eggerthella_sp_1_3_56FAA",0.590847225957016,1,0.826549135678238
1,4961,5041,10001,2521,7481,1,0.748025197480252,0.496050394960504,"Haemophilus_sputorum",0.590847225957016,1,0.826549135678238
1782,6743,3259,8220,2520.5,7481.5,0.821917808219178,0.748075192480752,0.674232576742326,"Lachnospiraceae_bacterium_6_1_63FAA",0.751586391748422,1,0.826549135678238
2334,7296,2706,7668,2520,7482,0.766723327667233,0.748125187481252,0.729527047295271,"Blautia_hydrogenotrophica",0.791790985818959,1,0.826549135678238
1,4967,5035,10001,2518,7484,1,0.748325167483252,0.496650334966503,"Lactobacillus_curvatus",0.590847225957016,1,0.826549135678238
1,4969,5033,10001,2517,7485,1,0.748425157484252,0.496850314968503,"Leuconostoc_carnosum",0.590847225957016,1,0.826549135678238
1,4973,5029,10001,2515,7487,1,0.748625137486251,0.497250274972503,"Granulicatella_elegans",0.590847225957016,1,0.826549135678238
1,4975,5027,10001,2514,7488,1,0.748725127487251,0.497450254974503,"Enterococcus_gallinarum",0.590847225957016,1,0.826549135678238
2138,7117,2885,7864,2511.5,7490.5,0.786321367863214,0.748975102489751,0.711628837116288,"Lactobacillus_casei_paracasei",0.784756340316888,1,0.826549135678238
1,4985,5017,10001,2509,7493,1,0.749225077492251,0.498450154984502,"Atopobium_minutum",0.590847225957016,1,0.826549135678238
1,4991,5011,10001,2506,7496,1,0.749525047495251,0.499050094990501,"Leuconostoc_pseudomesenteroides",0.590847225957016,1,0.826549135678238
2349,7341,2661,7653,2505,7497,0.765223477652235,0.74962503749625,0.734026597340266,"Bacteroides_plebeius",0.791790985818959,1,0.826549135678238
1,4993,5009,10001,2505,7497,1,0.74962503749625,0.499250074992501,"Varibaculum_cambriense",0.590847225957016,1,0.826549135678238
1,4996,5006,10001,2503.5,7498.5,1,0.74977502249775,0.4995500449955,"Collinsella_tanakaei",0.590847225957016,1,0.826549135678238
1,5003,4999,10001,2500,7502,1,0.75012498750125,0.5002499750025,"Bifidobacterium_angulatum",0.590847225957016,1,0.826549135678238
1,5007,4995,10001,2498,7504,1,0.75032496750325,0.500649935006499,"Lactobacillus_fermentum",0.590847225957016,1,0.826549135678238
1,5009,4993,10001,2497,7505,1,0.75042495750425,0.500849915008499,"Weissella_confusa",0.590847225957016,1,0.826549135678238
1,5010,4992,10001,2496.5,7505.5,1,0.750474952504749,0.500949905009499,"Coprobacillus_sp_D6",0.590847225957016,1,0.826549135678238
1,5011,4991,10001,2496,7506,1,0.750524947505249,0.501049895010499,"Acidaminococcus_sp_BV3L6",0.590847225957016,1,0.826549135678238
1,5012,4990,10001,2495.5,7506.5,1,0.750574942505749,0.501149885011499,"Lachnospiraceae_bacterium_4_1_37FAA",0.590847225957016,1,0.826549135678238
1,5013,4989,10001,2495,7507,1,0.750624937506249,0.501249875012499,"Atopobium_vaginae",0.590847225957016,1,0.826549135678238
1,5016,4986,10001,2493.5,7508.5,1,0.750774922507749,0.501549845015498,"Coprobacillus_sp_29_1",0.590847225957016,1,0.826549135678238
1,5017,4985,10001,2493,7509,1,0.750824917508249,0.501649835016498,"Collinsella_stercoris",0.590847225957016,1,0.826549135678238
2419,7436,2566,7583,2492.5,7509.5,0.758224177582242,0.750874912508749,0.743525647435257,"Pseudoflavonifractor_capillosus",0.796713771245826,1,0.826549135678238
1,5018,4984,10001,2492.5,7509.5,1,0.750874912508749,0.501749825017498,"Shigella_sonnei",0.590847225957016,1,0.826549135678238
1,5030,4972,10001,2486.5,7515.5,1,0.751474852514749,0.502949705029497,"Pediococcus_acidilactici",0.590847225957016,1,0.826549135678238
1,5034,4968,10001,2484.5,7517.5,1,0.751674832516748,0.503349665033497,"Tropheryma_whipplei",0.590847225957016,1,0.826549135678238
1,5035,4967,10001,2484,7518,1,0.751724827517248,0.503449655034497,"Parabacteroides_sp_20_3",0.590847225957016,1,0.826549135678238
1,5037,4965,10001,2483,7519,1,0.751824817518248,0.503649635036496,"Hafnia_alvei",0.590847225957016,1,0.826549135678238
1,5046,4956,10001,2478.5,7523.5,1,0.752274772522748,0.504549545045495,"Carnobacterium_maltaromaticum",0.590847225957016,1,0.826549135678238
1,5048,4954,10001,2477.5,7524.5,1,0.752374762523748,0.504749525047495,"Citrobacter_freundii",0.590847225957016,1,0.826549135678238
1,5049,4953,10001,2477,7525,1,0.752424757524248,0.504849515048495,"Bacteroides_sp_1_1_6",0.590847225957016,1,0.826549135678238
1,5055,4947,10001,2474,7528,1,0.752724727527247,0.505449455054495,"Lactobacillus_ruminis",0.590847225957016,1,0.826549135678238
1,5065,4937,10001,2469,7533,1,0.753224677532247,0.506449355064494,"Alicycliphilus_unclassified",0.590847225957016,1,0.826549135678238
1,5075,4927,10001,2464,7538,1,0.753724627537246,0.507449255074493,"Blautia_hansenii",0.590847225957016,1,0.826549135678238
1,5079,4923,10001,2462,7540,1,0.753924607539246,0.507849215078492,"Pediococcus_unclassified",0.590847225957016,1,0.826549135678238
1690,6769,3233,8312,2461.5,7540.5,0.831116888311169,0.753974602539746,0.676832316768323,"Propionibacterium_freudenreichii",0.752152141818276,1,0.826549135678238
1,5102,4900,10001,2450.5,7551.5,1,0.755074492550745,0.51014898510149,"Scardovia_inopinata",0.591840170821628,1,0.826549135678238
1,5133,4869,10001,2435,7567,1,0.756624337566243,0.513248675132487,"Pediococcus_lolii",0.59424444029027,1,0.826549135678238
1695,6841,3161,8307,2428,7574,0.830616938306169,0.757324267573243,0.684031596840316,"Enterococcus_faecalis",0.757810043340812,1,0.826549135678238
1683,6834,3168,8319,2425.5,7576.5,0.831816818318168,0.757574242575742,0.683331666833317,"Clostridium_sp_L2_50",0.757810043340812,1,0.826549135678238
2151,7635,2367,7851,2259,7743,0.785021497850215,0.774222577742226,0.763423657634237,"Prevotella_copri",0.816458770170531,1,0.843433383934334
2036,7820,2182,7966,2109,7893,0.796520347965203,0.789221077892211,0.781921807819218,"Coprococcus_comes",0.826767323267673,1,0.858471944031013
1780,7708,2294,8222,2037,7965,0.822117788221178,0.796420357964204,0.770722927707229,"Clostridium_nexile",0.817330066403389,1,0.864308983302853
1760,7705,2297,8242,2028.5,7973.5,0.824117588241176,0.797270272972703,0.77042295770423,"Oxalobacter_formigenes",0.817330066403389,1,0.864308983302853
1237,7308,2694,8765,1965.5,8036.5,0.876412358764124,0.803569643035696,0.730726927307269,"Alistipes_unclassified",0.791790985818959,1,0.864308983302853
1560,7643,2359,8442,1959.5,8042.5,0.844115588441156,0.804169583041696,0.764223577642236,"Clostridium_perfringens",0.816458770170531,1,0.864308983302853
1202,7294,2708,8800,1955,8047,0.87991200879912,0.804619538046195,0.729327067293271,"Gardnerella_vaginalis",0.791790985818959,1,0.864308983302853
1781,7883,2119,8221,1950,8052,0.822017798220178,0.805119488051195,0.788221177882212,"Ruminococcus_albus",0.832204151097372,1,0.864308983302853
1549,7656,2346,8453,1947.5,8054.5,0.845215478452155,0.805369463053695,0.765523447655235,"Butyrivibrio_unclassified",0.816634063596608,1,0.864308983302853
1539,7690,2312,8463,1925.5,8076.5,0.846215378462154,0.807569243075692,0.768923107689231,"Granulicella_unclassified",0.817330066403389,1,0.864308983302853
1854,8017,1985,8148,1919.5,8082.5,0.814718528147185,0.808169183081692,0.801619838016198,"Bacteroides_ovatus",0.840181725267707,1,0.864308983302853
1140,7304,2698,8862,1919,8083,0.886111388861114,0.808219178082192,0.73032696730327,"Eubacterium_brachy",0.791790985818959,1,0.864308983302853
1515,7680,2322,8487,1918.5,8083.5,0.848615138486151,0.808269173082692,0.767923207679232,"Ruminococcus_champanellensis",0.817330066403389,1,0.864308983302853
1795,7976,2026,8207,1910.5,8091.5,0.820617938206179,0.809069093090691,0.797520247975202,"Olsenella_unclassified",0.839556454310645,1,0.864308983302853
1157,7366,2636,8845,1896.5,8105.5,0.884411558844116,0.81046895310469,0.736526347365263,"Collinsella_intestinalis",0.792758149334767,1,0.864308983302853
1805,8054,1948,8197,1876.5,8125.5,0.81961803819618,0.812468753124688,0.805319468053195,"Parasutterella_excrementihominis",0.842830709651014,1,0.864308983302853
1516,7768,2234,8486,1875,8127,0.848515148485152,0.812618738126187,0.776722327767223,"Streptococcus_constellatus",0.822479165927295,1,0.864308983302853
1516,8014,1988,8486,1752,8250,0.848515148485152,0.824917508249175,0.801319868013199,"Dorea_unclassified",0.840181725267707,1,0.876094074492108
1168,7971,2031,8834,1599.5,8402.5,0.883311668833117,0.84016598340166,0.797020297970203,"Acidaminococcus_unclassified",0.839556454310645,1,0.890401460590318
1500,8317,1685,8502,1592.5,8409.5,0.85011498850115,0.840865913408659,0.831616838316168,"Holdemania_unclassified",0.869087945856577,1,0.890401460590318
1167,8009,1993,8835,1580,8422,0.883411658834117,0.842115788421158,0.800819918008199,"Eubacterium_limosum",0.840181725267707,1,0.890413605698254
1490,8412,1590,8512,1540,8462,0.851114888511149,0.846115388461154,0.841115888411159,"Roseburia_hominis",0.875198731935779,1,0.892862326670559
1447,8385,1617,8555,1532,8470,0.855414458554145,0.846915308469153,0.838416158384162,"Gemella_sanguinis",0.874921941768087,1,0.892862326670559
1388,8508,1494,8614,1441,8561,0.861313868613139,0.856014398560144,0.850714928507149,"Streptococcus_salivarius",0.879963871428949,1,0.899762140574264
1272,8408,1594,8730,1433,8569,0.872912708729127,0.856814318568143,0.840715928407159,"Bifidobacterium_bifidum",0.875198731935779,1,0.899762140574264
1362,8506,1496,8640,1429,8573,0.863913608639136,0.857214278572143,0.85051494850515,"Burkholderiales_bacterium_1_1_47",0.879963871428949,1,0.899762140574264
1347,8519,1483,8655,1415,8587,0.865413458654135,0.858614138586141,0.851814818518148,"Collinsella_aerofaciens",0.879963871428949,1,0.899917734174105
1,7286,2716,10001,1358.5,8643.5,1,0.864263573642636,0.728527147285271,"Peptoniphilus_lacrimalis",0.791790985818959,1,0.9008355648585
1,7289,2713,10001,1357,8645,1,0.864413558644136,0.728827117288271,"Leuconostoc_mesenteroides",0.791790985818959,1,0.9008355648585
1,7334,2668,10001,1334.5,8667.5,1,0.866663333666633,0.733326667333267,"Weissella_unclassified",0.791790985818959,1,0.9008355648585
1,7336,2666,10001,1333.5,8668.5,1,0.866763323667633,0.733526647335267,"Erysipelotrichaceae_bacterium_3_1_53",0.791790985818959,1,0.9008355648585
1,7339,2663,10001,1332,8670,1,0.866913308669133,0.733826617338266,"Lactobacillus_johnsonii",0.791790985818959,1,0.9008355648585
1,7346,2656,10001,1328.5,8673.5,1,0.867263273672633,0.734526547345265,"Enterobacteriaceae_bacterium_9_2_54FAA",0.791790985818959,1,0.9008355648585
1,7378,2624,10001,1312.5,8689.5,1,0.868863113688631,0.737726227377262,"Bacteroides_coprophilus",0.792862716717865,1,0.9008355648585
1,7391,2611,10001,1306,8696,1,0.86951304869513,0.739026097390261,"Slackia_piriformis",0.793074274662086,1,0.9008355648585
1211,8703,1299,8791,1255,8747,0.879012098790121,0.874612538746125,0.87021297870213,"Alistipes_shahii",0.89511177637601,1,0.904814986127287
1158,8692,1310,8844,1234,8768,0.884311568843116,0.876712328767123,0.869113088691131,"Ruminococcus_callidus",0.89511177637601,1,0.904900471215432
1185,8729,1273,8817,1229,8773,0.881611838816118,0.877212278772123,0.872812718728127,"Lachnospiraceae_bacterium_1_1_57FAA",0.896503349665033,1,0.904900471215432
1142,8762,1240,8860,1191,8811,0.885911408859114,0.881011898810119,0.876112388761124,"Parabacteroides_merdae",0.898608855234305,1,0.906579656769659
1053,8680,1322,8949,1187.5,8814.5,0.894810518948105,0.881361863813619,0.867913208679132,"Eubacterium_biforme",0.89511177637601,1,0.906579656769659
1015,8899,1103,8987,1059,8943,0.898610138986101,0.894210578942106,0.88981101889811,"Eubacterium_siraeum",0.907684976183233,1,0.918482008941963
1003,8916,1086,8999,1044.5,8957.5,0.8998100189981,0.895660433956604,0.891510848915108,"Eubacterium_rectale",0.90792677106227,1,0.918658847382024
795,8796,1206,9207,1000.5,9001.5,0.920607939206079,0.9000599940006,0.87951204879512,"Coprococcus_sp_ART55_1",0.900810773623492,1,0.92185631864164
785,8832,1170,9217,977.5,9024.5,0.921607839216078,0.902359764023598,0.883111688831117,"Parabacteroides_johnsonii",0.903210959131683,1,0.92289711284917
761,8901,1101,9241,931,9071,0.924007599240076,0.907009299070093,0.89001099890011,"Bifidobacterium_catenulatum",0.907684976183233,1,0.926334781294598
1,8439,1563,10001,782,9220,1,0.921907809219078,0.843815618438156,"Erysipelotrichaceae_bacterium_5_2_54FAA",0.876739060198026,1,0.940215198338322
1,8487,1515,10001,758,9244,1,0.924307569243076,0.848615138486151,"Citrobacter_unclassified",0.879963871428949,1,0.941327397005342
516,9262,740,9486,628,9374,0.948505149485051,0.937306269373063,0.926107389261074,"Klebsiella_pneumoniae",0.936527725567809,1,0.95321528667501
461,9408,594,9541,527.5,9474.5,0.954004599540046,0.947355264473553,0.940705929407059,"Mitsuokella_unclassified",0.949954442757971,1,0.962074060955487
1,9073,929,10001,465,9537,1,0.953604639536046,0.907209279072093,"Eubacterium_sp_3_1_31",0.922607456368932,1,0.967054634451929
1,9134,868,10001,434.5,9567.5,1,0.956654334566543,0.913308669133087,"Bifidobacterium_animalis",0.927498493088544,1,0.96737229366951
1,9152,850,10001,425.5,9576.5,1,0.957554244575542,0.915108489151085,"Bacteroides_sp_2_1_22",0.927518515754058,1,0.96737229366951
1,9160,842,10001,421.5,9580.5,1,0.957954204579542,0.915908409159084,"Coprococcus_eutactus",0.927518515754058,1,0.96737229366951
368,9592,410,9634,389,9613,0.963303669633037,0.961203879612039,0.959104089591041,"Eubacterium_eligens",0.967175091747487,1,0.969292551810737
333,9633,369,9669,351,9651,0.966803319668033,0.965003499650035,0.963203679632037,"Ruminococcus_bromii",0.969948803438984,1,0.971761227238621
271,9687,315,9731,293,9709,0.973002699730027,0.970802919708029,0.968603139686031,"Eubacterium_ventriosum",0.97402189850945,1,0.976233984993109
179,9792,210,9823,194.5,9807.5,0.982201779822018,0.980651934806519,0.979102089791021,"Lactococcus_lactis",0.981833197433395,1,0.984760811628334
1,9715,287,10001,144,9858,1,0.985701429857014,0.971402859714029,"Eubacterium_cylindroides",0.975472983427914,1,0.988450945700409
94,9898,104,9908,99,9903,0.990700929907009,0.99020097990201,0.98970102989701,"Roseburia_intestinalis",0.99010098990101,1,0.990650934906509
89,9902,100,9913,94.5,9907.5,0.991200879912009,0.990650934906509,0.99010098990101,"Barnesiella_intestinihominis",0.99010098990101,1,0.990650934906509
