"X1","X2","X3","X4","X5","X6","X7","X8","X9","X10","X11","X12","X13","X14","X15","X16","X17","X18","X19","X20","X21","X22","X23","X24","X25","X26","X27","X28","X29","X30","X31","X32","X33"
"CCIS16383318ST.4.0","CCIS45793747ST.4.0","SZAXPI015263.84","MMRS39582183ST.27.0.0","SID31328","MMRS88581325ST.27.0.0","CRC_MR_SBJ84H_17","CCMD31009081ST.11.0","MMRS11932626ST.27.0.0","22.9174805810499","23.8837306734564","25.5582822697536","25.6317883987637","25.8688084341587","25.9402841120042","26.2735270762207","26.5679672490482","CCIS53043478ST.4.0","DRR162778","MMRS72802364ST.27.0.0","CCIS98512455ST.4.0","DRR127685","SID31883","CCIS11015875ST.4.0","DRR127485","23.522859120294","23.7527125092335","23.8427067986691","24.9191833672675","25.101268861934","25.714756906473","25.9562193229503","26.3237984702683"
"CCIS16561622ST.4.0","MMRS20257302ST.27.0.0","DRR127649","MMRS11932626ST.27.0.0","MMRS88581325ST.27.0.0","LILT_VF170_T016","LILT_VF84_16","CCMD31009081ST.11.0","MMRS68630931ST.27.0.0","18.2350659058447","20.6682384018063","21.4046402488409","22.8713737920178","23.2608547485083","23.8910332769305","24.4138354934308","24.9015074094843","CCIS53043478ST.4.0","CCMD82866709ST.21.0","CCIS62605362ST.3.0","CCIS11015875ST.4.0","CCMD64503764ST.21.0","SID31874","CCIS38765456ST.20.0","MMRS85382779ST.27.0.0","18.9387994639523","21.9476888510704","22.6113356127541","23.0466175808317","24.1441062825734","24.19876741529","24.5252689818501","25.048542553496"
"CCIS27304052ST.3.0","CCIS63910149ST.4.0","CCIS95097901ST.4.0","CCIS45793747ST.4.0","CCIS32452666ST.4.0","CCIS34604008ST.4.0","SID31328","CCIS81139242ST.4.0","SZAXPI015227.13","20.3127343658135","22.308928894167","22.3594110757081","22.4971071422817","24.0404155896336","24.5463058406535","25.1104324850031","25.7201271859006","CRC_MR_SBJ55C_17","SID31685","SZAXPI003412.1","CCIS53355328ST.4.0","CRC_MR_SBJ39C_17","CRC_MR_SBJ04C_17","DRR127485","CCIS62605362ST.3.0","19.1353497192343","20.3646771564737","21.0797381066464","22.883422827027","23.0870870404042","24.0389596336489","24.2918157749272","25.0969860211241"
"CCIS29210128ST.4.0","MMRS68630931ST.27.0.0","CCIS45793747ST.4.0","MMRS88581325ST.27.0.0","MMRS11932626ST.27.0.0","CCIS63910149ST.4.0","SZAXPI015261.75","CRC_MR_SBJ84H_17","SID31328","26.9754243673737","27.8612944649544","29.4026997425662","29.5725697277697","29.6311882067443","29.7395040318177","29.8591475213208","30.2351067985496","SZAXPI015222.123","CCIS53043478ST.4.0","CCIS53355328ST.4.0","CCIS11015875ST.4.0","DRR162778","CCIS62605362ST.3.0","MMRS72802364ST.27.0.0","CCIS81887263ST.4.0","24.514055579569","28.6074059501958","28.7899415102028","29.5179886408373","29.6644841222361","29.8460644009943","29.9419446763432","29.9428919593816"
"CCIS32452666ST.4.0","CCIS45793747ST.4.0","CCIS21126322ST.4.0","SZAXPI015227.13","CCIS63910149ST.4.0","MMRS39582183ST.27.0.0","SID31328","SID530055","CCIS41692898ST.4.0","17.3591556866802","17.7703161322245","18.3886784653003","19.3606460412611","19.4575199760196","19.5338051385438","21.3062332248054","21.4761826945246","MMRS85382779ST.27.0.0","CCIS38765456ST.20.0","DRR127485","CCIS11015875ST.4.0","CRC_MR_SBJ04C_17","SID31685","CCIS62605362ST.3.0","SID31874","15.4180108760923","17.549827521406","18.8989853543332","19.6604917898231","20.5737954005939","21.8464392927017","22.1278328830141","22.7111274546884"
"CCIS34604008ST.4.0","CCIS63910149ST.4.0","CCIS81139242ST.4.0","CCIS95097901ST.4.0","CCIS27304052ST.3.0","CCIS45793747ST.4.0","SZAXPI015250.39","SID31328","CCIS32452666ST.4.0","14.7765125024818","20.5027847622853","23.5746491976296","24.0404155896336","25.134320716578","25.2631710695273","26.0003488201639","26.3978835836133","SZAXPI003412.1","SID31685","CRC_MR_SBJ55C_17","CCIS53355328ST.4.0","SZAXPI003424.12","CCIS81887263ST.4.0","CRC_MR_SBJ04C_17","DRR127485","20.4623902951512","20.8825197329465","22.0553520002583","25.2087121757499","25.8023815763507","25.9544814779587","27.8260165231192","28.1355113802771"
"CCIS44093303ST.4.0","CRC_MR_SBJ84H_17","MMRS11932626ST.27.0.0","MMRS88581325ST.27.0.0","CCIS45793747ST.4.0","MMRS91297590ST.27.0.0","SID31328","CCIS16383318ST.4.0","SZAXPI015261.75","29.3568902374792","30.0909320754243","30.1912837312973","30.9420407295883","31.1549112351921","31.5383976811394","31.5697960838505","31.7813351726434","CCMD64503764ST.21.0","CCIS98512455ST.4.0","CCIS87605453ST.4.0","CCIS52370277ST.4.0","CCIS53043478ST.4.0","MMRS72802364ST.27.0.0","CCMD88272491ST.21.0","SZAXPI017585.109","25.530757327504","25.7168858902667","27.8852141963479","27.9685731757181","28.073280320862","28.8478044350796","29.8007373821471","30.2315638006488"
"CCIS45793747ST.4.0","SID31328","CCIS32452666ST.4.0","CCIS21126322ST.4.0","CCIS41692898ST.4.0","CRC_MR_SBJ73H_17","CCIS63910149ST.4.0","CCIS81139242ST.4.0","SZAXPI015227.13","15.9713316472422","17.3591556866802","18.5580735603834","18.7124573609775","19.368641901739","19.6384682718739","19.8015735900812","20.0705882464466","CCIS11015875ST.4.0","DRR127485","CCIS53043478ST.4.0","CRC_MR_SBJ04C_17","CCIS62605362ST.3.0","CRC_MR_SBJ39C_17","MMRS12272136ST.27.0.0","CCMD86707194ST.21.0","17.9901812202073","19.0592645349421","19.6458821385042","19.7094520321266","20.1407452471998","20.53702021275","20.583964192412","21.0714714046409"
"CCIS63910149ST.4.0","CCIS34604008ST.4.0","CCIS21126322ST.4.0","CCIS32452666ST.4.0","CCIS45793747ST.4.0","SID31328","CCIS27304052ST.3.0","SZAXPI015227.13","CCIS81139242ST.4.0","14.7765125024818","18.6454295383989","19.3606460412611","19.6384682718739","19.9810480177492","20.3127343658135","21.0550275546008","21.3015564990589","SID31685","CRC_MR_SBJ55C_17","CCIS53355328ST.4.0","CRC_MR_SBJ04C_17","DRR127485","SZAXPI003412.1","CCIS11015875ST.4.0","CRC_MR_SBJ39C_17","16.5291329273105","18.2971231556958","19.7000797944374","20.7244366647757","22.2218226603917","22.9030205001764","22.9330954740022","23.0881613211641"
"CCIS64773582ST.4.0","CCIS45793747ST.4.0","CRC_MR_SBJ82H_17","SID31328","CCIS21126322ST.4.0","CCIS32452666ST.4.0","CRC_MR_SBJ63H_17","CRC_MR_SBJ84H_17","MMRS25211151ST.27.0.0","21.5526108067793","21.9495337488043","23.6576438109018","24.0446671140754","24.2011527037557","24.2232883468925","24.3098625726638","24.7621342619492","CCIS11015875ST.4.0","SID31874","CRC_MR_SBJ39C_17","DRR127580","MMRS12272136ST.27.0.0","MMRS85382779ST.27.0.0","MMRS97052561ST.27.0.0","CCIS62605362ST.3.0","20.7242972648821","20.8802088981648","21.897017326732","23.0308542740299","23.4344388527654","24.5638089733331","25.0171414290122","25.1399580507029"
"CCIS81139242ST.4.0","CCIS45793747ST.4.0","CCIS34604008ST.4.0","CCIS63910149ST.4.0","SID31328","CRC_MR_SBJ73H_17","CRC_MR_SBJ82H_17","CCIS95097901ST.4.0","CCIS41692898ST.4.0","19.8015735900812","20.5027847622853","21.3015564990589","21.3271657688498","23.6934411272614","24.164334658281","24.2681543728257","24.3009946887612","CRC_MR_SBJ04C_17","CRC_MR_SBJ39C_17","CCIS81887263ST.4.0","CCIS11015875ST.4.0","CCIS62605362ST.3.0","CCIS53355328ST.4.0","SID31685","SZAXPI003412.1","21.323361663666","22.6835016274803","23.2644072220957","24.0708120986871","24.5544691693793","25.23707205171","25.5111544148849","26.1594960923161"
"CCIS95097901ST.4.0","CCIS27304052ST.3.0","CCIS63910149ST.4.0","CCIS34604008ST.4.0","CCIS81139242ST.4.0","CCIS45793747ST.4.0","SZAXPI015250.39","CCIS41692898ST.4.0","CCIS32452666ST.4.0","22.308928894167","22.329197946337","23.5746491976296","24.2681543728257","24.5612716129581","25.734990352726","25.7539845269407","27.0372883565882","SID31685","CRC_MR_SBJ55C_17","SZAXPI003412.1","CCIS53355328ST.4.0","SZAXPI003424.12","DRR127485","CRC_MR_SBJ39C_17","CCIS62605362ST.3.0","21.9317676849405","23.1965538912572","23.3425535344615","23.612828606173","25.2214387357601","26.245651799321","26.445760141085","26.6677781764979"
"CCMD23541216ST.11.0","MMRS39582183ST.27.0.0","CCMD39882286ST.11.0","CCIS32452666ST.4.0","MMRS84159866ST.27.0.0","CCIS16561622ST.4.0","MMRS11932626ST.27.0.0","DRR127649","MMRS88581325ST.27.0.0","27.2140838777112","27.7761210837763","29.0768610008216","32.1361517528842","34.7792690413887","34.9944830244569","35.2040905672878","35.6906980274651","CCIS38765456ST.20.0","MMRS85382779ST.27.0.0","CCIS53043478ST.4.0","CCMD82866709ST.21.0","CCIS11015875ST.4.0","CCMD64503764ST.21.0","SID31874","CCIS52370277ST.4.0","22.3337852454034","25.2661370699994","34.4131127164007","35.4160263283206","36.3204783456661","36.9467161226719","37.0975286200523","37.1224646709092"
"CCMD35801800ST.11.0","MMRS11932626ST.27.0.0","CCIS21126322ST.4.0","DRR127649","CCIS45793747ST.4.0","CRC_MR_SBJ67H_17","CCIS07277498ST.4.0","SID31328","SZAXPI015271.93","20.2927140808","22.9495167254868","23.675940068388","23.815471820575","23.8346151244802","24.1062582099276","24.2221989449389","24.2477663099202","SID31874","MMRS12272136ST.27.0.0","MMRS85382779ST.27.0.0","CCIS11015875ST.4.0","CCIS53043478ST.4.0","CCIS52370277ST.4.0","DRR127485","CCMD86707194ST.21.0","19.3647394395716","19.7021543040019","23.952595676851","23.9884378196893","24.4196508405833","24.4352306025583","24.4621573677323","25.3463713387735"
"CCMD39882286ST.11.0","CCIS32452666ST.4.0","MMRS39582183ST.27.0.0","CCMD23541216ST.11.0","SID31328","SZAXPI015227.13","MMRS95479054ST.27.0.0","MMPU99077057ST","CRC_MR_SBJ73H_17","25.4345043883167","26.9283243845231","27.7761210837763","30.2600948370705","30.7805176565161","31.4127533906597","32.3325989613439","32.3462018909779","MMRS85382779ST.27.0.0","CCIS38765456ST.20.0","CRC_MR_SBJ04C_17","DRR127485","CCIS53043478ST.4.0","CCIS11015875ST.4.0","DRR162778","CCIS81887263ST.4.0","25.6720185441854","25.9556223853022","33.087456511107","33.1685068787427","33.1948860377604","33.5430832222353","34.959141617454","35.1967404280055"
"CCMD49025643ST.11.0","CCMD31009081ST.11.0","MMRS88581325ST.27.0.0","DRR127649","CCMD45004878ST.11.0","MMRS95277876ST.27.0.0","SID31328","SID532796","LILT_VF262_T016","19.3875090953892","21.4539892602681","23.1563391121827","23.2400566306604","24.181709872691","24.2765728183098","24.5272152947884","24.91680086839","DRR127485","CCMD88272491ST.21.0","SID31876","CCIS38765456ST.20.0","SID31685","SID31874","CCMD95676152ST.11.0","CCIS53043478ST.4.0","21.1930014597933","23.9865898687058","24.1359064325063","24.2547530614847","24.599867473704","24.6271852941338","24.718792814994","24.7493198205789"
"CCMD50300306ST.11.0","CRC_MR_SBJ60H_17","MMRS54246132ST.27.0.0","SZAXPI015252.43","SZAXPI015263.84","MMRS95479054ST.27.0.0","MMRS39582183ST.27.0.0","CCMD31009081ST.11.0","CRC_MR_SBJ67H_17","17.2161147360547","20.7865725387713","25.2780134026074","25.4754257932738","27.8790497728725","28.5394781643673","29.0162258122089","31.6170163480759","SID31883","MMRS81671217ST.27.0.0","SZAXPI003430.5","MMRS43563715ST.27.0.0","MMRS44587603ST.27.0.0","CCIS98832363ST.4.0","MMRS72802364ST.27.0.0","SZAXPI015210.17","24.845715998401","26.0070206160471","26.7864596070552","26.8691270599326","27.3214032026633","27.8202219479536","29.9812973892742","31.0377790120347"
"CRC_MR_SBJ60H_17","CCMD50300306ST.11.0","SZAXPI015263.84","SZAXPI015252.43","MMRS39582183ST.27.0.0","MMRS54246132ST.27.0.0","CCMD31009081ST.11.0","CRC_MR_SBJ67H_17","MMRS95479054ST.27.0.0","17.2161147360547","18.1353501577168","18.2148495086893","21.8667243863593","22.0943794791436","23.4458631555313","25.5770969968349","25.7839221084245","MMRS81671217ST.27.0.0","CCIS98832363ST.4.0","SID31883","MMRS44587603ST.27.0.0","MMRS43563715ST.27.0.0","MMRS72802364ST.27.0.0","SZAXPI015210.17","DRR127485","20.8341618914777","21.335543513466","22.3077947242483","22.459663367101","23.1858711603381","24.0672089326473","25.6823473848264","26.2033187921359"
"CRC_MR_SBJ63H_17","CCIS64773582ST.4.0","MMRS85548821ST.27.0.0","MMRS25211151ST.27.0.0","CCIS45793747ST.4.0","CRC_MR_SBJ84H_17","CRC_MR_SBJ45H_17","CCMD35801800ST.11.0","SZAXPI015271.93","24.2232883468925","24.978370921231","26.0397735192052","26.3902676110342","27.7719581166453","28.5151866350476","28.5757247603591","28.6572599961179","SID31874","MMRS12272136ST.27.0.0","CRC_MR_SBJ39C_17","DRR127580","CCIS11015875ST.4.0","MMRS97052561ST.27.0.0","CCMD82866709ST.21.0","DRR162778","22.8159826222826","23.7649082569805","24.1591407911395","25.1210216425945","25.4193878385948","28.1788260824276","29.8211216686261","29.9631542072209"
"CRC_MR_SBJ69H_17","DRR127552","CRC_MR_SBJ84H_17","CRC_MR_SBJ82H_17","SZAXPI015271.93","MMRS68630931ST.27.0.0","CCIS81139242ST.4.0","MMPU99077057ST","MMRS11932626ST.27.0.0","25.6717186413707","26.0848063970676","26.9117191384237","27.9439798473177","28.1460149966421","28.2741118578993","28.5899625485379","29.0971088326263","CRC_MR_SBJ26C_17","MMRS12272136ST.27.0.0","CCIS52370277ST.4.0","CCIS53043478ST.4.0","SID31874","SZAXPI017585.109","MMRS72802364ST.27.0.0","CCIS11015875ST.4.0","21.1806919993068","21.3523729129692","24.9401326805773","28.1008571856198","28.4944359014966","28.9120386352882","29.1661166287475","29.4489820636588"
"CRC_MR_SBJ82H_17","CRC_MR_SBJ84H_17","CCIS64773582ST.4.0","MMRS91297590ST.27.0.0","SZAXPI015271.93","CCIS81139242ST.4.0","CCIS45793747ST.4.0","SID31328","CCIS21126322ST.4.0","21.7088734165755","21.9495337488043","23.3278807961889","23.3285619724684","24.164334658281","24.3678476651878","24.5348410327966","24.9679750382685","CCIS11015875ST.4.0","CRC_MR_SBJ39C_17","CRC_MR_SBJ04C_17","MMRS12272136ST.27.0.0","CCIS52370277ST.4.0","CCIS53043478ST.4.0","SID31874","DRR127485","21.341160375085","21.6128407872149","23.9068096974377","24.1119844309733","24.4613049504886","24.6622574160964","25.8593467670956","25.9439980072328"
"CRC_MR_SBJ84H_17","SID31328","SZAXPI015271.93","MMRS11932626ST.27.0.0","CCIS45793747ST.4.0","CRC_MR_SBJ45H_17","CCIS21126322ST.4.0","CRC_MR_SBJ82H_17","CRC_MR_SBJ73H_17","19.7147101869873","19.7966228305588","20.8170007190325","20.9180451858509","21.3626636800213","21.6582300575162","21.7088734165755","21.986916241863","CCIS53043478ST.4.0","CCIS52370277ST.4.0","MMRS12272136ST.27.0.0","CCIS11015875ST.4.0","CCIS62605362ST.3.0","SID31874","MMRS72802364ST.27.0.0","MMRS85382779ST.27.0.0","18.8560617460301","19.7637621638113","20.1344114113574","20.2180410928062","20.8941515491608","21.3230110772283","21.3416226377331","21.6034348935441"
"DRR127552","CRC_MR_SBJ69H_17","MMRS68630931ST.27.0.0","SZAXPI015271.93","CRC_MR_SBJ84H_17","MMPU99077057ST","MMRS91297590ST.27.0.0","SZAXPI015261.75","MMRS11932626ST.27.0.0","25.6717186413707","32.0540363901725","32.3981169207471","32.6913278576353","33.0700733516287","33.7412461276418","34.0141973124297","34.0531952608151","SZAXPI017585.109","CRC_MR_SBJ26C_17","MMRS12272136ST.27.0.0","SZAXPI015214.19","CCIS52370277ST.4.0","CCIS53043478ST.4.0","MMRS72802364ST.27.0.0","CCIS62605362ST.3.0","28.4419765037435","28.8564491280511","29.0387300514434","29.342473861251","31.4564374552507","32.6506985576802","32.7684572728684","32.8237500742816"
"LILT_VF170_T016","MMRS84159866ST.27.0.0","CCIS16561622ST.4.0","LILT_VF84_16","MMRS20257302ST.27.0.0","MMRS11932626ST.27.0.0","DRR127649","MMRS68630931ST.27.0.0","CRC_MR_SBJ67H_17","22.3304091796075","23.2608547485083","31.1274778082838","32.697366399383","33.4405330573647","33.509170866715","34.475766767067","35.5407310806052","CCMD18872694ST.21.0","SZAXPI017457.24","MMRS43563715ST.27.0.0","CCIS53043478ST.4.0","CCMD82866709ST.21.0","CCMD64503764ST.21.0","SID31874","DRR127476","26.5753883397289","28.3391623658428","30.1062341661424","30.913795658919","34.2996055022911","35.7739099102377","35.9178154121698","36.6392474341736"
"LILT_VF262_T016","CCMD31009081ST.11.0","DRR127649","LILT_VF255_T016","MMRS95277876ST.27.0.0","MMPU99077057ST","SID31328","MMRS11932626ST.27.0.0","SZAXPI015227.13","19.1316928201871","19.8359773407917","20.7244170718262","21.117312132433","23.5403621953763","23.6166570552333","23.9571007004354","24.6367601375323","LILT_VF207_T017","DRR127485","LILT_VF73_16","CCIS11015875ST.4.0","CCIS53043478ST.4.0","CCMD95676152ST.11.0","MMRS85382779ST.27.0.0","CCIS78318719ST.4.0","21.9552720801793","22.5274770421368","23.0589559838255","23.3453860545676","23.3520103500298","25.3193952118569","26.2172850865035","26.5876836918187"
"LILT_VF31_16","CRC_MR_SBJ45H_17","MMRS88581325ST.27.0.0","SID530055","DRR127649","SID31328","SID530364","MMRS11932626ST.27.0.0","CCIS41692898ST.4.0","23.6123515748241","23.8079108961475","26.5520709594431","27.4523169949314","28.7663842791704","28.8976279679942","29.6435193531807","30.1654195909903","CCMD82866709ST.21.0","CCIS53043478ST.4.0","CCMD95676152ST.11.0","SID31874","CCIS11015875ST.4.0","DRR162778","CCIS52370277ST.4.0","DRR127485","27.3364638397123","27.9621107882381","28.3199323893225","28.5608873156105","29.2316333251873","29.3935906765574","29.5831620182647","29.836171585805"
"MMRS11932626ST.27.0.0","DRR127649","SID31328","CCIS45793747ST.4.0","CCIS21126322ST.4.0","CCMD35801800ST.11.0","MMRS88581325ST.27.0.0","CRC_MR_SBJ84H_17","MMRS20257302ST.27.0.0","17.7079353544506","19.6087405752409","20.1118590703769","20.2296431438644","20.2927140808","20.4165811150814","20.8170007190325","21.3895016344047","CCIS53043478ST.4.0","SID31874","CCMD82866709ST.21.0","CCIS52370277ST.4.0","DRR127485","CCIS11015875ST.4.0","MMRS85382779ST.27.0.0","MMRS72802364ST.27.0.0","17.2629694814913","19.8345126811979","19.9557378970235","19.9624084067254","20.3574591050013","20.5117813588825","21.4938291086768","21.5839358670841"
"MMRS25211151ST.27.0.0","MMRS11932626ST.27.0.0","CCIS64773582ST.4.0","SZAXPI015271.93","CCIS45793747ST.4.0","MMRS88581325ST.27.0.0","CRC_MR_SBJ84H_17","CRC_MR_SBJ63H_17","SZAXPI015261.75","24.5566891219154","24.7621342619492","25.0173166636112","25.6832573545121","25.9805777887386","26.0001688277788","26.0397735192052","26.3734670645916","SID31874","CCIS11015875ST.4.0","MMRS72802364ST.27.0.0","MMRS12272136ST.27.0.0","SZAXPI017585.109","SID530373","DRR127481","CCIS81887263ST.4.0","22.906020435021","23.6591266061619","23.7577268627241","23.8043189707414","24.0612218513878","24.163766449968","24.1704806699391","24.4286405162097"
"MMRS39582183ST.27.0.0","CCIS32452666ST.4.0","CCMD31009081ST.11.0","SZAXPI015263.84","MMRS95479054ST.27.0.0","CRC_MR_SBJ60H_17","MMRS88581325ST.27.0.0","DRR127649","CRC_MR_SBJ67H_17","19.4575199760196","20.3798364448712","20.6825751920499","21.0059760043589","21.8667243863593","23.0463468514947","23.0770851139242","23.2479173102086","MMRS85382779ST.27.0.0","CCIS38765456ST.20.0","CCIS53043478ST.4.0","DRR127485","MMRS81671217ST.27.0.0","MMRS72802364ST.27.0.0","MMRS44587603ST.27.0.0","CCIS98512455ST.4.0","17.2470487801334","17.4805025352391","20.7687065056349","21.6498824132765","22.0564385494916","22.1770731507451","22.8545699259448","22.9031673630024"
"MMRS51737257ST.27.0.0","CRC_MR_SBJ45H_17","CRC_MR_SBJ67H_17","DRR127649","SID31328","MMRS11932626ST.27.0.0","MMRS65862658ST.27.0.0","MMRS20257302ST.27.0.0","CCIS21126322ST.4.0","22.7993993742401","23.9101790315338","23.9652919854067","24.1057947693641","24.7013734562676","24.8542008595489","25.160448707688","25.561317718187","MMRS85382779ST.27.0.0","CCIS53043478ST.4.0","CCIS11015875ST.4.0","SID31874","CCMD82866709ST.21.0","DRR127485","DRR162778","CCMD86707194ST.21.0","23.2821738151316","24.0845908779182","24.2500784316092","25.5632746442431","25.6639328570097","26.1255098848271","26.2917087874448","26.6063384789057"
"MMRS54246132ST.27.0.0","CCMD50300306ST.11.0","CRC_MR_SBJ60H_17","SZAXPI015252.43","SZAXPI015263.84","MMRS39582183ST.27.0.0","MMRS95479054ST.27.0.0","CCMD31009081ST.11.0","CRC_MR_SBJ67H_17","20.7865725387713","22.0943794791436","27.0053318899879","29.6636180903544","33.5379880021804","35.2456257301087","36.6505500334865","37.743668064388","SZAXPI003430.5","MMRS81671217ST.27.0.0","MMRS44587603ST.27.0.0","MMRS43563715ST.27.0.0","SID31883","CCIS98832363ST.4.0","SZAXPI015210.17","MMRS72802364ST.27.0.0","20.1590658878679","25.2363898829428","27.3080901047638","28.9746129168553","29.3388940811647","29.5825915238304","32.4224665964837","33.1510569179611"
"MMRS68630931ST.27.0.0","MMRS11932626ST.27.0.0","DRR127649","CCMD35801800ST.11.0","CCIS16561622ST.4.0","SZAXPI015271.93","CCIS45793747ST.4.0","CRC_MR_SBJ84H_17","MMRS88581325ST.27.0.0","24.4543995732731","24.718086098513","24.8722953485922","24.9015074094843","24.951760351869","25.0098984322328","25.3576797327733","25.9436619453114","CCIS53043478ST.4.0","MMRS12272136ST.27.0.0","MMRS62376181ST.27.0.0","LILT_VF300_T016","CCIS52370277ST.4.0","SID31874","SZAXPI017457.24","CCIS62605362ST.3.0","21.0213814942977","21.1883283614329","21.6188508178858","23.840245130858","23.9860012243392","24.4041475439053","24.8148846049745","24.9796185085241"
"MMRS85548821ST.27.0.0","CRC_MR_SBJ63H_17","CCIS64773582ST.4.0","MMRS25211151ST.27.0.0","MMRS91297590ST.27.0.0","CRC_MR_SBJ69H_17","CRC_MR_SBJ82H_17","SZAXPI015271.93","SID530394","24.978370921231","28.355533324466","29.6967534933349","32.8042172874678","34.4494257531414","34.9233385721554","34.9591480550013","35.9571573374634","MMRS12272136ST.27.0.0","CRC_MR_SBJ39C_17","SID31874","DRR127580","CCIS11015875ST.4.0","SZAXPI017585.109","MMRS97052561ST.27.0.0","DRR127481","28.8711608954212","28.9277667068459","29.5829584592802","29.8350098570069","32.0339407463912","32.5673951801215","33.7016758022016","34.9329263923823"
"MMRS88581325ST.27.0.0","DRR127649","CRC_MR_SBJ45H_17","SID31328","MMRS95277876ST.27.0.0","CCMD31009081ST.11.0","MMRS11932626ST.27.0.0","SID530055","CCIS45793747ST.4.0","17.4725996000395","18.3016099651697","18.3114819558058","19.716462706122","19.9380359655785","20.4165811150814","20.7337525374111","20.8327514648978","CCIS53043478ST.4.0","CCMD82866709ST.21.0","CCIS11015875ST.4.0","DRR127485","CCMD95676152ST.11.0","CCIS62605362ST.3.0","SID31874","CCIS53355328ST.4.0","17.2809336363057","18.4879312209885","19.0309543902953","19.4493949937652","19.9783662743854","20.4927287980005","20.8577732901981","21.535580932638"
"MMRS95277876ST.27.0.0","DRR127649","CCMD31009081ST.11.0","MMRS88581325ST.27.0.0","MMPU99077057ST","LILT_VF262_T016","CCIS21126322ST.4.0","CCMD45004878ST.11.0","SZAXPI015227.13","16.204740686256","18.5287705845153","19.716462706122","19.8989180645456","21.117312132433","21.2253810093694","21.3220211959725","21.4607675768296","CCMD82866709ST.21.0","DRR127485","CCIS53043478ST.4.0","CCIS11015875ST.4.0","LILT_VF73_16","MMRS85382779ST.27.0.0","CCMD95676152ST.11.0","CCMD65222621ST.11.0","18.2751363383068","19.1205056083619","21.1908054688419","21.2140556525762","21.2235030836853","22.0043319215104","22.7702772619922","23.1443005437624"
"MMRS95479054ST.27.0.0","SZAXPI015271.93","CCIS21126322ST.4.0","SID31328","CRC_MR_SBJ73H_17","MMPU99077057ST","MMRS39582183ST.27.0.0","CRC_MR_SBJ84H_17","DRR127649","16.6318920516218","18.0547062151811","19.7732071225965","19.7890125477473","19.9682926020003","21.0059760043589","21.9957867008525","22.0294476398978","DRR127485","MMRS44587603ST.27.0.0","CCIS53043478ST.4.0","MMRS81671217ST.27.0.0","MMRS12272136ST.27.0.0","MMRS85382779ST.27.0.0","CCMD82866709ST.21.0","CCIS11015875ST.4.0","15.8190715079805","20.8545173190463","21.2466045334519","21.3032579779854","21.3999174043359","22.0791486255426","22.189740357627","22.5841092434703"
"SID31519","SID530394","DRR127649","MMRS11932626ST.27.0.0","MMRS95277876ST.27.0.0","MMRS51307502ST.27.0.0","SID530364","MMRS88581325ST.27.0.0","SID31328","28.7767416383144","29.0386677270411","29.6246979377225","30.293724582248","30.3203539286417","30.6500231481658","30.9275251784167","31.248210928858","SID31866","SZAXPI015217.140","SZAXPI003410.3","CCMD65222621ST.11.0","CCMD82866709ST.21.0","SID530373","CCIS98832363ST.4.0","MMRS72802364ST.27.0.0","19.5864745282376","20.6909758884568","24.6553688324004","26.1810650186561","28.2368335794685","28.4322950413487","28.6816670145897","31.072696382292"
"SID530315","CRC_MR_SBJ45H_17","SID532749","SID530364","MMRS88581325ST.27.0.0","CCMD31009081ST.11.0","CCMD49025643ST.11.0","SID530055","CRC_MR_SBJ84H_17","25.6663886202987","27.0721061484695","27.5560539955506","28.074207970242","28.8002077073014","30.0165887524898","31.1493918388016","31.9564448050702","SID31876","DRR127476","CCMD95676152ST.11.0","CCIS11015875ST.4.0","CCIS53043478ST.4.0","SZAXPI015210.17","CCIS98512455ST.4.0","SZAXPI015211.166","24.3108545988906","29.8818103806044","30.1949923958676","30.3689126498579","30.9078043232352","31.4005015512667","31.5168546145439","31.6974078489582"
"SID532826","SID31219","SID530364","CRC_MR_SBJ82H_17","MMRS95479054ST.27.0.0","SID532796","SZAXPI015271.93","CCIS07277498ST.4.0","SID532749","26.7921020049492","32.0948876065784","33.0029399476289","33.322774545078","33.7075413746212","35.3285337645125","37.0090913488146","37.0721362940443","SZAXPI017459.26","DRR127485","CRC_MR_SBJ39C_17","CRC_MR_SBJ04C_17","SID31883","CCMD51864103ST.21.0","CCIS52370277ST.4.0","SID31865","28.5785464212318","33.5761713703081","36.6682416101086","37.2362870635741","37.8904558024498","38.1066722415603","38.5268401384671","39.2496172168507"
"SZAXPI015240.26","CCMD35801800ST.11.0","LILT_VF279_T016","CRC_MR_SBJ84H_17","MMRS11932626ST.27.0.0","MMRS88581325ST.27.0.0","SID532796","CCIS45793747ST.4.0","SZAXPI015271.93","28.9659437354128","31.7962348891862","32.4234776695283","33.0028266065348","33.9555725580957","34.547921722765","34.9479831074542","35.0083036256515","CCIS53043478ST.4.0","SID31874","MMRS12272136ST.27.0.0","CCIS11015875ST.4.0","CCIS98512455ST.4.0","LILT_VF300_T016","CCIS38765456ST.20.0","SID31876","31.5708087689673","31.6288944184206","32.9419122969508","33.9107705404905","34.1700380761187","34.3772575702993","34.5696970570296","34.8162320594619"
"SZAXPI015250.39","MMRS88581325ST.27.0.0","CCIS34604008ST.4.0","CCIS95097901ST.4.0","CCIS63910149ST.4.0","CCIS27304052ST.3.0","SID530055","CCIS81139242ST.4.0","CCIS41692898ST.4.0","25.1349020531213","25.2631710695273","25.734990352726","25.7629122560863","26.8507083395485","27.3591237263477","27.5750205398872","28.0336481938545","SZAXPI003412.1","SID31685","CRC_MR_SBJ55C_17","CCIS53355328ST.4.0","SZAXPI003424.12","CCIS81887263ST.4.0","CRC_MR_SBJ39C_17","CRC_MR_SBJ04C_17","22.0947671819031","24.0495146928062","24.0909659307779","26.1670761402416","26.7588742031237","30.4076431477729","31.1439095957669","31.6504608258885"
"SZAXPI015252.43","CRC_MR_SBJ60H_17","SZAXPI015263.84","MMRS95479054ST.27.0.0","CCMD50300306ST.11.0","SID31328","MMRS88581325ST.27.0.0","CCIS81139242ST.4.0","MMRS39582183ST.27.0.0","18.2148495086893","20.5465380522267","25.1082718035372","25.2780134026074","25.8612682094595","25.8930367372582","26.3741477375706","26.5564995106207","CCIS98832363ST.4.0","MMRS44587603ST.27.0.0","SZAXPI015210.17","MMRS81671217ST.27.0.0","MMRS43563715ST.27.0.0","SID31883","DRR127485","MMRS72802364ST.27.0.0","21.6609377490819","22.8412978359309","23.8914507006146","24.1405873751551","24.2449647441567","26.2641659191835","26.8146885672368","26.9276767783688"
"SZAXPI015257.56","SZAXPI015271.93","CCIS45793747ST.4.0","CRC_MR_SBJ84H_17","CCIS81139242ST.4.0","CRC_MR_SBJ45H_17","MMRS25211151ST.27.0.0","DRR127649","SID31328","25.9050682666172","27.3030930151622","28.3431314591719","28.7891891432288","28.8225272868602","29.2887837615306","29.4091763987892","29.4533681447776","MMRS62376181ST.27.0.0","CCIS62605362ST.3.0","MMRS12272136ST.27.0.0","CCMD86707194ST.21.0","CCIS53043478ST.4.0","CCIS98512455ST.4.0","DRR162778","CCIS11015875ST.4.0","25.6245201828873","26.3784989604071","27.1463874625538","28.0456375897857","28.6671583440738","28.9756308644333","29.3190420089556","29.3204026387548"
"SZAXPI015261.75","CRC_MR_SBJ84H_17","CCIS45793747ST.4.0","MMRS88581325ST.27.0.0","SZAXPI015271.93","MMRS11932626ST.27.0.0","DRR127649","SID31328","MMRS68630931ST.27.0.0","23.2687581466502","23.5700951372963","24.1942488501048","25.3324056565913","25.3670821380643","25.4184289404538","25.4735012394253","25.99690485534","CCIS62605362ST.3.0","SID31874","CCIS53043478ST.4.0","CCIS98512455ST.4.0","LILT_VF300_T016","CCIS11015875ST.4.0","DRR127485","CCIS52370277ST.4.0","18.4311798033333","22.0306918492611","22.4249517080639","23.1448152069119","23.2039251192164","23.6424670266261","23.7549475112259","24.3833509976172"
"SZAXPI015263.84","CRC_MR_SBJ60H_17","SZAXPI015252.43","MMRS39582183ST.27.0.0","CCMD31009081ST.11.0","MMRS88581325ST.27.0.0","CCIS16383318ST.4.0","MMRS95277876ST.27.0.0","CCMD50300306ST.11.0","18.1353501577168","20.5465380522267","20.6825751920499","22.301642695907","22.7237639900612","23.8837306734564","25.3791712766926","25.4754257932738","MMRS72802364ST.27.0.0","CCIS98832363ST.4.0","SID31883","MMRS44587603ST.27.0.0","DRR127485","MMRS81671217ST.27.0.0","CCIS53043478ST.4.0","CCMD82866709ST.21.0","19.973682837171","20.0286812166253","21.8358027826595","23.4330460543204","23.6943242712786","23.9780638793064","24.2277039931109","25.1913293212565"
"SZAXPI015271.93","MMRS95479054ST.27.0.0","CRC_MR_SBJ84H_17","DRR127649","CCIS21126322ST.4.0","SID31328","MMPU99077057ST","CCIS45793747ST.4.0","CRC_MR_SBJ45H_17","16.6318920516218","19.7966228305588","19.8637498234447","19.9594469767752","20.1837906724604","20.6591784926047","20.9349675766861","21.265785079016","DRR127485","MMRS12272136ST.27.0.0","CCMD86707194ST.21.0","CCIS53043478ST.4.0","CCIS11015875ST.4.0","DRR162778","CCIS62605362ST.3.0","MMRS85382779ST.27.0.0","16.8451407576013","18.8337327900817","19.2138653253139","19.7798089716787","20.0823633749865","20.660351322405","20.723734192768","21.4041007283231"
"SZAXPI017591.140","SZAXPI015274.111","SID530394","MMRS65862658ST.27.0.0","CRC_MR_SBJ73H_17","CRC_MR_SBJ67H_17","CCIS07277498ST.4.0","CCIS21126322ST.4.0","SZAXPI015227.13","17.7039884023827","21.6689310606315","22.7757973248842","25.2630377377563","25.4789394751116","25.710186248003","27.6220437210555","27.8245739889742","CCMD59583015ST.11.0","CCMD51864103ST.21.0","CCMD86707194ST.21.0","CRC_MR_SBJ04C_17","CCMD26709089ST.21.0","CCMD18872694ST.21.0","DRR127485","MMRS81671217ST.27.0.0","17.3356311546364","18.3350180575477","28.5278114548786","29.2455129228913","29.3158264504789","31.3211422251121","31.9712995895194","32.3779035605828"
"CCIS11015875ST.4.0","SID31328","CCIS45793747ST.4.0","DRR127649","MMRS88581325ST.27.0.0","CCIS32452666ST.4.0","CCIS41692898ST.4.0","SZAXPI015271.93","CRC_MR_SBJ84H_17","17.6441914615745","17.9901812202073","18.179511913008","19.0309543902953","19.6604917898231","20.0263617541005","20.0823633749865","20.2180410928062","CCIS53043478ST.4.0","SID31874","CRC_MR_SBJ39C_17","CCMD82866709ST.21.0","DRR127485","MMRS85382779ST.27.0.0","DRR162778","CRC_MR_SBJ04C_17","17.578319860803","18.4459761893753","19.1260516678901","19.2149864848014","19.5894977285892","19.7670414409491","19.9912108747419","20.5470340546513"
"CCIS38765456ST.20.0","MMRS39582183ST.27.0.0","CCIS32452666ST.4.0","MMRS88581325ST.27.0.0","CCMD23541216ST.11.0","CCMD31009081ST.11.0","CCMD49025643ST.11.0","MMRS11932626ST.27.0.0","DRR127649","17.4805025352391","17.549827521406","22.1757127613184","22.3337852454034","23.8868504813255","24.2547530614847","24.2911297132184","24.358159227729","MMRS85382779ST.27.0.0","CCIS53043478ST.4.0","CCIS62605362ST.3.0","DRR127485","CCIS98512455ST.4.0","CCIS11015875ST.4.0","SID31876","SID31874","15.9312167569335","22.8559853267519","23.3937383386602","23.8615903036868","24.1577684512374","24.1891234176561","25.14961644027","25.1845819545292"
"CCIS52370277ST.4.0","CRC_MR_SBJ84H_17","DRR127649","MMRS11932626ST.27.0.0","SID31328","MMPU99077057ST","CCIS45793747ST.4.0","SZAXPI015271.93","MMRS88581325ST.27.0.0","19.7637621638113","19.8659676141561","19.9624084067254","20.3787413905766","21.4366076277708","22.2469234350011","22.2504304137134","22.3316172253243","SID31874","CCIS53043478ST.4.0","MMRS12272136ST.27.0.0","MMRS85382779ST.27.0.0","LILT_VF300_T016","DRR127485","CCIS11015875ST.4.0","LILT_VF234_T017","18.4277235057481","19.9814773279705","20.4214301830185","21.1088415226298","21.1580696117533","21.4799832459176","21.8683846896404","22.5342728129354"
"CCIS53043478ST.4.0","MMRS11932626ST.27.0.0","MMRS88581325ST.27.0.0","DRR127649","SID31328","CRC_MR_SBJ84H_17","CCIS16561622ST.4.0","CCIS45793747ST.4.0","SZAXPI015271.93","17.2629694814913","17.2809336363057","18.0083506270702","18.7444235881555","18.8560617460301","18.9387994639523","19.6458821385042","19.7798089716787","CCMD82866709ST.21.0","CCIS11015875ST.4.0","CCIS98512455ST.4.0","DRR162778","SID31874","CCIS62605362ST.3.0","DRR127485","CCIS52370277ST.4.0","17.139367843109","17.578319860803","18.671175452341","19.6493012117098","19.6977602533004","19.8937057195486","19.9536516252665","19.9814773279705"
"CCIS53355328ST.4.0","CCIS63910149ST.4.0","MMRS88581325ST.27.0.0","CCIS45793747ST.4.0","CCIS41692898ST.4.0","CCIS27304052ST.3.0","CCIS32452666ST.4.0","CCIS95097901ST.4.0","SID31328","19.7000797944374","21.535580932638","21.720520445574","22.151993024868","22.883422827027","23.0476722009924","23.612828606173","23.9263070211556","SID31685","SZAXPI003424.12","CCIS11015875ST.4.0","SZAXPI003412.1","CRC_MR_SBJ55C_17","CRC_MR_SBJ39C_17","CCMD82866709ST.21.0","CRC_MR_SBJ04C_17","19.3109193995548","21.0168551861167","22.6102593375817","22.8237465994148","23.482939492242","23.6681433455584","24.1159886676993","24.1311878526338"
"CCIS58234805ST.4.0","MMRS11932626ST.27.0.0","MMRS88581325ST.27.0.0","CRC_MR_SBJ84H_17","CCIS45793747ST.4.0","CRC_MR_SBJ45H_17","SZAXPI015271.93","SID31328","CCIS16383318ST.4.0","30.9753805111091","31.8188381817391","32.2680084639353","32.4261098809447","32.6781578906691","32.8898341031845","32.9092713447518","33.0090650831541","MMRS72802364ST.27.0.0","CCIS53043478ST.4.0","CCMD82866709ST.21.0","CCIS11015875ST.4.0","CCIS52370277ST.4.0","DRR127485","CCIS62605362ST.3.0","CCIS98512455ST.4.0","30.0225875046272","30.1848161786237","30.9484476495817","31.9451371940707","32.1942106511109","32.4343672086723","32.4862445043822","32.5165261195811"
"CCIS62605362ST.3.0","SZAXPI015261.75","CCIS45793747ST.4.0","MMRS88581325ST.27.0.0","SZAXPI015271.93","CRC_MR_SBJ84H_17","SID31328","CCIS32452666ST.4.0","DRR127649","18.4311798033333","20.1407452471998","20.4927287980005","20.723734192768","20.8941515491608","21.0490810280354","22.1278328830141","22.5376225998507","CCIS53043478ST.4.0","DRR127485","CCIS11015875ST.4.0","SID31874","MMRS85382779ST.27.0.0","CCIS98512455ST.4.0","DRR162778","CCIS38765456ST.20.0","19.8937057195486","20.5809436815346","20.7126226996366","22.5118177177788","22.673965757002","22.8967756029293","23.2667606923933","23.3937383386602"
"CCIS78318719ST.4.0","CCMD45004878ST.11.0","LILT_VF84_16","CCMD31009081ST.11.0","MMRS95277876ST.27.0.0","CCMD49025643ST.11.0","LILT_VF262_T016","MMRS20257302ST.27.0.0","DRR127649","21.0871305249221","23.0042118256527","23.1146832664867","24.136197324848","25.5533041249033","26.5876836918187","26.7199868260185","27.0126632447562","CCMD65222621ST.11.0","CCMD95676152ST.11.0","DRR127485","CCMD72690923ST.11.0","CCMD88272491ST.21.0","CCIS38765456ST.20.0","LILT_VF207_T017","LILT_VF73_16","23.5482542367327","28.7687254809941","29.2119095962144","29.2359396669356","29.5524551431806","30.4760818301402","32.126888673015","32.267784297243"
"CCIS81887263ST.4.0","SID31328","CCIS45793747ST.4.0","MMRS88581325ST.27.0.0","CCIS81139242ST.4.0","SZAXPI015271.93","CCIS63910149ST.4.0","MMRS25211151ST.27.0.0","MMRS11932626ST.27.0.0","22.1343986692049","22.952703732578","23.0619065979918","23.2644072220957","23.6816584596561","23.8639859900877","24.4286405162097","24.7844901789002","SID530373","MMRS72802364ST.27.0.0","CCIS53043478ST.4.0","CCIS11015875ST.4.0","DRR162778","CCIS62605362ST.3.0","CCIS53355328ST.4.0","CRC_MR_SBJ04C_17","21.5143320166163","22.8352877476944","23.6245708901453","23.6292249882302","23.7766996594397","24.3304884048821","24.5343062931704","25.3849728355143"
"CCIS98512455ST.4.0","CRC_MR_SBJ84H_17","MMRS39582183ST.27.0.0","MMRS88581325ST.27.0.0","SZAXPI015261.75","CCIS21126322ST.4.0","CCIS45793747ST.4.0","MMRS11932626ST.27.0.0","CCMD31009081ST.11.0","21.6813377098555","22.9031673630024","22.9960726020358","23.1448152069119","23.4613356346543","23.6248257953345","23.745061901507","23.8898539945476","CCIS53043478ST.4.0","CCMD82866709ST.21.0","DRR127485","CCIS11015875ST.4.0","CCIS62605362ST.3.0","MMRS72802364ST.27.0.0","LILT_VF300_T016","MMRS12272136ST.27.0.0","18.671175452341","21.9365305945835","22.3510014734508","22.6689893625014","22.8967756029293","22.9706634265404","23.3534534723518","23.5864101635412"
"CCIS98832363ST.4.0","SZAXPI015263.84","CRC_MR_SBJ60H_17","SZAXPI015252.43","MMRS88581325ST.27.0.0","SID31328","MMRS39582183ST.27.0.0","MMRS95479054ST.27.0.0","DRR127649","20.0286812166253","21.335543513466","21.6609377490819","24.4001440117184","24.6568807171386","24.9786445723142","24.9951460522898","27.1499136627706","MMRS72802364ST.27.0.0","MMRS44587603ST.27.0.0","SZAXPI015210.17","MMRS81671217ST.27.0.0","MMRS43563715ST.27.0.0","SID31883","CCMD82866709ST.21.0","CCIS53043478ST.4.0","20.9889814755624","22.9605479660547","23.7557649500558","24.1595883588007","24.534007336271","26.0081305714963","26.0296985342128","26.0743599557458"
"CCMD18872694ST.21.0","CRC_MR_SBJ67H_17","MMRS65862658ST.27.0.0","LILT_VF170_T016","SID31328","MMRS51737257ST.27.0.0","CCIS16561622ST.4.0","MMRS11932626ST.27.0.0","DRR127649","22.6214786788198","25.3557069549658","26.5753883397289","26.5919094391132","27.0419723836354","27.4232603514753","27.7594990224518","27.9937786479264","SZAXPI017457.24","CCIS53043478ST.4.0","SID31874","CCMD86707194ST.21.0","MMRS43563715ST.27.0.0","CCMD59583015ST.11.0","CCIS11015875ST.4.0","CCMD51864103ST.21.0","25.8598181088344","27.6117445709068","29.0995155122985","29.2093091108708","29.2255981768449","29.2363471312526","30.0031218019142","30.1442422259758"
"CCMD26709089ST.21.0","CCIS21126322ST.4.0","MMRS65862658ST.27.0.0","SZAXPI015274.111","SID530394","CCIS07277498ST.4.0","SZAXPI017591.140","CRC_MR_SBJ73H_17","CCIS64773582ST.4.0","27.1453738498312","27.755881154595","28.4185105856605","28.4778673314102","29.2445907156931","29.3158264504789","29.6631369189959","29.9932110832202","CCMD51864103ST.21.0","CCMD59583015ST.11.0","DRR127485","CCMD86707194ST.21.0","CRC_MR_SBJ04C_17","MMRS12272136ST.27.0.0","SID31874","CCIS11015875ST.4.0","27.1841204161363","27.2524493810813","32.6301109074854","33.1901761514503","33.6074828949655","34.2648166967518","34.3265283008142","35.0494099376951"
"CCMD51864103ST.21.0","SZAXPI017591.140","MMRS65862658ST.27.0.0","SID530394","SZAXPI015274.111","CCIS07277498ST.4.0","SID530055","CRC_MR_SBJ67H_17","CRC_MR_SBJ73H_17","18.3350180575477","22.0927546498258","22.2226071942425","22.7293753825771","24.0432518581701","25.6270259407817","25.8320345346006","26.2468323018817","CCMD59583015ST.11.0","CCMD86707194ST.21.0","CCMD26709089ST.21.0","CRC_MR_SBJ04C_17","CCIS52370277ST.4.0","DRR127485","CCMD18872694ST.21.0","SID31874","17.2531255223336","27.0972071779418","27.1841204161363","28.4027648916087","28.9423950248541","28.9895909156545","30.1442422259758","30.9164449680813"
"CCMD59583015ST.11.0","SZAXPI017591.140","CRC_MR_SBJ73H_17","SID530055","SZAXPI015274.111","MMRS65862658ST.27.0.0","SID530394","CRC_MR_SBJ67H_17","CCIS21126322ST.4.0","17.3356311546364","17.8030112575851","18.5039160472236","19.9234810353588","21.5766876688754","22.6473275671678","22.786516385288","23.0549858238712","CCMD51864103ST.21.0","CCMD86707194ST.21.0","CRC_MR_SBJ04C_17","CCMD26709089ST.21.0","DRR127485","MMRS12272136ST.27.0.0","CCMD18872694ST.21.0","CCIS11015875ST.4.0","17.2531255223336","23.0173724454921","25.1436712854786","27.2524493810813","28.8116406882739","29.0798423976954","29.2363471312526","29.6677163068612"
"CCMD64503764ST.21.0","CCIS16561622ST.4.0","CCIS44093303ST.4.0","MMRS11932626ST.27.0.0","MMRS20257302ST.27.0.0","CCIS45793747ST.4.0","MMRS88581325ST.27.0.0","MMRS68630931ST.27.0.0","SZAXPI015271.93","24.1441062825734","25.530757327504","25.8903892184436","25.9653719984502","25.965434669229","26.1342878683235","26.9875917121591","27.6966025930492","CCIS53043478ST.4.0","CCIS11015875ST.4.0","DRR162778","CCIS62605362ST.3.0","DRR127481","CCIS81887263ST.4.0","DRR127476","MMRS72802364ST.27.0.0","22.3834268454766","23.9587990284426","25.9075646034802","25.9302261379611","26.0555863146505","26.3261951949062","26.3315171904469","26.5619892867439"
"CCMD65222621ST.11.0","MMRS95277876ST.27.0.0","CCMD45004878ST.11.0","DRR127649","SID31519","CCMD31009081ST.11.0","LILT_VF84_16","CCMD49025643ST.11.0","MMRS88581325ST.27.0.0","23.1443005437624","24.1748903066694","25.4601235607371","26.1810650186561","26.3596899701229","26.396103748563","27.2432573220531","27.921146934048","CCIS78318719ST.4.0","LILT_VF73_16","CCMD82866709ST.21.0","CCMD95676152ST.11.0","DRR127485","CCMD88272491ST.21.0","SZAXPI015217.140","CCIS38765456ST.20.0","23.5482542367327","27.4357308869875","28.3582122513091","28.7301942438195","30.9861255555482","32.3509822179405","32.4057159397104","32.7123902741759"
"CCMD82866709ST.21.0","MMRS95277876ST.27.0.0","DRR127649","MMRS88581325ST.27.0.0","MMRS11932626ST.27.0.0","CCIS21126322ST.4.0","SID31328","CCIS16561622ST.4.0","SZAXPI015271.93","18.2751363383068","18.2932855631158","18.4879312209885","19.9557378970235","20.0996441874179","21.5112702233597","21.9476888510704","22.006533583218","CCIS53043478ST.4.0","CCIS11015875ST.4.0","DRR127485","SID31874","MMRS12272136ST.27.0.0","CCIS98512455ST.4.0","CCIS52370277ST.4.0","MMRS72802364ST.27.0.0","17.139367843109","19.2149864848014","20.4175453174935","20.9536968371622","21.8446583673332","21.9365305945835","22.6897595020838","23.5057335684233"
"CCMD86707194ST.21.0","CRC_MR_SBJ73H_17","SZAXPI015271.93","CRC_MR_SBJ45H_17","MMPU99077057ST","CCIS45793747ST.4.0","SID31328","MMRS65862658ST.27.0.0","DRR127649","18.2553459707287","19.2138653253139","20.6689873589782","20.8481282603835","21.0714714046409","21.2154837540839","21.2185903414741","21.6111132313146","MMRS12272136ST.27.0.0","MMRS62376181ST.27.0.0","CCMD59583015ST.11.0","DRR127485","CCIS52370277ST.4.0","LILT_VF300_T016","CCIS11015875ST.4.0","CRC_MR_SBJ04C_17","19.2498912089939","21.8698561462164","23.0173724454921","23.266909066292","23.8384025655831","23.9473555825189","24.0322894546421","24.0812782594467"
"CCMD88272491ST.21.0","CCMD31009081ST.11.0","CCMD49025643ST.11.0","MMRS20257302ST.27.0.0","MMRS88581325ST.27.0.0","CCIS16561622ST.4.0","DRR127649","MMRS11932626ST.27.0.0","MMRS95277876ST.27.0.0","23.5083306118129","23.9865898687058","25.3794567828963","25.5472705163272","25.6108339339468","25.8644089765627","26.0635571110104","27.1533370237233","CCIS53043478ST.4.0","MMRS72802364ST.27.0.0","CCIS38765456ST.20.0","CCIS98512455ST.4.0","DRR127485","CCIS11015875ST.4.0","SID31874","CCMD64503764ST.21.0","24.722568869177","24.8528385993854","25.5720926126608","26.1955222757383","26.2610023578709","26.6654988125574","26.8480568169486","26.916832909241"
"CCMD89306485ST.11.0","LILT_VF171_T016","LILT_VF255_T016","MMRS51307502ST.27.0.0","MMPU99077057ST","CRC_MR_SBJ73H_17","MMRS95479054ST.27.0.0","SID31328","SID530055","18.5495182399571","26.4547726202759","27.7576983455851","28.2767811131501","29.5459457510569","32.6300646698915","33.2329276488425","33.3818156918134","LILT_VF73_16","MMRS44587603ST.27.0.0","LILT_VF207_T017","CCMD86707194ST.21.0","SZAXPI015210.17","CCMD59583015ST.11.0","DRR127485","DRR162778","29.3770137646","34.6534195239445","34.8626852057296","34.8926707595506","36.4361782304744","36.913433081144","38.2720744495056","38.5482102810325"
"CCMD95676152ST.11.0","MMRS88581325ST.27.0.0","DRR127649","CCMD31009081ST.11.0","MMRS95277876ST.27.0.0","CRC_MR_SBJ45H_17","CCMD49025643ST.11.0","LILT_VF84_16","LILT_VF262_T016","19.9783662743854","21.0137555805715","21.6050847546544","22.7702772619922","22.986163884126","24.718792814994","24.8199791387523","25.3193952118569","SID31874","CCIS53043478ST.4.0","DRR127485","CCMD82866709ST.21.0","MMRS97052561ST.27.0.0","CCIS11015875ST.4.0","LILT_VF207_T017","MMRS85382779ST.27.0.0","23.0107675033972","24.7977079119281","24.863067212474","25.513580584961","26.110261980413","26.1541925002551","27.5454330521903","27.7706041249124"
"CRC_MR_SBJ04C_17","SID31328","SID530055","CRC_MR_SBJ73H_17","CCIS41692898ST.4.0","SZAXPI015227.13","CCIS21126322ST.4.0","CCIS45793747ST.4.0","CCIS32452666ST.4.0","15.3652037589386","17.9093772983959","18.2962135961706","18.3193344324651","18.4578947218013","19.4401779096309","19.7094520321266","20.5737954005939","CCIS11015875ST.4.0","DRR127485","CRC_MR_SBJ39C_17","CCMD86707194ST.21.0","CCIS53355328ST.4.0","CCIS52370277ST.4.0","MMRS85382779ST.27.0.0","CRC_MR_SBJ55C_17","20.5470340546513","22.1427824298935","22.6091465746012","24.0812782594467","24.1311878526338","24.1850328369573","24.5267279975173","24.907785652948"
"CRC_MR_SBJ12C_17","CCIS21126322ST.4.0","MMRS95277876ST.27.0.0","CCIS63910149ST.4.0","MMRS65862658ST.27.0.0","MMRS95479054ST.27.0.0","CCIS07277498ST.4.0","MMPU99077057ST","SZAXPI015271.93","26.6857228488662","30.2908893230985","30.7610912228565","31.7403302067638","32.1103730600845","32.2930170532733","33.5840701704231","33.6061021885758","CRC_MR_SBJ33C_17","CCMD82866709ST.21.0","CCIS98512455ST.4.0","MMRS12272136ST.27.0.0","CCIS53043478ST.4.0","DRR127485","MMRS44587603ST.27.0.0","CCIS62605362ST.3.0","13.5292378547315","27.8986789342775","30.5353634601489","31.3312120604933","32.3712455672515","32.5287565856151","34.0586183428218","34.6300756358617"
"CRC_MR_SBJ26C_17","CRC_MR_SBJ69H_17","MMRS11932626ST.27.0.0","CRC_MR_SBJ84H_17","MMPU99077057ST","SZAXPI015271.93","CRC_MR_SBJ82H_17","CCIS45793747ST.4.0","MMRS68630931ST.27.0.0","21.1806919993068","21.8453662484152","24.4549767028595","25.9191607659257","26.3086524884001","26.5678330269953","26.7465923006409","26.9684786829309","CCIS52370277ST.4.0","MMRS12272136ST.27.0.0","CCIS53043478ST.4.0","SID31874","MMRS62376181ST.27.0.0","MMRS72802364ST.27.0.0","CCIS11015875ST.4.0","LILT_VF300_T016","22.9211810915123","23.7076467269993","25.3911660662227","27.5778841654468","27.7308725188751","28.1155934865974","28.4265222319685","28.671802994341"
"CRC_MR_SBJ33C_17","CCIS21126322ST.4.0","MMRS95277876ST.27.0.0","CCIS63910149ST.4.0","CCIS07277498ST.4.0","MMRS65862658ST.27.0.0","MMPU99077057ST","MMRS95479054ST.27.0.0","CCIS32452666ST.4.0","23.8007402286315","28.0589515931173","28.8478307973719","29.3047398537626","31.1683013732141","31.5803226261924","31.9251388544247","32.4982115955479","CRC_MR_SBJ12C_17","CCMD82866709ST.21.0","CCIS98512455ST.4.0","DRR127485","MMRS12272136ST.27.0.0","CCIS53043478ST.4.0","CCIS11015875ST.4.0","MMRS44587603ST.27.0.0","13.5292378547315","27.5335138399951","30.2526337559972","30.318596901745","32.1938095484473","32.9642488032656","34.9888940278154","35.2391554908017"
"CRC_MR_SBJ39C_17","CCIS45793747ST.4.0","CRC_MR_SBJ82H_17","CCIS64773582ST.4.0","CCIS41692898ST.4.0","CCIS81139242ST.4.0","CCIS32452666ST.4.0","CCIS27304052ST.3.0","CCIS63910149ST.4.0","20.53702021275","21.6128407872149","21.897017326732","22.1584669057609","22.6835016274803","22.8672808006133","23.0870870404042","23.0881613211641","CCIS11015875ST.4.0","CRC_MR_SBJ04C_17","CCIS53355328ST.4.0","MMRS97052561ST.27.0.0","SID31874","SID31685","MMRS12272136ST.27.0.0","DRR127485","19.1260516678901","22.6091465746012","23.6681433455584","24.1741854098954","24.5183904436119","25.2916282781002","25.4471787692742","25.6201056137128"
"CRC_MR_SBJ55C_17","CCIS63910149ST.4.0","CCIS27304052ST.3.0","CCIS34604008ST.4.0","CCIS95097901ST.4.0","SZAXPI015250.39","CCIS45793747ST.4.0","CCIS32452666ST.4.0","CCIS41692898ST.4.0","18.2971231556958","19.1353497192343","22.0553520002583","23.1965538912572","24.0909659307779","25.5243161546534","25.6756703288327","25.9119467859846","SID31685","SZAXPI003412.1","CCIS53355328ST.4.0","SZAXPI003424.12","CRC_MR_SBJ04C_17","CRC_MR_SBJ39C_17","CCIS81887263ST.4.0","CCIS11015875ST.4.0","18.3405678006271","18.8453040493434","23.482939492242","24.3473055409895","24.907785652948","26.6086494252001","30.2291804517556","30.7527153165863"
"DRR127478","CCIS64773582ST.4.0","CRC_MR_SBJ17H_17","MMRS11932626ST.27.0.0","CRC_MR_SBJ84H_17","CCIS45793747ST.4.0","CRC_MR_SBJ82H_17","SZAXPI015271.93","MMRS88581325ST.27.0.0","31.748270139543","32.3141771055801","33.8577420935596","34.3797025699525","34.9715002316872","35.4842708620214","36.1397846848069","36.1777079846347","MMRS72802364ST.27.0.0","CCMD88272491ST.21.0","DRR127476","CCIS53043478ST.4.0","CCMD65406197ST.11.0","CCIS98512455ST.4.0","CCIS11015875ST.4.0","CCIS81887263ST.4.0","30.2323102205207","31.0077552579399","31.602599259167","32.975323558593","33.2375604280714","33.4172664415059","34.7508361959507","35.3689501748384"
"DRR127485","CCIS21126322ST.4.0","MMRS95479054ST.27.0.0","SID532796","SZAXPI015271.93","SID31328","SZAXPI015227.13","DRR127649","CCIS32452666ST.4.0","15.7094859057991","15.8190715079805","16.5824316072613","16.8451407576013","18.0034543532762","18.1935810052639","18.555513611501","18.8989853543332","CCIS11015875ST.4.0","CCIS53043478ST.4.0","CCMD82866709ST.21.0","CCIS62605362ST.3.0","MMRS85382779ST.27.0.0","SID31874","CCIS52370277ST.4.0","CRC_MR_SBJ04C_17","19.5894977285892","19.9536516252665","20.4175453174935","20.5809436815346","21.0086719837357","21.1373195195512","21.4799832459176","22.1427824298935"
"DRR127580","CCIS64773582ST.4.0","CRC_MR_SBJ63H_17","MMRS25211151ST.27.0.0","SZAXPI015261.75","CRC_MR_SBJ84H_17","CCIS45793747ST.4.0","MMRS65862658ST.27.0.0","SZAXPI015271.93","23.0308542740299","25.1210216425945","27.0294321289294","28.0307924080091","28.1806710566942","28.3675018216815","29.0158798374442","29.5809149024908","SID31874","MMRS62376181ST.27.0.0","MMRS12272136ST.27.0.0","CCIS11015875ST.4.0","CCIS62605362ST.3.0","MMRS97052561ST.27.0.0","CCIS53043478ST.4.0","CRC_MR_SBJ39C_17","24.2353548896896","26.5722461587481","26.6436061119174","26.9310614653935","28.024899700693","28.1214760605129","28.3415527376342","28.5351556933478"
"DRR127685","CCIS16383318ST.4.0","CCIS45793747ST.4.0","SID31328","CRC_MR_SBJ84H_17","SZAXPI015271.93","CRC_MR_SBJ45H_17","MMRS11932626ST.27.0.0","MMRS88581325ST.27.0.0","25.101268861934","30.5395362253899","32.9801058706321","33.1888992117997","34.1400268950187","34.7850601431462","34.9366595363609","35.219588184499","LILT_VF300_T016","DRR162778","CCIS53043478ST.4.0","CCIS98512455ST.4.0","CCIS62605362ST.3.0","CCIS52370277ST.4.0","MMRS72802364ST.27.0.0","CCIS11015875ST.4.0","30.7072512566413","31.0605360525539","32.9337092353458","34.0486699568691","34.2672481086985","34.7586718221324","34.9469849929261","34.9854055431547"
"DRR162778","SZAXPI015271.93","SID31328","CCIS45793747ST.4.0","DRR127649","CRC_MR_SBJ84H_17","MMRS88581325ST.27.0.0","CRC_MR_SBJ45H_17","MMRS11932626ST.27.0.0","20.660351322405","20.9290915467514","21.5739128102183","21.751979627073","22.1967788239645","22.7389011547942","22.9966720328029","23.2884878816509","CCIS53043478ST.4.0","CCIS11015875ST.4.0","MMRS85382779ST.27.0.0","DRR127485","SID31874","CCIS62605362ST.3.0","CCIS52370277ST.4.0","LILT_VF300_T016","19.6493012117098","19.9912108747419","21.9704099937803","22.9871631142514","23.1021839744298","23.2667606923933","23.3238910237143","23.7665555284711"
"LILT_VF207_T017","LILT_VF262_T016","DRR127649","MMRS95277876ST.27.0.0","MMRS91297590ST.27.0.0","CCMD31009081ST.11.0","LILT_VF255_T016","SID31328","SZAXPI015271.93","21.9552720801793","22.8215878303395","24.0197030095607","24.4023716891494","24.6672826933268","25.1012970149333","25.3564278999231","25.4469346816252","LILT_VF73_16","CCIS11015875ST.4.0","SID31874","LILT_VF251_T017","DRR127485","CCIS53043478ST.4.0","MMRS85382779ST.27.0.0","DRR162778","19.4284328794038","21.680381092045","24.7242559284703","24.8818296888834","25.2801971356297","25.4509081402295","26.1192275447476","26.3662119112758"
"LILT_VF251_T017","SZAXPI015261.75","LILT_VF262_T016","CRC_MR_SBJ84H_17","DRR127649","MMRS88581325ST.27.0.0","CCMD49025643ST.11.0","SID31328","CCIS64773582ST.4.0","25.8062357197132","26.9824936812723","27.6706384065186","28.2094294561499","28.5139736027303","28.9523697324709","29.1350719771172","29.7227610840564","SID31874","LILT_VF207_T017","CCIS53043478ST.4.0","LILT_GF15_16","CCIS11015875ST.4.0","CCIS52370277ST.4.0","LILT_VF73_16","DRR127485","24.2068997245599","24.8818296888834","26.7599929579587","27.1954126538429","27.3674011655491","28.2981366217672","28.3387089605772","28.7840783192566"
"LILT_VF300_T016","CCIS45793747ST.4.0","CRC_MR_SBJ84H_17","SZAXPI015261.75","MMRS68630931ST.27.0.0","SID31328","CRC_MR_SBJ45H_17","MMRS88581325ST.27.0.0","SZAXPI015271.93","22.5196982464286","22.9477376660162","23.2039251192164","23.840245130858","23.9849798899269","24.0437105668031","24.109354667531","24.2387149269531","CCIS53043478ST.4.0","CCIS52370277ST.4.0","MMRS62376181ST.27.0.0","MMRS12272136ST.27.0.0","CCIS98512455ST.4.0","DRR127485","DRR162778","CCMD86707194ST.21.0","20.1355013004395","21.1580696117533","22.9729503875971","23.2555118791374","23.3534534723518","23.7003013083948","23.7665555284711","23.9473555825189"
"LILT_VF73_16","MMRS51307502ST.27.0.0","LILT_VF255_T016","DRR127649","MMRS95277876ST.27.0.0","MMPU99077057ST","SID31328","LILT_VF262_T016","LILT_VF84_16","17.7228994334054","20.4877168573611","20.7972185425503","21.2235030836853","22.8199504356495","22.8921475778988","23.0589559838255","24.9052592729026","LILT_VF207_T017","CCIS11015875ST.4.0","CCIS53043478ST.4.0","DRR127485","CCIS52370277ST.4.0","MMRS85382779ST.27.0.0","MMRS44587603ST.27.0.0","LILT_VF234_T017","19.4284328794038","25.5888207704341","25.9866601345017","26.3088387421604","26.8422806620842","27.0252323802368","27.0255784896864","27.1796180615236"
"LILT_VF77_16","MMRS51737257ST.27.0.0","MMRS11932626ST.27.0.0","MMRS88581325ST.27.0.0","MMRS20257302ST.27.0.0","DRR127649","MMRS95277876ST.27.0.0","MMRS25211151ST.27.0.0","CCIS16561622ST.4.0","29.7294932628493","31.4467233847821","31.4788303930546","31.5460757041759","32.2361978598872","32.4903027369091","33.1151880757304","33.9485098536784","CCMD82866709ST.21.0","CCIS53043478ST.4.0","CCIS11015875ST.4.0","MMRS72802364ST.27.0.0","SID31874","CCIS98512455ST.4.0","CCIS52370277ST.4.0","CCIS62605362ST.3.0","30.7859887043229","31.549359128266","32.4013781120588","32.5241013893236","32.8330312992084","33.1137678776276","33.3087069413825","33.6476343838924"
"MMRS12272136ST.27.0.0","SZAXPI015271.93","CCMD35801800ST.11.0","MMPU99077057ST","CRC_MR_SBJ84H_17","CCIS45793747ST.4.0","CCIS21126322ST.4.0","MMRS65862658ST.27.0.0","MMRS68630931ST.27.0.0","18.8337327900817","19.7021543040019","20.0528186614077","20.1344114113574","20.583964192412","20.6724919793502","20.7193462745039","21.1883283614329","SID31874","CCMD86707194ST.21.0","MMRS62376181ST.27.0.0","CCIS52370277ST.4.0","CCIS11015875ST.4.0","CCIS53043478ST.4.0","CCMD82866709ST.21.0","MMRS85382779ST.27.0.0","17.684148765253","19.2498912089939","19.8295871210447","20.4214301830185","20.8043735235311","21.2547290050167","21.8446583673332","21.8549745485507"
"MMRS24340226ST.27.0.0","MMRS20257302ST.27.0.0","MMRS91297590ST.27.0.0","MMRS95277876ST.27.0.0","MMRS25211151ST.27.0.0","CCMD31009081ST.11.0","MMRS11932626ST.27.0.0","SID532796","CRC_MR_SBJ84H_17","28.5555788434292","28.9555056059534","29.015082597799","29.7791494958016","30.0405078450598","30.1892217595867","30.5771240504302","31.1636515096691","CCMD64503764ST.21.0","CCIS11015875ST.4.0","CCIS53043478ST.4.0","CCMD88272491ST.21.0","SID31874","MMRS85382779ST.27.0.0","CCIS98512455ST.4.0","CCMD82866709ST.21.0","27.3602147381302","27.6195838941375","30.0120467725212","30.2599609618982","30.7053807543483","31.1890452430769","31.2102777547061","31.3123554303473"
"MMRS43563715ST.27.0.0","CRC_MR_SBJ60H_17","SZAXPI015252.43","MMRS95479054ST.27.0.0","CRC_MR_SBJ67H_17","SZAXPI015263.84","MMRS39582183ST.27.0.0","SID31328","MMRS11932626ST.27.0.0","23.1858711603381","24.2449647441567","24.3727343868738","24.4471632392943","25.4810100034477","26.3256424516402","26.4011019689709","26.7831105181474","MMRS44587603ST.27.0.0","MMRS81671217ST.27.0.0","CCIS53043478ST.4.0","CCIS98832363ST.4.0","MMRS72802364ST.27.0.0","SID31883","SZAXPI015210.17","CCIS11015875ST.4.0","23.3072815577557","23.569470379877","23.7582659725747","24.534007336271","25.4529343140531","25.8879997921856","26.3075157831389","27.0948916768586"
"MMRS44587603ST.27.0.0","MMRS95479054ST.27.0.0","CRC_MR_SBJ60H_17","SZAXPI015252.43","MMRS39582183ST.27.0.0","CCMD31009081ST.11.0","SZAXPI015263.84","SID31328","CRC_MR_SBJ84H_17","20.8545173190463","22.459663367101","22.8412978359309","22.8545699259448","23.0203153525272","23.4330460543204","23.7693407128027","25.6711505398959","MMRS81671217ST.27.0.0","MMRS72802364ST.27.0.0","CCIS98832363ST.4.0","SZAXPI015210.17","MMRS43563715ST.27.0.0","CCIS53043478ST.4.0","DRR127485","DRR162778","20.4607402067765","22.7416690068957","22.9605479660547","23.0548138298794","23.3072815577557","23.4750291891725","24.6725787360543","24.7583539040745"
"MMRS62376181ST.27.0.0","MMRS68630931ST.27.0.0","CCIS45793747ST.4.0","CRC_MR_SBJ45H_17","SZAXPI015271.93","MMRS65862658ST.27.0.0","CRC_MR_SBJ84H_17","MMRS11932626ST.27.0.0","CCIS21126322ST.4.0","21.6188508178858","22.6282104696858","22.9741216898927","23.0993731030455","23.8290574763439","24.5154596492152","25.3129429561736","25.4533948723466","MMRS12272136ST.27.0.0","CCMD86707194ST.21.0","LILT_VF300_T016","CCIS53043478ST.4.0","CCIS62605362ST.3.0","CCIS98512455ST.4.0","CCIS52370277ST.4.0","SID31874","19.8295871210447","21.8698561462164","22.9729503875971","23.1229459143769","23.7941041646371","24.4805543413032","25.1332078697925","25.6509448684274"
"MMRS72802364ST.27.0.0","SZAXPI015263.84","CRC_MR_SBJ84H_17","MMRS11932626ST.27.0.0","MMRS39582183ST.27.0.0","MMRS88581325ST.27.0.0","CCMD31009081ST.11.0","SZAXPI015271.93","MMRS25211151ST.27.0.0","19.973682837171","21.3416226377331","21.5839358670841","22.1770731507451","22.2180189856904","22.9390480081323","23.1086113277021","23.7577268627241","CCIS53043478ST.4.0","CCIS98832363ST.4.0","MMRS81671217ST.27.0.0","SID31883","MMRS44587603ST.27.0.0","CCIS81887263ST.4.0","SZAXPI015210.17","CCIS98512455ST.4.0","20.0094587081135","20.9889814755624","21.163925763955","21.3987740251048","22.7416690068957","22.8352877476944","22.8967884181428","22.9706634265404"
"MMRS81671217ST.27.0.0","CRC_MR_SBJ60H_17","CRC_MR_SBJ67H_17","MMRS95479054ST.27.0.0","MMRS39582183ST.27.0.0","CRC_MR_SBJ84H_17","SZAXPI015263.84","SZAXPI015252.43","CCMD31009081ST.11.0","20.8341618914777","21.2725239783717","21.3032579779854","22.0564385494916","22.7788088692056","23.9780638793064","24.1405873751551","24.1488470741607","MMRS44587603ST.27.0.0","SZAXPI015210.17","MMRS72802364ST.27.0.0","SID31883","MMRS43563715ST.27.0.0","CCIS98832363ST.4.0","CCIS53043478ST.4.0","CCIS52370277ST.4.0","20.4607402067765","20.9794838667161","21.163925763955","23.4664298651648","23.569470379877","24.1595883588007","25.0166286804537","25.2254838409395"
"MMRS85382779ST.27.0.0","CCIS32452666ST.4.0","MMRS39582183ST.27.0.0","DRR127649","SID31328","SZAXPI015271.93","MMRS11932626ST.27.0.0","CRC_MR_SBJ45H_17","CRC_MR_SBJ84H_17","15.4180108760923","17.2470487801334","19.6081224347208","20.7166130200933","21.4041007283231","21.4938291086768","21.5232906901268","21.6034348935441","CCIS38765456ST.20.0","CCIS11015875ST.4.0","SID31874","DRR127485","CCIS53043478ST.4.0","CCIS52370277ST.4.0","MMRS12272136ST.27.0.0","DRR162778","15.9312167569335","19.7670414409491","20.7562124336402","21.0086719837357","21.054244386401","21.1088415226298","21.8549745485507","21.9704099937803"
"MMRS97052561ST.27.0.0","CCIS45793747ST.4.0","CCIS32452666ST.4.0","CCIS64773582ST.4.0","MMRS88581325ST.27.0.0","SID31328","SID530394","MMRS25211151ST.27.0.0","SZAXPI015261.75","23.7707324978996","24.570451086199","25.0171414290122","25.4380749402171","26.0499321155219","26.256595483798","26.2679329499144","26.6538862282876","SID31874","CCIS11015875ST.4.0","CRC_MR_SBJ39C_17","DRR127485","CCIS62605362ST.3.0","CCIS53043478ST.4.0","CCMD95676152ST.11.0","MMRS85382779ST.27.0.0","20.6490695843469","22.8809284929524","24.1741854098954","24.59873078538","25.2946864472067","25.4220217579936","26.110261980413","26.4049313892008"
"SID31685","CCIS63910149ST.4.0","CCIS27304052ST.3.0","CCIS34604008ST.4.0","MMRS88581325ST.27.0.0","CCIS32452666ST.4.0","CCIS95097901ST.4.0","SZAXPI015227.13","CCIS45793747ST.4.0","16.5291329273105","20.3646771564737","20.8825197329465","21.7456967717822","21.8464392927017","21.9317676849405","22.6132173054367","22.9669817908558","CRC_MR_SBJ55C_17","CCIS53355328ST.4.0","SZAXPI003412.1","SZAXPI003424.12","CCIS11015875ST.4.0","DRR127485","CCIS62605362ST.3.0","CRC_MR_SBJ39C_17","18.3405678006271","19.3109193995548","19.8205744841011","23.4206754157198","24.1619437891201","24.3701453314706","25.1881740921548","25.2916282781002"
"SID31874","CCMD35801800ST.11.0","DRR127649","MMRS11932626ST.27.0.0","MMRS88581325ST.27.0.0","CCIS64773582ST.4.0","CRC_MR_SBJ45H_17","SID530394","SID31328","19.3647394395716","19.416816297313","19.8345126811979","20.8577732901981","20.8802088981648","20.8988222115865","20.9266275690232","21.3034639582041","MMRS12272136ST.27.0.0","CCIS52370277ST.4.0","CCIS11015875ST.4.0","CCIS53043478ST.4.0","MMRS97052561ST.27.0.0","MMRS85382779ST.27.0.0","CCMD82866709ST.21.0","DRR127485","17.684148765253","18.4277235057481","18.4459761893753","19.6977602533004","20.6490695843469","20.7562124336402","20.9536968371622","21.1373195195512"
"SID31876","MMRS88581325ST.27.0.0","CCMD49025643ST.11.0","SID530315","DRR127649","CCIS45793747ST.4.0","CCMD31009081ST.11.0","CCIS32452666ST.4.0","SID31328","22.4415644555633","24.1359064325063","24.3108545988906","26.2365169312144","26.2570087510402","26.5816427994791","26.6923590140624","26.9356277980373","DRR127476","CCIS11015875ST.4.0","LILT_VF234_T017","CCIS98512455ST.4.0","CCIS53043478ST.4.0","CCIS62605362ST.3.0","CCIS38765456ST.20.0","DRR127485","21.9004454974596","23.2826772422439","23.9645977868939","24.6150823079489","25.0098977025497","25.0655221164212","25.14961644027","25.6612354885828"
"SID31883","SZAXPI015263.84","CRC_MR_SBJ60H_17","MMRS95479054ST.27.0.0","MMRS39582183ST.27.0.0","CCMD50300306ST.11.0","CCIS16383318ST.4.0","SZAXPI015252.43","CRC_MR_SBJ84H_17","21.8358027826595","22.3077947242483","23.8172578074366","24.2262935140892","24.845715998401","25.714756906473","26.2641659191835","26.4536105975517","MMRS72802364ST.27.0.0","MMRS81671217ST.27.0.0","CCIS53043478ST.4.0","MMRS44587603ST.27.0.0","DRR127485","SZAXPI015210.17","MMRS43563715ST.27.0.0","CCIS98832363ST.4.0","21.3987740251048","23.4664298651648","25.5614434931402","25.657201947198","25.8076126616024","25.8753605314419","25.8879997921856","26.0081305714963"
"SID530373","MMRS25211151ST.27.0.0","SZAXPI015271.93","SID31328","MMRS11932626ST.27.0.0","DRR127649","MMRS88581325ST.27.0.0","SID31519","CRC_MR_SBJ45H_17","24.163766449968","25.3261443509903","27.0872084015666","27.2213995739308","27.4059826754853","28.2760802924009","28.4322950413487","28.6598194346772","CCIS81887263ST.4.0","MMRS72802364ST.27.0.0","SZAXPI003410.3","CCMD82866709ST.21.0","CCIS98832363ST.4.0","CCIS11015875ST.4.0","CCIS53043478ST.4.0","CCMD86707194ST.21.0","21.5143320166163","24.9096362531009","25.566993264336","26.39305920829","26.813813129831","27.5047026552624","27.5968980239139","27.7491494093333"
"SZAXPI003410.3","SID31519","MMRS25211151ST.27.0.0","MMRS11932626ST.27.0.0","CCIS45793747ST.4.0","MMRS88581325ST.27.0.0","DRR127649","MMRS95277876ST.27.0.0","SZAXPI015271.93","24.6553688324004","24.8430879181393","26.9504034845566","27.594136159447","28.06195318217","28.2398971798907","28.6670296082835","28.8466695408499","SZAXPI017585.109","MMRS72802364ST.27.0.0","SID530373","CCMD82866709ST.21.0","CCIS98832363ST.4.0","CCIS53043478ST.4.0","SZAXPI015217.140","CCIS62605362ST.3.0","22.3952070674888","23.2461626494052","25.566993264336","26.1890415165752","26.7307545995413","28.279582056581","28.5907410621306","29.3389231721462"
"SZAXPI003412.1","CCIS34604008ST.4.0","CCIS27304052ST.3.0","SZAXPI015250.39","CCIS63910149ST.4.0","CCIS95097901ST.4.0","CCIS81139242ST.4.0","CCIS45793747ST.4.0","CCIS32452666ST.4.0","20.4623902951512","21.0797381066464","22.0947671819031","22.9030205001764","23.3425535344615","26.1594960923161","28.1591235768995","29.7643486042329","SZAXPI003424.12","CRC_MR_SBJ55C_17","SID31685","CCIS53355328ST.4.0","CRC_MR_SBJ39C_17","CCIS81887263ST.4.0","CRC_MR_SBJ04C_17","CCIS11015875ST.4.0","17.6995111997902","18.8453040493434","19.8205744841011","22.8237465994148","29.3875147595709","30.7517785157021","32.2601622029431","32.4365267805448"
"SZAXPI003424.12","CCIS63910149ST.4.0","CCIS95097901ST.4.0","CCIS34604008ST.4.0","CCIS27304052ST.3.0","SZAXPI015250.39","CCIS81139242ST.4.0","CCIS41692898ST.4.0","CCIS45793747ST.4.0","25.1487940657758","25.2214387357601","25.8023815763507","26.5127267514773","26.7588742031237","27.4646166069363","29.6698972672943","30.249703182762","SZAXPI003412.1","CCIS53355328ST.4.0","SID31685","CRC_MR_SBJ55C_17","CRC_MR_SBJ39C_17","CCIS81887263ST.4.0","CCIS98832363ST.4.0","CRC_MR_SBJ04C_17","17.6995111997902","21.0168551861167","23.4206754157198","24.3473055409895","29.301404271671","29.7670782344841","31.4379284060416","31.7844889782249"
"SZAXPI003430.5","MMRS54246132ST.27.0.0","CCMD50300306ST.11.0","CRC_MR_SBJ60H_17","SZAXPI015252.43","SZAXPI015263.84","MMRS39582183ST.27.0.0","MMRS95479054ST.27.0.0","CRC_MR_SBJ67H_17","20.1590658878679","26.7864596070552","28.5823557051479","32.6316209255348","33.7441854541638","39.0558268535464","40.0037404842635","41.6319065023462","MMRS81671217ST.27.0.0","SID31883","CCIS98832363ST.4.0","MMRS43563715ST.27.0.0","MMRS44587603ST.27.0.0","SZAXPI015210.17","MMRS72802364ST.27.0.0","CCIS53043478ST.4.0","32.9373248230499","33.3604597859052","34.1478941628177","34.5769219098404","34.8685736178539","37.8076187822838","38.3882761651901","44.4521306798606"
"SZAXPI015210.17","CRC_MR_SBJ84H_17","SID31328","MMRS95479054ST.27.0.0","SZAXPI015252.43","CRC_MR_SBJ45H_17","SZAXPI015271.93","CCMD31009081ST.11.0","CRC_MR_SBJ60H_17","22.9714311051401","23.1125151558825","23.5661798675984","23.8914507006146","25.2995613108943","25.4813644358892","25.6069756757919","25.6823473848264","MMRS81671217ST.27.0.0","MMRS72802364ST.27.0.0","MMRS44587603ST.27.0.0","CCIS53043478ST.4.0","CCIS98832363ST.4.0","SID31883","DRR162778","MMRS43563715ST.27.0.0","20.9794838667161","22.8967884181428","23.0548138298794","23.4592145976437","23.7557649500558","25.8753605314419","25.8802013554648","26.3075157831389"
"SZAXPI015211.166","CRC_MR_SBJ45H_17","MMRS88581325ST.27.0.0","SID532749","SZAXPI015263.84","CCIS16383318ST.4.0","CRC_MR_SBJ84H_17","MMRS11932626ST.27.0.0","CCIS41692898ST.4.0","26.3305476638068","27.2108362849582","29.3027746982944","29.8023273188689","29.8972590081833","30.1886540598368","30.4636935821463","30.4696696520524","CCIS53043478ST.4.0","CCIS11015875ST.4.0","LILT_VF300_T016","CCMD64503764ST.21.0","SID31874","CCIS98512455ST.4.0","CCMD82866709ST.21.0","DRR162778","27.0244026286836","29.4935154921467","29.9971250437938","29.9979757792122","30.4620834903442","30.611547336711","30.6758419611361","30.747077972596"
"SZAXPI015217.140","SID31519","MMRS25211151ST.27.0.0","MMRS88581325ST.27.0.0","MMRS11932626ST.27.0.0","SID530394","DRR127649","MMRS51307502ST.27.0.0","MMRS95277876ST.27.0.0","20.6909758884568","36.7519954283111","38.3531455895771","38.8307940951482","39.0914612413325","39.5346580396796","40.1730115297322","40.4216334400479","SID31866","SZAXPI003410.3","CCMD65222621ST.11.0","CCIS98832363ST.4.0","SID530373","CCMD82866709ST.21.0","MMRS72802364ST.27.0.0","CCIS53355328ST.4.0","14.3068792011745","28.5907410621306","32.4057159397104","34.5949264970096","34.7254813846835","35.6065204728783","36.9293513026265","39.0511541496394"
"SZAXPI015222.123","CCIS29210128ST.4.0","MMRS68630931ST.27.0.0","CRC_MR_SBJ84H_17","CCIS45793747ST.4.0","MMRS65862658ST.27.0.0","MMRS95479054ST.27.0.0","SZAXPI015271.93","CCIS32452666ST.4.0","24.514055579569","26.4367547218243","34.1097950338873","34.2915351616882","34.3394603483223","34.7204581968009","34.9264294825652","35.2559527936702","CCIS11015875ST.4.0","MMRS12272136ST.27.0.0","DRR162778","SID31874","CCIS53043478ST.4.0","CCIS62605362ST.3.0","MMRS62376181ST.27.0.0","CCIS52370277ST.4.0","33.5640654981187","33.7727123632882","33.9052390816759","34.0311055217811","34.3357091444388","34.3900801917835","34.6398295226737","34.662599471175"
"SZAXPI017457.24","MMRS68630931ST.27.0.0","DRR127649","CCIS16561622ST.4.0","MMRS11932626ST.27.0.0","SID31328","CRC_MR_SBJ84H_17","SZAXPI015271.93","MMPU99077057ST","24.8148846049745","25.933806116066","26.1029504059484","26.6031327282841","26.9593415879728","27.3083697044423","28.0988634506647","28.1917246479743","CCIS53043478ST.4.0","CCMD18872694ST.21.0","MMRS62376181ST.27.0.0","MMRS43563715ST.27.0.0","CCIS62605362ST.3.0","CCMD82866709ST.21.0","MMRS12272136ST.27.0.0","CCIS11015875ST.4.0","22.8454675596933","25.8598181088344","27.1186700017866","27.4455042509151","27.6325841428412","29.0678861289052","29.3807691644058","29.7068628176672"
"SZAXPI017459.26","CRC_MR_SBJ82H_17","SID532826","SZAXPI015271.93","MMRS95479054ST.27.0.0","CCIS41692898ST.4.0","CRC_MR_SBJ84H_17","SID31219","SID530364","27.5878614909293","28.5785464212318","31.1014094133594","31.2654933287099","31.4264987419646","31.526741350774","31.6318782641294","32.51198808982","DRR127485","CCIS11015875ST.4.0","CCIS53043478ST.4.0","CRC_MR_SBJ39C_17","CRC_MR_SBJ04C_17","CCIS52370277ST.4.0","CRC_MR_SBJ26C_17","SID31883","31.4865545181463","31.6398985401281","31.9862860271883","32.4002847167953","33.2301714091426","33.4001943382535","33.5035748799408","33.86648298019"
"SZAXPI017585.109","MMRS25211151ST.27.0.0","CCIS45793747ST.4.0","MMRS11932626ST.27.0.0","SZAXPI015271.93","MMRS68630931ST.27.0.0","CCIS64773582ST.4.0","DRR127552","CRC_MR_SBJ84H_17","24.0612218513878","25.9552678339677","26.5674580734872","27.0747186281391","27.4777109062964","27.8878021165724","28.4419765037435","28.521032411396","SZAXPI003410.3","MMRS72802364ST.27.0.0","MMRS12272136ST.27.0.0","DRR127481","CCIS62605362ST.3.0","CCIS53043478ST.4.0","SID31874","CCMD64503764ST.21.0","22.3952070674888","24.1329366826605","25.0509122501577","26.4414897098707","26.4658984782758","26.5945877703679","26.7856033357007","26.8668127925364"
