"Species";"Pvalue";"Ctlmean";"Ctlmedian";"CRCmean";"CRCmedian";"SamplingCountForEachGroup";"pvalue";"adj.fdr.p";"Enrichment"
"Parvimonas_unclassified";5,32672685400907e-09;0,000904571428571429;"0";0,437139142857143;"0.0041";"518";5,32672685400907e-09;2,86045232060287e-06;"CRC"
"Fusobacterium_nucleatum";3,22781504827108e-08;0,00125471428571429;"0";0,0651397142857143;"0";"348";3,22781504827108e-08;6,26717357278889e-06;"CRC"
"Peptostreptococcus_stomatis";3,50121428647424e-08;0,000204;"0";0,119692857142857;"0.000125";"531";3,50121428647424e-08;6,26717357278889e-06;"CRC"
"Parvimonas_micra";3,59616040422934e-07;0,000178714285714286;"0";0,0724471428571429;"0";"515";3,59616040422934e-07;4,82784534267789e-05;"CRC"
"Gemella_morbillorum";1,31460959724564e-06;0,000193;"0";0,072915;"0";"356";1,31460959724564e-06;0,000141189070744182;"CRC"
"Solobacterium_moorei";1,05835823485847e-05;0,00281;"0";0,0796922857142857;"0.004535";"638";1,05835823485847e-05;0,000902705228601797;"CRC"
"Porphyromonas_asaccharolytica";1,17671072629657e-05;0,002607;"0";0,359745142857143;"0";"534";1,17671072629657e-05;0,000902705228601797;"CRC"
"Clostridium_symbiosum";4,51815370051263e-05;0,0950684285714286;"0";0,188339;"0.01886";"228";4,51815370051263e-05;0,0030328106714691;"CRC"
"Clostridium_hathewayi";6,82935431431355e-05;0,0513785714285714;"0";0,125451714285714;"0.013575";"208";6,82935431431355e-05;0,00407484807420708;"CRC"
"Subdoligranulum_sp_4_3_54A2FAA";0,0002171896101708;0,0658175714285714;"0";0,377508;"0";"685";0,0002171896101708;0,0107526539707176;"CRC"
"Bacteroides_fragilis";0,000220259206104085;0,308089428571429;"0";1,31727071428571;"0.085675";"96";0,000220259206104085;0,0107526539707176;"CRC"
"Ruminococcaceae_bacterium_D16";0,000262590363696125;0,0139304285714286;"0.00032";0,164891857142857;"0.00453";"603";0,000262590363696125;0,0117509187754016;"CRC"
"Lachnospiraceae_bacterium_3_1_57FAA_CT1";0,000372325546553895;0,0109674285714286;"0";0,119771571428571;"0.004345";"394";0,000372325546553895;0,0153799091153417;"CRC"
"Anaerotruncus_colihominis";0,000770890749671292;0,0351342857142857;"0";0,0510137142857143;"0.0076";"72";0,000770890749671292;0,0278199440136787;"CRC"
"Porphyromonas_uenonis";0,000777093408203317;0,000252285714285714;"0";0,021192;"0";"539";0,000777093408203317;0,0278199440136787;"CRC"
"Alistipes_sp_AP11";0,00112172789812433;0,031363;"0";0,141065;"0";"54";0,00112172789812433;0,0376479925807978;"CRC"
"Anaerococcus_obesiensis";0,00204856375093167;0;"0";0,003586;"0";"62";0,00204856375093167;0,0605058336948491;"Nodiff"
"Campylobacter_ureolyticus";0,00204856375093167;0;"0";0,00401771428571429;"0";"173";0,00204856375093167;0,0605058336948491;"Nodiff"
"Lachnospiraceae_bacterium_7_1_58FAA";0,00214080230950118;0,0443354285714286;"0.01377";0,0756497142857143;"0.031815";"399";0,00214080230950118;0,0605058336948491;"Nodiff"
"Leptotrichia_unclassified";0,00306318979458296;0,000520857142857143;"0";0,005586;"0";"450";0,00306318979458296;0,0822466459845525;"Nodiff"
"Streptococcus_australis";0,00328395021589431;0,0323527142857143;"0.01026";0,0140552857142857;"0";"655";0,00328395021589431;0,0839752983778688;"Nodiff"
"Clostridium_nexile";0,0037705137764922;0,045908;"0";0,259955285714286;"0";"214";0,0037705137764922;0,0920348135443778;"Nodiff"
"Escherichia_unclassified";0,00434485099138235;0,301725285714286;"0.003485";0,325832285714286;"0.03132";"318";0,00434485099138235;0,101442825320536;"Nodiff"
"Ruminococcus_sp_5_1_39BFAA";0,00567191259536261;2,968874;"0.52349";1,32180671428571;"0.215365";"613";0,00567191259536261;0,126909044321238;"Nodiff"
"Eubacterium_eligens";0,00686702570693783;2,06552014285714;"0.732075";0,856673;"0.061745";"326";0,00686702570693783;0,144035831665211;"Nodiff"
"Prevotella_intermedia";0,0069738019055782;0;"0";0,166081714285714;"0";"551";0,0069738019055782;0,144035831665211;"Nodiff"
"Lachnospiraceae_bacterium_1_1_57FAA";0,0076769022527696;0,645692428571429;"0.06522";0,129881428571429;"0.006195";"389";0,0076769022527696;0,149366409414484;"Nodiff"
"Peptostreptococcus_anaerobius";0,00778819266965652;0,000563;"0";0,0929052857142857;"0";"530";0,00778819266965652;0,149366409414484;"Nodiff"
"Fusobacterium_periodonticum";0,00838192331753886;0,000115142857142857;"0";0,001797;"0";"349";0,00838192331753886;0,155210097293737;"Nodiff"
"Eubacterium_biforme";0,00921284207721796;0,317731714285714;"0";0,647499285714286;"0.002895";"322";0,00921284207721796;0,164909873182201;"Nodiff"
"Desulfovibrio_desulfuricans";0,0100635745100343;0,00164828571428571;"0";0,016159;"0";"265";0,0100635745100343;0,174327081028659;"Nodiff"
"Streptococcus_constellatus";0,0125161859689004;0,000492285714285714;"0";0,00269257142857143;"0";"656";0,0125161859689004;0,198803791242331;"Nodiff"
"Selenomonas_sputigena";0,0128443076296899;0;"0";0,00377971428571429;"0";"627";0,0128443076296899;0,198803791242331;"Nodiff"
"Slackia_exigua";0,0128443076296899;0;"0";0,000732142857142857;"0";"634";0,0128443076296899;0,198803791242331;"Nodiff"
"Anaerococcus_vaginalis";0,0129574165614182;2,41428571428571e-05;"0";0,0183804285714286;"0";"65";0,0129574165614182;0,198803791242331;"Nodiff"
"Clostridium_sp_KLE_1755";0,0160982456192212;0,005212;"0";0,0515467142857143;"0";"224";0,0160982456192212;0,227680535135412;"Nodiff"
"Pseudomonas_aeruginosa";0,0160982456192212;0,000113714285714286;"0";0,0333591428571429;"0";"579";0,0160982456192212;0,227680535135412;"Nodiff"
"Anaerotruncus_unclassified";0,0162312999840818;0,0217544285714286;"0.00198";0,0474117142857143;"0.01731";"73";0,0162312999840818;0,227680535135412;"Nodiff"
"Peptoniphilus_harei";0,0165354578589964;6,68571428571429e-05;"0";0,00887228571428571;"0";"527";0,0165354578589964;0,227680535135412;"Nodiff"
"Streptococcus_anginosus";0,0176532829680029;0,011132;"0";0,0299088571428571;"0.00046";"654";0,0176532829680029;0,236995323845439;"Nodiff"
"Pseudoflavonifractor_capillosus";0,0205307288132652;0,010067;"0";0,0129821428571429;"0.00195";"578";0,0205307288132652;0,268902472505449;"Nodiff"
"Eubacterium_hallii";0,0216405541303567;0,811902428571429;"0.225775";0,683087285714286;"0.10518";"327";0,0216405541303567;0,27049884875763;"Nodiff"
"Streptococcus_infantis";0,0216600567906482;0,0141765714285714;"0.002425";0,00376242857142857;"0";"663";0,0216600567906482;0,27049884875763;"Nodiff"
"Haemophilus_influenzae";0,0236979164599029;0;"0";0,000766285714285714;"0";"365";0,0236979164599029;0,276647416064519;"Nodiff"
"Lactobacillus_reuteri";0,0236979164599029;0;"0";0,00438642857142857;"0";"431";0,0236979164599029;0,276647416064519;"Nodiff"
"Porphyromonas_endodontalis";0,0236979164599029;0;"0";0,0172472857142857;"0";"536";0,0236979164599029;0,276647416064519;"Nodiff"
"Ruminococcus_obeum";0,0253549918424237;0,783122285714286;"0.431765";0,528513142857143;"0.33535";"611";0,0253549918424237;0,289694268497479;"Nodiff"
"Peptostreptococcus_unclassified";0,0263343455157296;0,000328714285714286;"0";0,0476437142857143;"0";"532";0,0263343455157296;0,294615490457225;"Nodiff"
"Ruminococcus_champanellensis";0,0280686771128274;0,109124;"0";0,000600571428571429;"0";"607";0,0280686771128274;0,305519951434628;"Nodiff"
"Granulicatella_unclassified";0,0290931172446916;0,00779728571428571;"0.00314";0,007411;"0";"362";0,0290931172446916;0,305519951434628;"Nodiff"
"Clostridium_innocuum";0,0295753858855098;0,00127614285714286;"0";0,00567185714285714;"0";"211";0,0295753858855098;0,305519951434628;"Nodiff"
"Eikenella_corrodens";0,0295847997664817;0,000264714285714286;"0";0,00292514285714286;"0";"286";0,0295847997664817;0,305519951434628;"Nodiff"
"Catenibacterium_mitsuokai";0,0317020086633651;0,305325285714286;"0";0,221593428571429;"0";"181";0,0317020086633651;0,321207144381643;"Nodiff"
"Parasutterella_excrementihominis";0,0323828258214022;0,0316017142857143;"0";0,0230257142857143;"0";"514";0,0323828258214022;0,322029212335055;"Nodiff"
"Streptococcus_salivarius";0,0333196195716886;0,886969857142857;"0.13212";0,293172142857143;"0.064645";"676";0,0333196195716886;0,325320649272669;"Nodiff"
"Lactobacillus_fermentum";0,0389079488864648;0,227959;"0";0,00305;"0";"416";0,0389079488864648;0,36021240037764;"Nodiff"
"Bacteroides_clarus";0,0400436613281952;0,133575857142857;"0";0,0176974285714286;"0";"88";0,0400436613281952;0,36021240037764;"Nodiff"
"Clostridium_hylemonae";0,0413177147114455;0,000713142857142857;"0";0,00320785714285714;"0";"210";0,0413177147114455;0,36021240037764;"Nodiff"
"Flavonifractor_plautii";0,0417112322063731;0,0357772857142857;"0.005235";0,0749765714285714;"0.00991";"343";0,0417112322063731;0,36021240037764;"Nodiff"
"Clostridium_asparagiforme";0,0438911100813216;0,027004;"0";0,0489601428571429;"0.00632";"198";0,0438911100813216;0,36021240037764;"Nodiff"
"Ruminococcus_torques";0,0439024835246105;1,66703671428571;"0.984715";2,330649;"1.435585";"615";0,0439024835246105;0,36021240037764;"Nodiff"
"Aggregatibacter_segnis";0,0439620151469884;0;"0";0,00226628571428571;"0";"42";0,0439620151469884;0,36021240037764;"Nodiff"
"Porphyromonas_somerae";0,0439620151469884;0;"0";0,0316108571428571;"0";"538";0,0439620151469884;0,36021240037764;"Nodiff"
"Streptococcus_gallolyticus";0,0439620151469884;0;"0";0,00209328571428571;"0";"660";0,0439620151469884;0,36021240037764;"Nodiff"
"Lactobacillus_casei_paracasei";0,0440860394002809;0,0202112857142857;"0";0,000776285714285714;"0";"411";0,0440860394002809;0,36021240037764;"Nodiff"
"Eggerthella_sp_1_3_56FAA";0,0442719151302127;0,0749454285714286;"0";0,00453385714285714;"0";"281";0,0442719151302127;0,36021240037764;"Nodiff"
"Oscillibacter_unclassified";0,0477087500728445;0,417688571428571;"0.17956";0,730472;"0.33352";"499";0,0477087500728445;0,380700410825681;"Nodiff"
"Alistipes_senegalensis";0,0482078732516691;0,0129417142857143;"6e-05";0,0435778571428571;"0.001805";"52";0,0482078732516691;0,380700410825681;"Nodiff"
"Eubacterium_rectale";0,0498063826905095;4,79846085714286;"3.797705";2,80629442857143;"0.76449";"331";0,0498063826905095;0,387623587026139;"Nodiff"
"Lachnospiraceae_bacterium_3_1_46FAA";0,0527310797844171;0,0847464285714286;"0.00953";0,153228285714286;"0.03899";"393";0,0527310797844171;0,39833823432972;"Nodiff"
"Candidatus_Zinderia_insecticola";0,0527859688066401;6,9e-05;"0";7,42857142857143e-06;"0";"176";0,0527859688066401;0,39833823432972;"Nodiff"
"Prevotella_bivia";0,0539173608225554;0,00297357142857143;"0";0,00147742857142857;"0";"543";0,0539173608225554;0,39833823432972;"Nodiff"
"Lactobacillus_vaginalis";0,0541502627673548;0,001022;"0";4e-05;"0";"440";0,0541502627673548;0,39833823432972;"Nodiff"
"Coprobacillus_sp_29_1";0,0555438573885063;0,0116458571428571;"0";0,045984;"0";"236";0,0555438573885063;0,403068262400377;"Nodiff"
"Granulicatella_adiacens";0,056756621279357;0,00302257142857143;"0";0,0109751428571429;"0";"360";0,056756621279357;0,40436905394215;"Nodiff"
"Mitsuokella_unclassified";0,0572291398502857;0,032232;"0";0,0694077142857143;"0";"477";0,0572291398502857;0,40436905394215;"Nodiff"
"Turicibacter_unclassified";0,0587973046222992;0,00384257142857143;"0";0,0155124285714286;"0";"704";0,0587973046222992;0,407412276022041;"Nodiff"
"Streptococcus_tigurinus";0,0591772021037602;0,00206157142857143;"0";0,00278785714285714;"0";"682";0,0591772021037602;0,407412276022041;"Nodiff"
"Gemella_unclassified";0,0611368311161588;0,000977142857142857;"0";0,000403;"0";"358";0,0611368311161588;0,415575674802244;"Nodiff"
"Burkholderiales_bacterium_1_1_47";0,0648286902235438;0,0568451428571429;"0";0,0219522857142857;"0";"160";0,0648286902235438;0,430591897302411;"Nodiff"
"Bacteroides_eggerthii";0,0649496157942184;0,619309428571429;"0";1,79422728571429;"0.001905";"92";0,0649496157942184;0,430591897302411;"Nodiff"
"Bacteroides_caccae";0,0672866515011271;0,577293428571429;"0.069255";1,16220471428571;"0.215825";"86";0,0672866515011271;0,436750105554394;"Nodiff"
"Actinomyces_naeslundii";0,0675051373575693;0,000462;"0";0,000116;"0";"25";0,0675051373575693;0,436750105554394;"Nodiff"
"Alloscardovia_omnicolens";0,0768148280934261;4,15714285714286e-05;"0";0,00168471428571429;"0";"60";0,0768148280934261;0,443765222846605;"Nodiff"
"Subdoligranulum_unclassified";0,0796941092564386;4,97498257142857;"3.283405";8,19751871428571;"4.92285";"686";0,0796941092564386;0,443765222846605;"Nodiff"
"Aeromonas_unclassified";0,0825250892543918;0;"0";0,000269857142857143;"0";"39";0,0825250892543918;0,443765222846605;"Nodiff"
"Aeromonas_veronii";0,0825250892543918;0;"0";0,00222685714285714;"0";"40";0,0825250892543918;0,443765222846605;"Nodiff"
"Aggregatibacter_aphrophilus";0,0825250892543918;0;"0";0,000223428571428571;"0";"41";0,0825250892543918;0,443765222846605;"Nodiff"
"Brevibacterium_unclassified";0,0825250892543918;0,000409571428571429;"0";0;"0";"156";0,0825250892543918;0,443765222846605;"Nodiff"
"Corynebacterium_casei";0,0825250892543918;0,000812285714285714;"0";0;"0";"248";0,0825250892543918;0,443765222846605;"Nodiff"
"Dysgonomonas_unclassified";0,0825250892543918;0;"0";0,000128;"0";"278";0,0825250892543918;0,443765222846605;"Nodiff"
"Eggerthia_catenaformis";0,0825250892543918;0;"0";0,00188342857142857;"0";"285";0,0825250892543918;0,443765222846605;"Nodiff"
"Enterococcus_malodoratus";0,0825250892543918;0,000168857142857143;"0";0;"0";"304";0,0825250892543918;0,443765222846605;"Nodiff"
"Granulicatella_elegans";0,0825250892543918;0;"0";0,000373571428571429;"0";"361";0,0825250892543918;0,443765222846605;"Nodiff"
"Lachnospiraceae_bacterium_ICM7";0,0825250892543918;0;"0";0,000172428571428571;"0";"402";0,0825250892543918;0,443765222846605;"Nodiff"
"Lachnospiraceae_bacterium_oral_taxon_082";0,0825250892543918;0;"0";8,42857142857143e-05;"0";"403";0,0825250892543918;0,443765222846605;"Nodiff"
"Propionibacterium_propionicum";0,0825250892543918;0;"0";9,44285714285714e-05;"0";"572";0,0825250892543918;0,443765222846605;"Nodiff"
"Treponema_maltophilum";0,0825250892543918;0;"0";0,001892;"0";"697";0,0825250892543918;0,443765222846605;"Nodiff"
"Treponema_socranskii";0,0825250892543918;0;"0";0,00106528571428571;"0";"699";0,0825250892543918;0,443765222846605;"Nodiff"
"Streptococcus_mitis_oralis_pneumoniae";0,0826875903384779;0,0156895714285714;"0.001965";0,0110631428571429;"0";"668";0,0826875903384779;0,443765222846605;"Nodiff"
"Streptococcus_gordonii";0,0834642225465682;0,0104742857142857;"0";0,0110558571428571;"0";"661";0,0834642225465682;0,443765222846605;"Nodiff"
"Escherichia_coli";0,0846087046785954;2,05242614285714;"0.074415";2,57765885714286;"0.275645";"316";0,0846087046785954;0,445439945219664;"Nodiff"
"Campylobacter_gracilis";0,088052117563568;0,00168242857142857;"0";0,00241028571428571;"0";"168";0,088052117563568;0,459067836229476;"Nodiff"
"Aggregatibacter_unclassified";0,0889708547896531;0,000313;"0";0,000796142857142857;"0";"43";0,0889708547896531;0,45939758675042;"Nodiff"
"Prevotella_denticola";0,0917157302237563;0,000121857142857143;"0";0,0369385714285714;"0";"548";0,0917157302237563;0,463222022883182;"Nodiff"
"Prevotella_oris";0,0917157302237563;0,000140428571428571;"0";0,0694264285714286;"0";"558";0,0917157302237563;0,463222022883182;"Nodiff"
"Holdemania_filiformis";0,0923364249348279;0,037632;"0.00388";0,0677878571428571;"0.011415";"376";0,0923364249348279;0,463222022883182;"Nodiff"
"Fusobacterium_gonidiaformans";0,094024581926009;2,6e-05;"0";0,00968157142857143;"0";"345";0,094024581926009;0,463222022883182;"Nodiff"
"Lactococcus_garvieae";0,094024581926009;0,000577428571428571;"0";2,87142857142857e-05;"0";"443";0,094024581926009;0,463222022883182;"Nodiff"
"Leuconostoc_pseudomesenteroides";0,0963798090901579;0,00173685714285714;"0";8,94285714285714e-05;"0";"459";0,0963798090901579;0,468385400332304;"Nodiff"
"Dialister_invisus";0,0968170939234371;0,664379142857143;"0";1,34642228571429;"0";"269";0,0968170939234371;0,468385400332304;"Nodiff"
"Eubacterium_ramulus";0,102479040761383;0,261344;"0.07156";0,209009428571429;"0.02691";"330";0,102479040761383;0,491350400793417;"Nodiff"
"Roseburia_intestinalis";0,107565123155637;1,02646042857143;"0.311345";1,14753414285714;"0.02167";"596";0,107565123155637;0,511172310925461;"Nodiff"
"Actinomyces_oris";0,108854258589696;0,00142157142857143;"0";0,000174285714285714;"0";"27";0,108854258589696;0,512760849672515;"Nodiff"
"Alistipes_finegoldii";0,126721438939765;0,123960571428571;"0.004795";0,375872571428571;"0.02332";"48";0,126721438939765;0,553863886871738;"Nodiff"
"Barnesiella_intestinihominis";0,129799709416983;0,553494;"0.022275";0,941090285714286;"0.1127";"128";0,129799709416983;0,553863886871738;"Nodiff"
"Stomatobaculum_longum";0,131712372518568;1,74285714285714e-05;"0";0,000217285714285714;"0";"652";0,131712372518568;0,553863886871738;"Nodiff"
"Clostridium_bolteae";0,133233616802189;0,36516;"0.00615";0,907924;"0.085975";"201";0,133233616802189;0,553863886871738;"Nodiff"
"Lachnospiraceae_bacterium_5_1_57FAA";0,135179278617684;0,0306947142857143;"0";0,0164981428571429;"0";"396";0,135179278617684;0,553863886871738;"Nodiff"
"candidate_division_TM7_single_cell_isolate_TM7c";0,136151327625458;0,00106071428571429;"0";0,00166142857142857;"0";"175";0,136151327625458;0,553863886871738;"Nodiff"
"Clostridium_clostridioforme";0,138274230766919;0,0670087142857143;"0";0,178229714285714;"0";"205";0,138274230766919;0,553863886871738;"Nodiff"
"Holdemania_sp_AP2";0,145507811627658;0,00439242857142857;"0";0,0191117142857143;"0";"377";0,145507811627658;0,553863886871738;"Nodiff"
"Rothia_unclassified";0,155742162409093;0,00183457142857143;"0";0,000597857142857143;"0";"602";0,155742162409093;0,553863886871738;"Nodiff"
"Bacteroides_plebeius";0,157789052080714;0,902176428571429;"0";0,336954857142857;"0";"104";0,157789052080714;0,553863886871738;"Nodiff"
"Gordonibacter_pamelaeae";0,158214400667612;0,023688;"0.0022";0,0120074285714286;"0";"359";0,158214400667612;0,553863886871738;"Nodiff"
"Anaerococcus_lactolyticus";0,158789710752286;0;"0";1,15714285714286e-05;"0";"61";0,158789710752286;0,553863886871738;"Nodiff"
"Bacillus_subtilis";0,158789710752286;0;"0";0,001213;"0";"83";0,158789710752286;0,553863886871738;"Nodiff"
"Campylobacter_hominis";0,158789710752286;0,000231428571428571;"0";0;"0";"169";0,158789710752286;0,553863886871738;"Nodiff"
"Campylobacter_showae";0,158789710752286;0;"0";0,000356714285714286;"0";"172";0,158789710752286;0,553863886871738;"Nodiff"
"Centipeda_periodontii";0,158789710752286;0;"0";0,000429285714285714;"0";"187";0,158789710752286;0,553863886871738;"Nodiff"
"Clostridium_butyricum";0,158789710752286;0;"0";0,002021;"0";"202";0,158789710752286;0,553863886871738;"Nodiff"
"Clostridium_glycolicum";0,158789710752286;0,000278142857142857;"0";0;"0";"207";0,158789710752286;0,553863886871738;"Nodiff"
"Clostridium_sp_D5";0,158789710752286;0;"0";0,00337328571428571;"0";"222";0,158789710752286;0,553863886871738;"Nodiff"
"Collinsella_stercoris";0,158789710752286;0;"0";0,00273914285714286;"0";"231";0,158789710752286;0,553863886871738;"Nodiff"
"Coprobacillus_sp_D6";0,158789710752286;0;"0";0,00604185714285714;"0";"237";0,158789710752286;0,553863886871738;"Nodiff"
"Dysgonomonas_mossii";0,158789710752286;0,00412285714285714;"0";0;"0";"277";0,158789710752286;0,553863886871738;"Nodiff"
"Enterococcus_hirae";0,158789710752286;0;"0";0,00418957142857143;"0";"302";0,158789710752286;0,553863886871738;"Nodiff"
"Enterorhabdus_caecimuris";0,158789710752286;0,000248142857142857;"0";0;"0";"308";0,158789710752286;0,553863886871738;"Nodiff"
"Fusobacterium_necrophorum";0,158789710752286;0;"0";0,0855272857142857;"0";"347";0,158789710752286;0,553863886871738;"Nodiff"
"Lachnospiraceae_bacterium_2_1_46FAA";0,158789710752286;0;"0";0,00265585714285714;"0";"391";0,158789710752286;0,553863886871738;"Nodiff"
"Mobiluncus_curtisii";0,158789710752286;0;"0";1,01428571428571e-05;"0";"478";0,158789710752286;0,553863886871738;"Nodiff"
"Odoribacter_laneus";0,158789710752286;0;"0";0,102649285714286;"0";"489";0,158789710752286;0,553863886871738;"Nodiff"
"Prevotella_histicola";0,158789710752286;0;"0";3,51428571428571e-05;"0";"550";0,158789710752286;0,553863886871738;"Nodiff"
"Prevotella_multisaccharivorax";0,158789710752286;0,0224184285714286;"0";0;"0";"554";0,158789710752286;0,553863886871738;"Nodiff"
"Prevotella_nanceiensis";0,158789710752286;0;"0";0,000131571428571429;"0";"555";0,158789710752286;0,553863886871738;"Nodiff"
"Prevotella_sp_oral_taxon_473";0,158789710752286;0;"0";0,0250092857142857;"0";"565";0,158789710752286;0,553863886871738;"Nodiff"
"Proteus_mirabilis";0,158789710752286;0;"0";0,000421285714285714;"0";"573";0,158789710752286;0,553863886871738;"Nodiff"
"Rhodococcus_erythropolis";0,158789710752286;0,000161285714285714;"0";0;"0";"591";0,158789710752286;0,553863886871738;"Nodiff"
"Shigella_sonnei";0,158789710752286;0;"0";0,0105288571428571;"0";"632";0,158789710752286;0,553863886871738;"Nodiff"
"Streptococcus_dysgalactiae";0,158789710752286;0;"0";0,000204285714285714;"0";"659";0,158789710752286;0,553863886871738;"Nodiff"
"Synergistes_sp_3_1_syn1";0,158789710752286;0;"0";0,0309397142857143;"0";"691";0,158789710752286;0,553863886871738;"Nodiff"
"Treponema_denticola";0,158789710752286;0;"0";0,00459257142857143;"0";"696";0,158789710752286;0,553863886871738;"Nodiff"
"Tropheryma_whipplei";0,158789710752286;0,000241571428571429;"0";0;"0";"702";0,158789710752286;0,553863886871738;"Nodiff"
"Lachnospiraceae_bacterium_9_1_43BFAA";0,158836198469735;0,00366971428571429;"0";0,00680214285714286;"0";"401";0,158836198469735;0,553863886871738;"Nodiff"
"Faecalibacterium_prausnitzii";0,162046972807484;6,65045785714286;"5.299805";5,30701642857143;"3.82206";"340";0,162046972807484;0,559512441795295;"Nodiff"
"Eubacterium_limosum";0,162717383405195;0,00369714285714286;"0";0,0134297142857143;"0";"329";0,162717383405195;0,559512441795295;"Nodiff"
"Actinomyces_cardiffensis";0,167424170904554;1,3e-05;"0";0,014984;"0";"20";0,167424170904554;0,559512441795295;"Nodiff"
"Blautia_hansenii";0,171448222173373;2,28571428571429e-06;"0";0,000167428571428571;"0";"145";0,171448222173373;0,559512441795295;"Nodiff"
"Actinomyces_johnsonii";0,175544244205509;8,31428571428572e-05;"0";6,57142857142857e-06;"0";"23";0,175544244205509;0,559512441795295;"Nodiff"
"Alistipes_sp_HGB5";0,175544244205509;0,0315912857142857;"0";0,107129285714286;"0";"55";0,175544244205509;0,559512441795295;"Nodiff"
"Lactobacillus_crispatus";0,179712823706481;0,000690571428571429;"0";0,00359142857142857;"0";"412";0,179712823706481;0,559512441795295;"Nodiff"
"Clostridium_citroniae";0,18111998341095;0,0150408571428571;"5e-04";0,024543;"0.00239";"204";0,18111998341095;0,559512441795295;"Nodiff"
"Raoultella_ornithinolytica";0,183954533177325;0,00421071428571429;"0";0,001074;"0";"589";0,183954533177325;0,559512441795295;"Nodiff"
"Ruminococcus_sp_JC304";0,183954533177325;0,026715;"0";0,0670742857142857;"0";"614";0,183954533177325;0,559512441795295;"Nodiff"
"Clostridium_methylpentosum";0,185654336068461;0,000753857142857143;"0";0,002273;"0";"213";0,185654336068461;0,559512441795295;"Nodiff"
"Bacteroides_coprocola";0,186494686944996;1,14688428571429;"0";0,170617571428571;"0";"89";0,186494686944996;0,559512441795295;"Nodiff"
"Bifidobacterium_breve";0,192258265036255;0,149526142857143;"0";0,178434285714286;"0";"135";0,192258265036255;0,559512441795295;"Nodiff"
"Abiotrophia_defectiva";0,194477962356877;0,000343142857142857;"0";0,000873857142857143;"0";"1";0,194477962356877;0,559512441795295;"Nodiff"
"Streptococcus_pasteurianus";0,194477962356877;0,0236762857142857;"0";0,0181325714285714;"0";"673";0,194477962356877;0,559512441795295;"Nodiff"
"Clostridium_leptum";0,195489902316971;0,149590571428571;"0.017915";0,361861857142857;"0.02884";"212";0,195489902316971;0,559512441795295;"Nodiff"
"Ruminococcus_callidus";0,195576801818917;0,388043285714286;"0.00746";0,145554142857143;"0";"606";0,195576801818917;0,559512441795295;"Nodiff"
"Clostridium_sp_ATCC_BAA_442";0,2076300830517;0,0866022857142857;"0";0,134634428571429;"0";"221";0,2076300830517;0,559512441795295;"Nodiff"
"Ruminococcus_flavefaciens";0,21016051733827;0,000433142857142857;"0";0,000127142857142857;"0";"608";0,21016051733827;0,559512441795295;"Nodiff"
"Butyrivibrio_unclassified";0,213313548356398;0,00164671428571429;"0";0,000814857142857143;"0";"164";0,213313548356398;0,559512441795295;"Nodiff"
"Lactobacillus_salivarius";0,213776069810484;0,106744142857143;"0";0,00284228571428571;"0";"436";0,213776069810484;0,559512441795295;"Nodiff"
"Veillonella_parvula";0,217763605837371;0,165400285714286;"0.00398";0,293541857142857;"0.00894";"709";0,217763605837371;0,559512441795295;"Nodiff"
"Haemophilus_haemolyticus";0,22691333165182;3,64285714285714e-05;"0";0,000892571428571429;"0";"364";0,22691333165182;0,559512441795295;"Nodiff"
"Collinsella_tanakaei";0,227821852541025;0,0125648571428571;"0";0,0907505714285714;"0";"232";0,227821852541025;0,559512441795295;"Nodiff"
"Alistipes_onderdonkii";0,232071477970528;0,868606285714286;"0.049315";1,81900885714286;"0.0819";"50";0,232071477970528;0,559512441795295;"Nodiff"
"Turicibacter_sanguinis";0,234389956110127;0,00367271428571429;"0";0,0102197142857143;"0";"703";0,234389956110127;0,559512441795295;"Nodiff"
"Bacteroides_salyersiae";0,241340054635061;0,148045428571429;"0";0,217129;"0";"107";0,241340054635061;0,559512441795295;"Nodiff"
"Streptococcus_sanguinis";0,241824883006203;0,0191627142857143;"0.00206";0,0241994285714286;"0";"677";0,241824883006203;0,559512441795295;"Nodiff"
"Erysipelotrichaceae_bacterium_2_2_44A";0,244515980761317;0,00494328571428571;"0";0,013303;"0.00063";"310";0,244515980761317;0,559512441795295;"Nodiff"
"Pantoea_unclassified";0,248300405172199;0,00204285714285714;"0";0,00151985714285714;"0";"502";0,248300405172199;0,559512441795295;"Nodiff"
"Eubacterium_saphenum";0,248839571042569;4,01428571428571e-05;"0";0,000387857142857143;"0";"332";0,248839571042569;0,559512441795295;"Nodiff"
"Succinatimonas_hippei";0,248839571042569;0,00760471428571429;"0";0,000474714285714286;"0";"688";0,248839571042569;0,559512441795295;"Nodiff"
"Odoribacter_splanchnicus";0,2490989805165;0,380741428571429;"0.21583";0,550268285714286;"0.25157";"490";0,2490989805165;0,559512441795295;"Nodiff"
"Morganella_morganii";0,253396912204064;0,00196185714285714;"0";0,00447528571428571;"0";"482";0,253396912204064;0,559512441795295;"Nodiff"
"Enterobacteriaceae_bacterium_9_2_54FAA";0,258012055407891;0,00355442857142857;"0";0,000711714285714286;"0";"292";0,258012055407891;0,559512441795295;"Nodiff"
"Lachnospiraceae_bacterium_6_1_63FAA";0,262646272683146;0,001993;"0";0,00143114285714286;"0";"398";0,262646272683146;0,559512441795295;"Nodiff"
"Clostridiales_bacterium_1_7_47FAA";0,265357241960088;0,0275887142857143;"0";0,0196392857142857;"0.002845";"196";0,265357241960088;0,559512441795295;"Nodiff"
"Bacteroides_nordii";0,267724701442131;0,0107492857142857;"0";0,0747495714285714;"0";"100";0,267724701442131;0,559512441795295;"Nodiff"
"Bifidobacterium_pseudocatenulatum";0,267724701442131;0,770744285714286;"0";0,394875142857143;"0";"139";0,267724701442131;0,559512441795295;"Nodiff"
"Mitsuokella_multacida";0,270033203918245;0,0583237142857143;"0";0,0297531428571429;"0";"476";0,270033203918245;0,559512441795295;"Nodiff"
"Gemella_sanguinis";0,275194083564086;0,00421828571428571;"0";0,00423657142857143;"0";"357";0,275194083564086;0,559512441795295;"Nodiff"
"Bilophila_unclassified";0,280527243733759;0,336238571428571;"0.11652";0,340482714285714;"0.199725";"143";0,280527243733759;0,559512441795295;"Nodiff"
"Bacteroides_oleiciplenus";0,28307009713755;0,000128714285714286;"0";0,000646571428571429;"0";"101";0,28307009713755;0,559512441795295;"Nodiff"
"Parabacteroides_unclassified";0,285685687724814;0,492034857142857;"0";0,757223;"0";"509";0,285685687724814;0,559512441795295;"Nodiff"
"Erysipelotrichaceae_bacterium_3_1_53";0,286994201345542;0,003237;"0";0,00783714285714286;"0";"312";0,286994201345542;0,559512441795295;"Nodiff"
"Bacteroides_thetaiotaomicron";0,292144703931526;1,04988471428571;"0.2283";1,19542942857143;"0.33317";"122";0,292144703931526;0,559512441795295;"Nodiff"
"Parascardovia_denticolens";0,294303520813471;0,000444142857142857;"0";0,000387571428571429;"0";"513";0,294303520813471;0,559512441795295;"Nodiff"
"Streptococcus_thermophilus";0,295302679988862;0,494258571428571;"0.01073";0,161841;"0.00424";"681";0,295302679988862;0,559512441795295;"Nodiff"
"Fusobacterium_varium";0,296467532379714;0,00183285714285714;"0";0,004312;"0";"352";0,296467532379714;0,559512441795295;"Nodiff"
"Bacteroides_intestinalis";0,302997896082159;0,390207571428571;"0";0,102514;"0";"98";0,302997896082159;0,559512441795295;"Nodiff"
"Bacteroides_sp_3_1_19";0,305232479203404;0,009257;"0";0,0376388571428571;"0";"115";0,305232479203404;0,559512441795295;"Nodiff"
"Bacteroides_pectinophilus";0,305631161079399;0,230037571428571;"0";0,0721092857142857;"0";"103";0,305631161079399;0,559512441795295;"Nodiff"
"Parabacteroides_merdae";0,30768644366427;1,12973657142857;"0.22868";1,70888457142857;"0.285845";"506";0,30768644366427;0,559512441795295;"Nodiff"
"Ruminococcus_gnavus";0,307706869609987;1,02560371428571;"0.052685";2,03860228571429;"0.060835";"609";0,307706869609987;0,559512441795295;"Nodiff"
"Campylobacter_concisus";0,310282681723356;0,00346214285714286;"0";0,000845714285714286;"0";"166";0,310282681723356;0,559512441795295;"Nodiff"
"Bifidobacterium_angulatum";0,31209467461608;0,225963285714286;"0";0,00231871428571429;"0";"132";0,31209467461608;0,559512441795295;"Nodiff"
"Lautropia_mirabilis";0,31209467461608;9,85714285714286e-06;"0";0,000504857142857143;"0";"446";0,31209467461608;0,559512441795295;"Nodiff"
"Weissella_confusa";0,31209467461608;0,000552571428571429;"0";9,34285714285714e-05;"0";"715";0,31209467461608;0,559512441795295;"Nodiff"
"Hafnia_alvei";0,319057770420752;0,00281314285714286;"0";0,000170714285714286;"0";"371";0,319057770420752;0,559512441795295;"Nodiff"
"Prevotella_disiens";0,319057770420752;0,000546714285714286;"0";0,000641;"0";"549";0,319057770420752;0,559512441795295;"Nodiff"
"Prevotella_timonensis";0,319057770420752;0,000249571428571429;"0";0,000431714285714286;"0";"567";0,319057770420752;0,559512441795295;"Nodiff"
"Streptococcus_peroris";0,319057770420752;0,000277714285714286;"0";6,58571428571429e-05;"0";"674";0,319057770420752;0,559512441795295;"Nodiff"
"Pyramidobacter_piscolens";0,319725223607841;0,0112845714285714;"0";0,00764714285714286;"0";"586";0,319725223607841;0,559512441795295;"Nodiff"
"Clostridiaceae_bacterium_JC118";0,32078906047699;0,00602485714285714;"0";0,007607;"0";"195";0,32078906047699;0,559512441795295;"Nodiff"
"Atopobium_parvulum";0,324008991423285;0,00268814285714286;"0";0,004486;"0";"78";0,324008991423285;0,559512441795295;"Nodiff"
"Achromobacter_piechaudii";0,324273337230987;0,000122428571428571;"0";0;"0";"2";0,324273337230987;0,559512441795295;"Nodiff"
"Achromobacter_unclassified";0,324273337230987;0,00018;"0";0;"0";"3";0,324273337230987;0,559512441795295;"Nodiff"
"Acidaminococcus_sp_HPA0509";0,324273337230987;0;"0";0,064169;"0";"8";0,324273337230987;0,559512441795295;"Nodiff"
"Acinetobacter_johnsonii";0,324273337230987;0;"0";0,000584571428571429;"0";"11";0,324273337230987;0,559512441795295;"Nodiff"
"Acinetobacter_pittii_calcoaceticus_nosocomialis";0,324273337230987;0,000436714285714286;"0";0;"0";"14";0,324273337230987;0,559512441795295;"Nodiff"
"Actinobaculum_unclassified";0,324273337230987;0,000138571428571429;"0";0;"0";"19";0,324273337230987;0,559512441795295;"Nodiff"
"Actinomyces_urogenitalis";0,324273337230987;0;"0";5,05714285714286e-05;"0";"35";0,324273337230987;0,559512441795295;"Nodiff"
"Alcaligenes_unclassified";0,324273337230987;0,000494571428571429;"0";0;"0";"46";0,324273337230987;0,559512441795295;"Nodiff"
"Alloprevotella_rava";0,324273337230987;0;"0";0,000206142857142857;"0";"57";0,324273337230987;0,559512441795295;"Nodiff"
"Anaerococcus_prevotii";0,324273337230987;0;"0";8,17142857142857e-05;"0";"63";0,324273337230987;0,559512441795295;"Nodiff"
"Anaerostipes_sp_3_2_56FAA";0,324273337230987;0,00278114285714286;"0";0;"0";"70";0,324273337230987;0,559512441795295;"Nodiff"
"Bacteroides_barnesiae";0,324273337230987;0;"0";0,261263571428571;"0";"85";0,324273337230987;0,559512441795295;"Nodiff"
"Bartonella_unclassified";0,324273337230987;7,14285714285714e-05;"0";0;"0";"129";0,324273337230987;0,559512441795295;"Nodiff"
"Bilophila_sp_4_1_30";0,324273337230987;0;"0";0,00773042857142857;"0";"142";0,324273337230987;0,559512441795295;"Nodiff"
"Bordetella_unclassified";0,324273337230987;9,51428571428571e-05;"0";0;"0";"148";0,324273337230987;0,559512441795295;"Nodiff"
"Brevibacterium_linens";0,324273337230987;0;"0";0,000115714285714286;"0";"153";0,324273337230987;0,559512441795295;"Nodiff"
"Campylobacter_jejuni";0,324273337230987;7,62857142857143e-05;"0";0;"0";"170";0,324273337230987;0,559512441795295;"Nodiff"
"Campylobacter_rectus";0,324273337230987;0;"0";0,000971857142857143;"0";"171";0,324273337230987;0,559512441795295;"Nodiff"
"Capnocytophaga_unclassified";0,324273337230987;0;"0";3,35714285714286e-05;"0";"177";0,324273337230987;0,559512441795295;"Nodiff"
"Cardiobacterium_valvarum";0,324273337230987;0;"0";2,71428571428571e-06;"0";"179";0,324273337230987;0,559512441795295;"Nodiff"
"Catonella_morbi";0,324273337230987;0;"0";0,000424571428571429;"0";"182";0,324273337230987;0,559512441795295;"Nodiff"
"Cellulosilyticum_lentocellum";0,324273337230987;0;"0";0,00228657142857143;"0";"185";0,324273337230987;0,559512441795295;"Nodiff"
"Chlamydophila_unclassified";0,324273337230987;0;"0";3,65714285714286e-05;"0";"189";0,324273337230987;0,559512441795295;"Nodiff"
"Clostridium_sp_HGF2";0,324273337230987;0;"0";0,00149228571428571;"0";"223";0,324273337230987;0,559512441795295;"Nodiff"
"Clostridium_sp_SS2_1";0,324273337230987;0;"0";0,0123955714285714;"0";"226";0,324273337230987;0,559512441795295;"Nodiff"
"Cryptobacterium_curtum";0,324273337230987;0;"0";3,71428571428571e-06;"0";"261";0,324273337230987;0,559512441795295;"Nodiff"
"Dysgonomonas_gadei";0,324273337230987;0,001335;"0";0;"0";"276";0,324273337230987;0,559512441795295;"Nodiff"
"Enterobacter_mori";0,324273337230987;0;"0";0,000155571428571429;"0";"291";0,324273337230987;0,559512441795295;"Nodiff"
"Enterococcus_asini";0,324273337230987;0,00169814285714286;"0";0;"0";"293";0,324273337230987;0,559512441795295;"Nodiff"
"Enterococcus_dispar";0,324273337230987;7,32857142857143e-05;"0";0;"0";"296";0,324273337230987;0,559512441795295;"Nodiff"
"Enterococcus_gilvus";0,324273337230987;0,000148285714285714;"0";0;"0";"301";0,324273337230987;0,559512441795295;"Nodiff"
"Facklamia_unclassified";0,324273337230987;1,21428571428571e-05;"0";0;"0";"339";0,324273337230987;0,559512441795295;"Nodiff"
"Filifactor_alocis";0,324273337230987;0;"0";0,00239957142857143;"0";"341";0,324273337230987;0,559512441795295;"Nodiff"
"Gemella_bergeri";0,324273337230987;0;"0";0,00647185714285714;"0";"354";0,324273337230987;0,559512441795295;"Nodiff"
"Haemophilus_parahaemolyticus";0,324273337230987;7,01428571428571e-05;"0";0;"0";"366";0,324273337230987;0,559512441795295;"Nodiff"
"Helicobacter_cinaedi";0,324273337230987;0,0207351428571429;"0";0;"0";"373";0,324273337230987;0,559512441795295;"Nodiff"
"Klebsiella_variicola";0,324273337230987;5,07142857142857e-05;"0";0;"0";"387";0,324273337230987;0,559512441795295;"Nodiff"
"Lachnoanaerobaculum_saburreum";0,324273337230987;0;"0";3,75714285714286e-05;"0";"388";0,324273337230987;0,559512441795295;"Nodiff"
"Lactobacillus_buchneri";0,324273337230987;0,00191057142857143;"0";0;"0";"410";0,324273337230987;0,559512441795295;"Nodiff"
"Lactobacillus_helveticus";0,324273337230987;0;"0";5,42857142857143e-06;"0";"419";0,324273337230987;0,559512441795295;"Nodiff"
"Lactobacillus_versmoldensis";0,324273337230987;0;"0";0,00139114285714286;"0";"441";0,324273337230987;0,559512441795295;"Nodiff"
"Leptotrichia_hofstadii";0,324273337230987;2,88571428571429e-05;"0";0;"0";"448";0,324273337230987;0,559512441795295;"Nodiff"
"Leptotrichia_shahii";0,324273337230987;1,35714285714286e-05;"0";0;"0";"449";0,324273337230987;0,559512441795295;"Nodiff"
"Leuconostoc_gelidum";0,324273337230987;0,000462428571428571;"0";0;"0";"456";0,324273337230987;0,559512441795295;"Nodiff"
"Leuconostoc_lactis";0,324273337230987;2,07142857142857e-05;"0";0;"0";"457";0,324273337230987;0,559512441795295;"Nodiff"
"Macrococcus_caseolyticus";0,324273337230987;0,000269;"0";0;"0";"464";0,324273337230987;0,559512441795295;"Nodiff"
"Mobiluncus_unclassified";0,324273337230987;0;"0";3,71428571428571e-05;"0";"479";0,324273337230987;0,559512441795295;"Nodiff"
"Mogibacterium_sp_CM50";0,324273337230987;0;"0";0,00608371428571429;"0";"480";0,324273337230987;0,559512441795295;"Nodiff"
"Moraxella_catarrhalis";0,324273337230987;0;"0";5,22857142857143e-05;"0";"481";0,324273337230987;0,559512441795295;"Nodiff"
"Neisseria_meningitidis";0,324273337230987;1,01428571428571e-05;"0";0;"0";"485";0,324273337230987;0,559512441795295;"Nodiff"
"Oribacterium_sp_oral_taxon_078";0,324273337230987;0;"0";0,000195142857142857;"0";"496";0,324273337230987;0,559512441795295;"Nodiff"
"Parvimonas_sp_oral_taxon_393";0,324273337230987;0;"0";0,000841714285714286;"0";"517";0,324273337230987;0,559512441795295;"Nodiff"
"Pediococcus_pentosaceus";0,324273337230987;0,000460857142857143;"0";0;"0";"523";0,324273337230987;0,559512441795295;"Nodiff"
"Pediococcus_unclassified";0,324273337230987;0;"0";4,62857142857143e-05;"0";"524";0,324273337230987;0,559512441795295;"Nodiff"
"Porphyromonas_gingivalis";0,324273337230987;0;"0";0,000572142857142857;"0";"537";0,324273337230987;0,559512441795295;"Nodiff"
"Prevotella_baroniae";0,324273337230987;0,00023;"0";0;"0";"541";0,324273337230987;0,559512441795295;"Nodiff"
"Prevotella_bergensis";0,324273337230987;0;"0";0,00233957142857143;"0";"542";0,324273337230987;0,559512441795295;"Nodiff"
"Prevotella_melaninogenica";0,324273337230987;0;"0";2e-04;"0";"552";0,324273337230987;0,559512441795295;"Nodiff"
"Prevotella_oralis";0,324273337230987;5,72857142857143e-05;"0";0;"0";"557";0,324273337230987;0,559512441795295;"Nodiff"
"Prevotella_oulorum";0,324273337230987;0,000126142857142857;"0";0;"0";"559";0,324273337230987;0,559512441795295;"Nodiff"
"Prevotella_sp_MSX73";0,324273337230987;0;"0";0,0143797142857143;"0";"564";0,324273337230987;0,559512441795295;"Nodiff"
"Prevotella_veroralis";0,324273337230987;8,71428571428571e-06;"0";0;"0";"568";0,324273337230987;0,559512441795295;"Nodiff"
"Proteus_unclassified";0,324273337230987;1,51428571428571e-05;"0";0;"0";"575";0,324273337230987;0,559512441795295;"Nodiff"
"Pseudomonas_fragi";0,324273337230987;6,78571428571429e-05;"0";0;"0";"580";0,324273337230987;0,559512441795295;"Nodiff"
"Pseudoramibacter_alactolyticus";0,324273337230987;4e-05;"0";0;"0";"584";0,324273337230987;0,559512441795295;"Nodiff"
"Rhodospirillum_unclassified";0,324273337230987;0;"0";7,87142857142857e-05;"0";"593";0,324273337230987;0,559512441795295;"Nodiff"
"Selenomonas_artemidis";0,324273337230987;0;"0";0,000372714285714286;"0";"622";0,324273337230987;0,559512441795295;"Nodiff"
"Selenomonas_bovis";0,324273337230987;0;"0";5,85714285714286e-06;"0";"623";0,324273337230987;0,559512441795295;"Nodiff"
"Selenomonas_flueggei";0,324273337230987;1,25714285714286e-05;"0";0;"0";"624";0,324273337230987;0,559512441795295;"Nodiff"
"Selenomonas_infelix";0,324273337230987;0;"0";0,000104285714285714;"0";"625";0,324273337230987;0,559512441795295;"Nodiff"
"Serratia_liquefaciens";0,324273337230987;0,000100857142857143;"0";0;"0";"628";0,324273337230987;0,559512441795295;"Nodiff"
"Shigella_flexneri";0,324273337230987;0;"0";3,15714285714286e-05;"0";"631";0,324273337230987;0,559512441795295;"Nodiff"
"Shuttleworthia_satelles";0,324273337230987;5,71428571428571e-06;"0";0;"0";"633";0,324273337230987;0,559512441795295;"Nodiff"
"Sodalis_glossinidius";0,324273337230987;0,000174;"0";0;"0";"637";0,324273337230987;0,559512441795295;"Nodiff"
"Staphylococcus_epidermidis";0,324273337230987;0,000203285714285714;"0";0;"0";"643";0,324273337230987;0,559512441795295;"Nodiff"
"Staphylococcus_xylosus";0,324273337230987;5,72857142857143e-05;"0";0;"0";"649";0,324273337230987;0,559512441795295;"Nodiff"
"Stenotrophomonas_unclassified";0,324273337230987;0,000236428571428571;"0";0;"0";"651";0,324273337230987;0,559512441795295;"Nodiff"
"Streptococcus_infantarius";0,324273337230987;0,00529128571428571;"0";0;"0";"662";0,324273337230987;0,559512441795295;"Nodiff"
"Streptococcus_massiliensis";0,324273337230987;0;"0";0,000243;"0";"667";0,324273337230987;0,559512441795295;"Nodiff"
"Streptococcus_parauberis";0,324273337230987;5,01428571428571e-05;"0";0;"0";"672";0,324273337230987;0,559512441795295;"Nodiff"
"Streptococcus_pseudopneumoniae";0,324273337230987;4,58571428571429e-05;"0";0;"0";"675";0,324273337230987;0,559512441795295;"Nodiff"
"Streptococcus_sp_BS35b";0,324273337230987;0;"0";0,000452857142857143;"0";"679";0,324273337230987;0,559512441795295;"Nodiff"
"Streptococcus_uberis";0,324273337230987;0;"0";7,7e-05;"0";"683";0,324273337230987;0,559512441795295;"Nodiff"
"Treponema_medium";0,324273337230987;0;"0";0,000366142857142857;"0";"698";0,324273337230987;0,559512441795295;"Nodiff"
"Treponema_succinifaciens";0,324273337230987;0;"0";0,000687285714285714;"0";"700";0,324273337230987;0,559512441795295;"Nodiff"
"Treponema_vincentii";0,324273337230987;0;"0";3,85714285714286e-05;"0";"701";0,324273337230987;0,559512441795295;"Nodiff"
"Varibaculum_cambriense";0,324273337230987;0;"0";0,000312;"0";"705";0,324273337230987;0,559512441795295;"Nodiff"
"Veillonella_ratti";0,324273337230987;0,00516357142857143;"0";0;"0";"710";0,324273337230987;0,559512441795295;"Nodiff"
"Veillonella_sp_3_1_44";0,324273337230987;0,00962185714285714;"0";0;"0";"711";0,324273337230987;0,559512441795295;"Nodiff"
"Weissella_cibaria";0,324273337230987;0,000138571428571429;"0";0;"0";"714";0,324273337230987;0,559512441795295;"Nodiff"
"Weissella_unclassified";0,324273337230987;0,000212857142857143;"0";0;"0";"716";0,324273337230987;0,559512441795295;"Nodiff"
"Yersinia_unclassified";0,324273337230987;6,57142857142857e-06;"0";0;"0";"719";0,324273337230987;0,559512441795295;"Nodiff"
"Enterococcus_casseliflavus";0,326121777061317;0,001331;"0";0,00418885714285714;"0";"295";0,326121777061317;0,559512441795295;"Nodiff"
"Streptococcus_lutetiensis";0,326121777061317;0,00160542857142857;"0";0,00171314285714286;"0";"665";0,326121777061317;0,559512441795295;"Nodiff"
"Klebsiella_unclassified";0,328587974154896;0,0129405714285714;"0";0,015163;"0";"386";0,328587974154896;0,561948223315857;"Nodiff"
"Megamonas_funiformis";0,332463138083695;0,0460207142857143;"0";0,00972814285714286;"0";"466";0,332463138083695;0,564976915034634;"Nodiff"
"Megasphaera_elsdenii";0,332463138083695;0,00148257142857143;"0";0,00833485714285714;"0";"470";0,332463138083695;0,564976915034634;"Nodiff"
"Coprococcus_comes";0,334105528138715;0,749633857142857;"0.47096";0,571614;"0.35465";"241";0,334105528138715;0,565731383371167;"Nodiff"
"Eubacterium_cylindroides";0,335014115292423;0,101611857142857;"0";0,0992741428571429;"0";"324";0,335014115292423;0,565731383371167;"Nodiff"
"Actinomyces_graevenitzii";0,340876131804026;0,0121847142857143;"0";0,00447657142857143;"0";"22";0,340876131804026;0,573825964823705;"Nodiff"
"Erysipelotrichaceae_bacterium_5_2_54FAA";0,34374806626321;0,00824014285714286;"0";0,00248542857142857;"0";"313";0,34374806626321;0,576852223697949;"Nodiff"
"Parabacteroides_johnsonii";0,344905664593499;0,0553857142857143;"0";0,0742014285714286;"0";"505";0,344905664593499;0,576991719273237;"Nodiff"
"Subdoligranulum_variabile";0,349866496903391;0,003298;"0";0,00313771428571429;"0";"687";0,349866496903391;0,583473008810935;"Nodiff"
"Leuconostoc_mesenteroides";0,351758411809504;0,00411342857142857;"0";0,00111685714285714;"0";"458";0,351758411809504;0,584811972574934;"Nodiff"
"Eubacterium_ventriosum";0,356353972121635;0,404785285714286;"0.010345";0,371445571428571;"0.010345";"335";0,356353972121635;0,590623713053451;"Nodiff"
"Alistipes_shahii";0,359616805975973;0,351864714285714;"0.125615";0,988092428571429;"0.180355";"53";0,359616805975973;0,594197614797223;"Nodiff"
"Bacteroides_massiliensis";0,364162341148352;1,11403514285714;"0.00179";0,977245571428571;"0.001065";"99";0,364162341148352;0,599862506738236;"Nodiff"
"Clostridium_scindens";0,365626530970405;0,00350714285714286;"0";0,00469514285714286;"0";"217";0,365626530970405;0,600432560033968;"Nodiff"
"Bifidobacterium_bifidum";0,367249684905929;1,11200671428571;"0";0,169334285714286;"0";"134";0,367249684905929;0,601259392666109;"Nodiff"
"Scardovia_wiggsiae";0,369143119065882;0,00129428571428571;"0";0,00166457142857143;"0";"621";0,369143119065882;0,602522355435801;"Nodiff"
"Corynebacterium_durum";0,373574355603857;0,000426142857142857;"0";0,000197857142857143;"0";"250";0,373574355603857;0,60790736048264;"Nodiff"
"Gemella_haemolysans";0,376199286709499;0,00129;"0";0,000992428571428571;"0";"355";0,376199286709499;0,610329356383689;"Nodiff"
"Megasphaera_unclassified";0,38542340338863;0,216986714285714;"0";0,259841;"0";"474";0,38542340338863;0,623064006330676;"Nodiff"
"Actinomyces_odontolyticus";0,386369300015112;0,00954442857142857;"5.5e-05";0,00455928571428571;"0";"26";0,386369300015112;0,623064006330676;"Nodiff"
"Enterococcus_durans";0,389225828285672;0,00558914285714286;"0";0,000179857142857143;"0";"297";0,389225828285672;0,625464749083211;"Nodiff"
"Clostridium_sp_L2_50";0,391616647999368;0,285960285714286;"0";0,133879142857143;"0";"225";0,391616647999368;0,625464749083211;"Nodiff"
"Lachnospiraceae_bacterium_4_1_37FAA";0,391616647999368;0,000480142857142857;"0";0,00130328571428571;"0";"395";0,391616647999368;0,625464749083211;"Nodiff"
"Parabacteroides_goldsteinii";0,392516984061531;0,118111285714286;"0";0,129246714285714;"0";"504";0,392516984061531;0,625464749083211;"Nodiff"
"Anaerofustis_stercorihominis";0,39580005107588;0,000492;"0";9,77142857142857e-05;"0";"66";0,39580005107588;0,626975302146748;"Nodiff"
"Lactococcus_raffinolactis";0,39580005107588;0,000551428571428571;"0";5,68571428571429e-05;"0";"445";0,39580005107588;0,626975302146748;"Nodiff"
"Citrobacter_koseri";0,402440906913474;0,00461485714285714;"0";0,0134044285714286;"0";"193";0,402440906913474;0,632047362052714;"Nodiff"
"Prevotella_nigrescens";0,402440906913474;0,00141757142857143;"0";0,0719032857142857;"0";"556";0,402440906913474;0,632047362052714;"Nodiff"
"Eubacterium_siraeum";0,402532956838041;2,24420028571429;"0.016185";1,07847128571429;"0.064045";"333";0,402532956838041;0,632047362052714;"Nodiff"
"Bulleidia_extructa";0,409148125093607;0,000151428571428571;"0";0,00165742857142857;"0";"158";0,409148125093607;0,636847951232658;"Nodiff"
"Enterobacter_aerogenes";0,409148125093607;0,008502;"0";0,0134857142857143;"0";"288";0,409148125093607;0,636847951232658;"Nodiff"
"Haemophilus_pittmaniae";0,409148125093607;0,00181214285714286;"0";0,00318442857142857;"0";"369";0,409148125093607;0,636847951232658;"Nodiff"
"Oribacterium_sinus";0,412804969414292;0,000767;"0";0,000562857142857143;"0";"495";0,412804969414292;0,640682857154552;"Nodiff"
"Parabacteroides_distasonis";0,416566525556327;1,3059;"0.065545";1,61741828571429;"0.10145";"503";0,416566525556327;0,644657706696679;"Nodiff"
"Bacteroides_stercoris";0,424218265888159;2,03078657142857;"0.007645";1,59733471428571;"0.031295";"121";0,424218265888159;0,654612668913625;"Nodiff"
"Streptococcus_macedonicus";0,429664923360428;0,000862142857142857;"0";0,000478428571428571;"0";"666";0,429664923360428;0,660781135912655;"Nodiff"
"Ruminococcus_lactaris";0,431863017579303;0,497112714285714;"0";0,310605;"0";"610";0,431863017579303;0,660781135912655;"Nodiff"
"Bifidobacterium_catenulatum";0,432570444441673;0,0714587142857143;"0";0,142066142857143;"0";"136";0,432570444441673;0,660781135912655;"Nodiff"
"Megasphaera_micronuciformis";0,433137727823565;0,00987257142857143;"0";0,0921721428571429;"0";"472";0,433137727823565;0,660781135912655;"Nodiff"
"Klebsiella_pneumoniae";0,440489398892059;0,667929571428571;"0";0,348720285714286;"0";"384";0,440489398892059;0,668404146473886;"Nodiff"
"Lactobacillus_gasseri";0,440623962479992;0,0601912857142857;"0";0,00989428571428571;"0";"417";0,440623962479992;0,668404146473886;"Nodiff"
"Pseudomonas_unclassified";0,449130339765268;0,00203828571428571;"0";0,00174785714285714;"0";"583";0,449130339765268;0,679388711137884;"Nodiff"
"Adlercreutzia_equolifaciens";0,451863702034814;0,122119714285714;"0.01057";0,164496714285714;"0.00331";"37";0,451863702034814;0,681603393237908;"Nodiff"
"Megamonas_unclassified";0,459573408479893;0,628706428571429;"0";0,409910428571429;"0";"469";0,459573408479893;0,689146208311183;"Nodiff"
"Actinomyces_massiliensis";0,461997458085709;0,000266428571428571;"0";8,24285714285714e-05;"0";"24";0,461997458085709;0,689146208311183;"Nodiff"
"Actinomyces_turicensis";0,461997458085709;0,000969857142857143;"0";0,00296;"0";"34";0,461997458085709;0,689146208311183;"Nodiff"
"Lactobacillus_plantarum";0,461997458085709;0,0299505714285714;"0";0,000401571428571429;"0";"430";0,461997458085709;0,689146208311183;"Nodiff"
"Fusobacterium_ulcerans";0,468328294894363;0,00604628571428571;"0";0,00173242857142857;"0";"351";0,468328294894363;0,696654555009066;"Nodiff"
"Roseburia_inulinivorans";0,473790445275937;0,962974428571429;"0.448775";0,948708857142857;"0.21864";"597";0,473790445275937;0,702832787605465;"Nodiff"
"Streptococcus_sobrinus";0,487605931629043;0,000958;"0";0,00222714285714286;"0";"678";0,487605931629043;0,721334394723956;"Nodiff"
"Bacteroides_uniformis";0,489047623562949;3,08579585714286;"0.91951";2,76239485714286;"1.1342";"123";0,489047623562949;0,721479598498087;"Nodiff"
"Bacteroides_ovatus";0,491351357119323;0,997268857142857;"0.221455";1,14499557142857;"0.066015";"102";0,491351357119323;0,722892270611168;"Nodiff"
"Roseburia_unclassified";0,494232103911473;0,072753;"0";0,185211571428571;"0";"598";0,494232103911473;0,725068006756693;"Nodiff"
"Haemophilus_parainfluenzae";0,495530648938001;0,391952714285714;"0.005";0,114464142857143;"0.00703";"367";0,495530648938001;0,725068006756693;"Nodiff"
"Oscillibacter_sp_KLE_1745";0,498580359102494;0,0239744285714286;"0";0,0506661428571429;"0";"498";0,498580359102494;0,727547969668585;"Nodiff"
"Eubacterium_sp_3_1_31";0,502201865797794;0,0629208571428571;"0";0,0436805714285714;"0";"334";0,502201865797794;0,730846617705733;"Nodiff"
"Clostridium_celatum";0,510501591404516;0,000757714285714286;"0";0,00561714285714286;"0";"203";0,510501591404516;0,74091717455196;"Nodiff"
"Bacteroides_finegoldii";0,512003413489178;0,114706285714286;"0";0,181382;"0";"94";0,512003413489178;0,74109388960563;"Nodiff"
"Bacteroides_coprophilus";0,51561000414569;0,224667857142857;"0";0,0895615714285714;"0";"90";0,51561000414569;0,744307989855472;"Nodiff"
"Veillonella_dispar";0,520224614762291;0,0387847142857143;"0";0,0144775714285714;"0";"708";0,520224614762291;0,748305726595842;"Nodiff"
"Collinsella_aerofaciens";0,521166371968054;1,13433757142857;"0.443505";0,878291428571429;"0.348195";"229";0,521166371968054;0,748305726595842;"Nodiff"
"Atopobium_rimae";0,524488672046979;0,000568;"0";0,0113995714285714;"0";"79";0,524488672046979;0,751067778371274;"Nodiff"
"Odoribacter_unclassified";0,53092205564592;0,00112142857142857;"0";0,003014;"0";"491";0,53092205564592;0,756839345747664;"Nodiff"
"Paraprevotella_clara";0,53148377049166;0,0856254285714286;"0";0,0796855714285714;"0";"510";0,53148377049166;0,756839345747664;"Nodiff"
"Paraprevotella_xylaniphila";0,533874680037486;0,0356727142857143;"0";0,00619642857142857;"0";"512";0,533874680037486;0,756839345747664;"Nodiff"
"Anaerostipes_hadrus";0,534156633218556;0,102005857142857;"0.027585";0,0789081428571429;"0.02038";"69";0,534156633218556;0,756839345747664;"Nodiff"
"Eubacterium_infirmum";0,539303461716637;0,000385714285714286;"0";0,00362428571428571;"0";"328";0,539303461716637;0,762120944583774;"Nodiff"
"Citrobacter_freundii";0,545564890477377;0,004485;"0";0,00832828571428572;"0";"192";0,545564890477377;0,764245747052086;"Nodiff"
"Atopobium_minutum";0,555313960317119;7,14285714285714e-06;"0";0,00200614285714286;"0";"77";0,555313960317119;0,764245747052086;"Nodiff"
"Corynebacterium_variabile";0,555313960317119;0,000595571428571428;"0";2,42857142857143e-05;"0";"258";0,555313960317119;0,764245747052086;"Nodiff"
"Lactobacillus_acidophilus";0,555313960317119;0,000747142857142857;"0";3,74285714285714e-05;"0";"405";0,555313960317119;0,764245747052086;"Nodiff"
"Pedobacter_unclassified";0,555313960317119;0,000311142857142857;"0";5,97142857142857e-05;"0";"525";0,555313960317119;0,764245747052086;"Nodiff"
"Eggerthella_unclassified";0,558401386665349;0,155727142857143;"0.026755";0,174820714285714;"0.039145";"284";0,558401386665349;0,764245747052086;"Nodiff"
"Lactobacillus_rhamnosus";0,561643109371666;0,00272671428571429;"0";0,0361382857142857;"0";"432";0,561643109371666;0,764245747052086;"Nodiff"
"Butyricimonas_synergistica";0,56622965698792;0,001052;"0";0,00110442857142857;"0";"162";0,56622965698792;0,764245747052086;"Nodiff"
"Alloprevotella_tannerae";0,566508239385501;0,000391;"0";0,00407128571428571;"0";"58";0,566508239385501;0,764245747052086;"Nodiff"
"Clostridium_spiroforme";0,566508239385501;0,00448614285714286;"0";0,00839042857142857;"0";"227";0,566508239385501;0,764245747052086;"Nodiff"
"Fretibacterium_fastidiosum";0,566508239385501;1,18571428571429e-05;"0";0,00197457142857143;"0";"344";0,566508239385501;0,764245747052086;"Nodiff"
"Lactobacillus_brevis";0,566508239385501;0,000467285714285714;"0";0,000211857142857143;"0";"409";0,566508239385501;0,764245747052086;"Nodiff"
"Leptotrichia_wadei";0,566508239385501;0,000342142857142857;"0";0,000629571428571429;"0";"451";0,566508239385501;0,764245747052086;"Nodiff"
"Porphyromonas_bennonis";0,566508239385501;8,71428571428571e-06;"0";0,000489;"0";"535";0,566508239385501;0,764245747052086;"Nodiff"
"Pseudomonas_protegens";0,566508239385501;0,000267142857142857;"0";2,02857142857143e-05;"0";"581";0,566508239385501;0,764245747052086;"Nodiff"
"Selenomonas_noxia";0,566508239385501;0,000106857142857143;"0";0,000769;"0";"626";0,566508239385501;0,764245747052086;"Nodiff"
"Staphylococcus_aureus";0,566508239385501;0,000119571428571429;"0";0,000425428571428571;"0";"641";0,566508239385501;0,764245747052086;"Nodiff"
"Ruminococcus_bromii";0,568959984642899;4,54796128571429;"0.587695";2,83215871428571;"0.53225";"605";0,568959984642899;0,764245747052086;"Nodiff"
"Lachnospiraceae_bacterium_1_4_56FAA";0,570684400824691;0,0180034285714286;"0";0,0520067142857143;"0";"390";0,570684400824691;0,764245747052086;"Nodiff"
"Bacteroides_salanitronis";0,577809633711633;0,0128905714285714;"0";0,00415714285714286;"0";"106";0,577809633711633;0,764245747052086;"Nodiff"
"Bacteroides_sp_4_3_47FAA";0,577809633711633;0,112734142857143;"0";0,0831852857142857;"0";"118";0,577809633711633;0,764245747052086;"Nodiff"
"Haemophilus_sputorum";0,577809633711633;0,000642571428571429;"0";0,000563857142857143;"0";"370";0,577809633711633;0,764245747052086;"Nodiff"
"Parabacteroides_sp_D13";0,577809633711633;0,0227104285714286;"0";0,0847861428571429;"0";"508";0,577809633711633;0,764245747052086;"Nodiff"
"Peptoniphilus_duerdenii";0,577809633711633;8,87142857142857e-05;"0";5,35714285714286e-05;"0";"526";0,577809633711633;0,764245747052086;"Nodiff"
"Peptoniphilus_lacrimalis";0,577809633711633;5,31428571428571e-05;"0";0,0251504285714286;"0";"528";0,577809633711633;0,764245747052086;"Nodiff"
"Scardovia_inopinata";0,577809633711633;0,000176714285714286;"0";0,000394714285714286;"0";"619";0,577809633711633;0,764245747052086;"Nodiff"
"Bifidobacterium_dentium";0,588166607862471;0,135286285714286;"0";0,0397687142857143;"0";"137";0,588166607862471;0,773766683596965;"Nodiff"
"Enterococcus_faecalis";0,588724950323868;0,0211787142857143;"0";0,00682228571428571;"0";"298";0,588724950323868;0,773766683596965;"Nodiff"
"Coprococcus_catus";0,589330677078508;0,189967;"0.09431";0,269149857142857;"0.094615";"240";0,589330677078508;0,773766683596965;"Nodiff"
"Dorea_formicigenerans";0,597132554845563;0,457016285714286;"0.244395";0,448798714285714;"0.253925";"273";0,597132554845563;0,78209800476114;"Nodiff"
"Acidaminococcus_fermentans";0,602684852103385;0,005578;"0";0,0333787142857143;"0";"4";0,602684852103385;0,787449551288364;"Nodiff"
"Lachnospiraceae_bacterium_8_1_57FAA";0,60718674525116;0,053749;"0";0,0187214285714286;"0";"400";0,60718674525116;0,790648630439702;"Nodiff"
"Veillonella_unclassified";0,608077996967592;0,527217571428571;"0.00856";0,352865714285714;"0.0084";"713";0,608077996967592;0,790648630439702;"Nodiff"
"Blautia_hydrogenotrophica";0,612154443345268;0,00709342857142857;"0";0,0180811428571429;"0";"146";0,612154443345268;0,7940264156435;"Nodiff"
"Rothia_mucilaginosa";0,614952404107425;0,0206892857142857;"0.00067";0,0123515714285714;"0.00069";"601";0,614952404107425;0,795733592784789;"Nodiff"
"Eggerthella_lenta";0,619082554077673;0,0260034285714286;"0.00037";0,0229287142857143;"0.000905";"280";0,619082554077673;0,79915223927815;"Nodiff"
"Clostridium_bartlettii";0,621852387325311;0,0564788571428571;"0.007075";0,048387;"0.00918";"199";0,621852387325311;0,80080271461317;"Nodiff"
"Veillonella_atypica";0,624390316620625;0,0981381428571429;"0";0,0251314285714286;"0";"707";0,624390316620625;0,802147368481521;"Nodiff"
"Olsenella_unclassified";0,629025860745713;0,00268057142857143;"0";0,00790742857142857;"0";"494";0,629025860745713;0,806173955180067;"Nodiff"
"Lactobacillus_ruminis";0,636114253977573;0,0372108571428571;"0";0,00429014285714286;"0";"433";0,636114253977573;0,813317510442754;"Nodiff"
"Coprobacter_fastidiosus";0,64254861545802;0,0448947142857143;"0";0,0287735714285714;"0";"239";0,64254861545802;0,818022422416099;"Nodiff"
"Bacteroides_sp_2_1_22";0,645389924416006;0,00723757142857143;"0";0,050083;"0";"112";0,645389924416006;0,818022422416099;"Nodiff"
"Oscillibacter_sp_KLE_1728";0,645389924416006;0,0152337142857143;"0";0,0249631428571429;"0";"497";0,645389924416006;0,818022422416099;"Nodiff"
"Rothia_dentocariosa";0,647140946732256;0,00282185714285714;"0";0,00122842857142857;"0";"600";0,647140946732256;0,818022422416099;"Nodiff"
"Bacteroides_dorei";0,647410669509948;1,420991;"0.14297";1,01823242857143;"0.215665";"91";0,647410669509948;0,818022422416099;"Nodiff"
"Peptostreptococcaceae_noname_unclassified";0,650660926704556;0,0519981428571429;"0";0,0504512857142857;"0";"529";0,650660926704556;0,820199337183912;"Nodiff"
"Erysipelotrichaceae_bacterium_21_3";0,662822542301345;0,00489271428571429;"0.000265";0,00665271428571429;"0.00098";"311";0,662822542301345;0,832230129239216;"Nodiff"
"Streptococcus_intermedius";0,664633489481245;0,000425571428571429;"0";0,00706928571428571;"0";"664";0,664633489481245;0,832230129239216;"Nodiff"
"Slackia_unclassified";0,664854237325184;9e-05;"0";0,001658;"0";"636";0,664854237325184;0,832230129239216;"Nodiff"
"Propionibacterium_acnes";0,673544900281017;0,000353;"0";0,00173942857142857;"0";"569";0,673544900281017;0,841147933606758;"Nodiff"
"Actinomyces_viscosus";0,682844534402098;0,00151742857142857;"0";0,000802142857142857;"0";"36";0,682844534402098;0,847089569448857;"Nodiff"
"Atopobium_vaginae";0,683034978717607;0,00036;"0";5,58571428571429e-05;"0";"81";0,683034978717607;0,847089569448857;"Nodiff"
"Gardnerella_vaginalis";0,683034978717607;7,24285714285714e-05;"0";0,00202485714285714;"0";"353";0,683034978717607;0,847089569448857;"Nodiff"
"Enterobacter_cloacae";0,690594182017821;0,010916;"0";0,0724262857142857;"0";"289";0,690594182017821;0,853455026701504;"Nodiff"
"Lactobacillus_curvatus";0,691346250679989;0,00481271428571429;"0";0,000230285714285714;"0";"413";0,691346250679989;0,853455026701504;"Nodiff"
"Bifidobacterium_longum";0,694879914099163;3,28132842857143;"0.48856";1,53489328571429;"0.45913";"138";0,694879914099163;0,853621306987706;"Nodiff"
"Collinsella_intestinalis";0,695244708144336;0,027504;"0";0,0134232857142857;"0";"230";0,695244708144336;0,853621306987706;"Nodiff"
"Coriobacteriaceae_bacterium_phI";0,696249781118464;0,0343574285714286;"0";0,0792692857142857;"0";"245";0,696249781118464;0,853621306987706;"Nodiff"
"Bacteroides_xylanisolvens";0,701937758121028;0,263063571428571;"0.035825";0,284684285714286;"0.042";"125";0,701937758121028;0,858634569728911;"Nodiff"
"Phascolarctobacterium_succinatutens";0,707059124751812;0,924896285714286;"0";0,597917;"0";"533";0,707059124751812;0,862933522708461;"Nodiff"
"Alistipes_unclassified";0,718124334749962;0,0173634285714286;"0";0,03509;"0";"56";0,718124334749962;0,874450720545872;"Nodiff"
"Desulfovibrio_piger";0,72223647377138;0,0706558571428571;"0";0,0875794285714286;"0";"266";0,72223647377138;0,877468295057084;"Nodiff"
"Cellulophaga_unclassified";0,728135322695106;0,000268714285714286;"0";0,000242857142857143;"0";"184";0,728135322695106;0,878477714169743;"Nodiff"
"Enterococcus_avium";0,728135322695106;0,00233985714285714;"0";0,00336757142857143;"0";"294";0,728135322695106;0,878477714169743;"Nodiff"
"Lactobacillus_oris";0,728135322695106;0,0165804285714286;"0";0,001576;"0";"426";0,728135322695106;0,878477714169743;"Nodiff"
"Dialister_succinatiphilus";0,730923696949416;0,0697718571428571;"0";0,0111664285714286;"0";"271";0,730923696949416;0,878477714169743;"Nodiff"
"Alistipes_indistinctus";0,73147803960134;0,0498844285714286;"0.001065";0,0886821428571429;"0.003965";"49";0,73147803960134;0,878477714169743;"Nodiff"
"Holdemania_unclassified";0,732882711262653;0,0105537142857143;"0";0,009889;"0";"378";0,732882711262653;0,878477714169743;"Nodiff"
"Lactobacillus_mucosae";0,735205176733163;0,0901675714285714;"0";0,0175975714285714;"0";"424";0,735205176733163;0,878817981445929;"Nodiff"
"Streptococcus_oligofermentans";0,736439649256365;7,02857142857143e-05;"0";0,000230714285714286;"0";"670";0,736439649256365;0,878817981445929;"Nodiff"
"Erysipelotrichaceae_bacterium_6_1_45";0,740634568448286;0,00924085714285714;"0";0,0104351428571429;"0";"314";0,740634568448286;0,88186422008144;"Nodiff"
"candidate_division_TM7_single_cell_isolate_TM7b";0,74260432354366;0,000306142857142857;"0";0,000555714285714286;"0";"174";0,74260432354366;0,882253366687932;"Nodiff"
"Coprococcus_sp_ART55_1";0,747981636728405;1,43981828571429;"0";1,078508;"0";"243";0,747981636728405;0,885197090062178;"Nodiff"
"Blautia_producta";0,748896156132415;0,00985642857142857;"0";0,00690771428571429;"0";"147";0,748896156132415;0,885197090062178;"Nodiff"
"Granulicella_unclassified";0,750027329568512;0,000227857142857143;"0";0,000184714285714286;"0";"363";0,750027329568512;0,885197090062178;"Nodiff"
"Roseburia_hominis";0,75955595994532;0,412872;"0.070495";0,476477;"0.04612";"595";0,75955595994532;0,893595376071089;"Nodiff"
"Citrobacter_unclassified";0,760471297699232;0,0111885714285714;"0";0,0581565714285714;"0";"194";0,760471297699232;0,893595376071089;"Nodiff"
"Prevotella_buccae";0,764942358024892;0,0255377142857143;"0";0,045692;"0";"544";0,764942358024892;0,896886563885081;"Nodiff"
"Streptococcus_parasanguinis";0,768401495980545;0,335198857142857;"0.045395";0,230882714285714;"0.033375";"671";0,768401495980545;0,897583778788322;"Nodiff"
"Clostridium_perfringens";0,768879959483479;0,013176;"0";0,00432085714285714;"0";"215";0,768879959483479;0,897583778788322;"Nodiff"
"Anaerostipes_unclassified";0,770973169769596;0,00544742857142857;"0";0,00759585714285714;"0";"71";0,770973169769596;0,898075037237035;"Nodiff"
"Butyricicoccus_pullicaecorum";0,781560592082593;0,00415485714285714;"0";0,155372571428571;"0";"161";0,781560592082593;0,90799762087988;"Nodiff"
"Propionibacterium_freudenreichii";0,782873181503509;0,00185185714285714;"0";0,00699928571428571;"0";"570";0,782873181503509;0,90799762087988;"Nodiff"
"Olsenella_uli";0,787477670824746;0,000400714285714286;"0";0,00414685714285714;"0";"493";0,787477670824746;0,909465868633789;"Nodiff"
"Acidaminococcus_unclassified";0,787526310828141;0,306280285714286;"0";0,557763571428571;"0";"9";0,787526310828141;0,909465868633789;"Nodiff"
"Megamonas_rupellensis";0,794299565009412;0,0336208571428571;"0";0,125178571428571;"0";"468";0,794299565009412;0,913962748205193;"Nodiff"
"Megamonas_hypermegale";0,7948242149196;0,140571571428571;"0";0,128739285714286;"0";"467";0,7948242149196;0,913962748205193;"Nodiff"
"Bifidobacterium_adolescentis";0,797386726143655;1,45097271428571;"0.011855";3,04653871428571;"0.02388";"131";0,797386726143655;0,914066990363581;"Nodiff"
"Lactobacillus_delbrueckii";0,798319215047522;0,00351771428571429;"0";0,00275385714285714;"0";"414";0,798319215047522;0,914066990363581;"Nodiff"
"Bacteroides_faecis";0,802841265109903;0,182630428571429;"0";0,119357428571429;"6.5e-05";"93";0,802841265109903;0,917288849710676;"Nodiff"
"Prevotella_stercorea";0,806823596158513;0,437205285714286;"0";0,130216142857143;"0";"566";0,806823596158513;0,919544354674836;"Nodiff"
"Streptococcus_mutans";0,809079486435569;0,0818355714285714;"0";0,00287671428571429;"0";"669";0,809079486435569;0,919544354674836;"Nodiff"
"Ruminococcus_albus";0,809952476277835;0,00240571428571429;"0";0,00138685714285714;"0";"604";0,809952476277835;0,919544354674836;"Nodiff"
"Bacteroides_vulgatus";0,8137885213728;3,23821428571429;"0.841415";2,20838528571429;"0.814285";"124";0,8137885213728;0,921950286871717;"Nodiff"
"Deinococcus_unclassified";0,816959080298035;0,000957714285714286;"0";0,000792714285714286;"0";"263";0,816959080298035;0,922073316892478;"Nodiff"
"Prevotella_copri";0,817331282757578;3,29580071428571;"0.000485";2,56340057142857;"7.5e-05";"546";0,817331282757578;0,922073316892478;"Nodiff"
"Coprococcus_eutactus";0,822714377180547;0,116914428571429;"0";0,313114;"0";"242";0,822714377180547;0,92620046236049;"Nodiff"
"Acidaminococcus_intestini";0,828695656497612;0,004564;"0";0,0429285714285714;"0";"5";0,828695656497612;0,930982358868656;"Nodiff"
"Collinsella_unclassified";0,830956537652958;0,00505285714285714;"0";0,0271891428571429;"0";"233";0,830956537652958;0,931573404425132;"Nodiff"
"Dorea_longicatena";0,833101740054454;1,10383314285714;"0.37474";0,949419142857143;"0.460615";"274";0,833101740054454;0,93203257168592;"Nodiff"
"Bacteroides_cellulosilyticus";0,845403811347545;0,508944142857143;"0.0054";0,524437142857143;"0.014025";"87";0,845403811347545;0,943829203105263;"Nodiff"
"Paraprevotella_unclassified";0,861484475603136;0,283323571428571;"0";0,197465857142857;"0";"511";0,861484475603136;0,959786646055776;"Nodiff"
"Coprobacillus_unclassified";0,865689133840675;0,111021571428571;"0.00588";0,164190428571429;"0.002455";"238";0,865689133840675;0,962474254394291;"Nodiff"
"Bifidobacterium_animalis";0,877093927990802;0,0718787142857143;"0";0,00701514285714286;"0";"133";0,877093927990802;0,973139337460869;"Nodiff"
"Bilophila_wadsworthia";0,897467204797825;0,0349261428571429;"0.00712";0,0317288571428571;"0.00754";"144";0,897467204797825;0,991956021314822;"Nodiff"
"Akkermansia_muciniphila";0,897747907558666;1,49623985714286;"0.026045";1,83711628571429;"0.03232";"45";0,897747907558666;0,991956021314822;"Nodiff"
"Bacteroidales_bacterium_ph8";0,904640866956843;0,257742571428571;"0.07476";0,209012857142857;"0.02063";"84";0,904640866956843;0,996194589332713;"Nodiff"
"Lachnospiraceae_bacterium_5_1_63FAA";0,905294151944812;0,205958857142857;"0.02749";0,139864;"0.028115";"397";0,905294151944812;0,996194589332713;"Nodiff"
"Alistipes_putredinis";0,911889845645081;1,97749057142857;"1.110465";2,836551;"0.756755";"51";0,911889845645081;1;"Nodiff"
"Streptococcus_cristatus";0,913014254376814;0,001071;"0";0,00194657142857143;"0";"657";0,913014254376814;1;"Nodiff"
"Butyrivibrio_crossotus";0,916812087959406;1,25875728571429;"0";0,695937285714286;"0";"163";0,916812087959406;1;"Nodiff"
"Clostridium_ramosum";0,91683200854757;0,030517;"0";0,0254432857142857;"0";"216";0,91683200854757;1;"Nodiff"
"Streptococcus_vestibularis";0,929345672400791;0,0473312857142857;"0";0,0385981428571429;"0";"684";0,929345672400791;1;"Nodiff"
"Oxalobacter_formigenes";0,931573610767052;0,0383251428571429;"0";0,00637114285714286;"0";"501";0,931573610767052;1;"Nodiff"
"Dorea_unclassified";0,936863098238907;0,00666142857142857;"0";0,0132831428571429;"0";"275";0,936863098238907;1;"Nodiff"
"Actinobacillus_unclassified";0,948934024954604;0,000803571428571429;"0";0,000389428571428571;"0";"16";0,948934024954604;1;"Nodiff"
"Eubacterium_brachy";0,953576791284749;0,000966142857142857;"0";0,00284857142857143;"0";"323";0,953576791284749;1;"Nodiff"
"Lactobacillus_sanfranciscensis";0,955310835754457;0,00162328571428571;"0";0,00262985714285714;"0";"437";0,955310835754457;1;"Nodiff"
"Klebsiella_oxytoca";0,962346238883492;0,029205;"0";0,0355131428571429;"0";"383";0,962346238883492;1;"Nodiff"
"Enterococcus_faecium";0,964491575107299;0,0275627142857143;"0";0,0399818571428571;"0";"299";0,964491575107299;1;"Nodiff"
"Lachnospiraceae_bacterium_2_1_58FAA";0,96653244797327;0,0422882857142857;"0.001465";0,152789857142857;"0";"392";0,96653244797327;1;"Nodiff"
"Bacteroides_fluxus";0,971578579900937;0,0501551428571429;"0";0,00942357142857143;"0";"95";0,971578579900937;1;"Nodiff"
"Anaerostipes_caccae";0,977660221169205;0,00815442857142857;"0";0,00507257142857143;"0";"68";0,977660221169205;1;"Nodiff"
"Finegoldia_magna";0,979337051379574;0,000345142857142857;"0";0,0105387142857143;"0";"342";0,979337051379574;1;"Nodiff"
"Lactococcus_lactis";0,980930729721327;0,0375611428571429;"0";0,0192478571428571;"0";"444";0,980930729721327;1;"Nodiff"
"Bifidobacterium_pseudolongum";0,982718547181205;0,0294197142857143;"0";0,000384857142857143;"0";"140";0,982718547181205;1;"Nodiff"
"Burkholderia_unclassified";0,98510573283335;0,00130514285714286;"0";0,000865857142857143;"0";"159";0,98510573283335;1;"Nodiff"
"Streptococcus_agalactiae";0,990524411676882;0,000896;"0";0,00173457142857143;"0";"653";0,990524411676882;1;"Nodiff"
"Comamonas_unclassified";0,994239115318356;2,97142857142857e-05;"0";3,95714285714286e-05;"0";"235";0,994239115318356;1;"Nodiff"
"Leuconostoc_carnosum";0,994239115318356;0,00162271428571429;"0";0,000133857142857143;"0";"453";0,994239115318356;1;"Nodiff"
"Leuconostoc_unclassified";0,994239115318356;6,07142857142857e-05;"0";0,000343571428571429;"0";"460";0,994239115318356;1;"Nodiff"
"Marvinbryantia_formatexigens";0,994239115318356;0,000101857142857143;"0";0,00184471428571429;"0";"465";0,994239115318356;1;"Nodiff"
"Sutterella_wadsworthensis";0,996244584221129;0,414881;"0";0,344088571428571;"0";"690";0,996244584221129;1;"Nodiff"
"Eubacterium_dolichum";0,996575669751442;0,00282371428571429;"0";0,00482785714285714;"0";"325";0,996575669751442;1;"Nodiff"
"Lactobacillus_sakei";0,996575669751442;0,00563328571428571;"0";0,000776285714285714;"0";"435";0,996575669751442;1;"Nodiff"
"Acidaminococcus_sp_D21";1;0,0253507142857143;"0";0,00314471428571429;"0";"7";1;1;"Nodiff"
"Actinomyces_sp_HPA0247";1;0,022375;"0";0,000617571428571429;"0";"28";1;1;"Nodiff"
"Alloprevotella_unclassified";1;0,005261;"0";0,000293857142857143;"0";"59";1;1;"Nodiff"
"Anaeroglobus_geminatus";1;0,00122385714285714;"0";0,000455857142857143;"0";"67";1;1;"Nodiff"
"Bacteroides_sp_1_1_6";1;0,00706171428571429;"0";0,00726342857142857;"0";"110";1;1;"Nodiff"
"Brachyspira_unclassified";1;0,000361142857142857;"0";0,00361314285714286;"0";"152";1;1;"Nodiff"
"Campylobacter_curvus";1;1,44285714285714e-05;"0";1,61428571428571e-05;"0";"167";1;1;"Nodiff"
"Enterococcus_gallinarum";1;7,42857142857143e-05;"0";0,000597714285714286;"0";"300";1;1;"Nodiff"
"Fusobacterium_mortiferum";1;0,0387454285714286;"0";0,0123551428571429;"0";"346";1;1;"Nodiff"
"Lactobacillus_amylovorus";1;0,150996142857143;"0";0,00403171428571429;"0";"406";1;1;"Nodiff"
"Lactobacillus_johnsonii";1;0,000159;"0";2,21428571428571e-05;"0";"422";1;1;"Nodiff"
"Neisseria_flavescens";1;0,000237714285714286;"0";4,61428571428571e-05;"0";"484";1;1;"Nodiff"
"Neisseria_unclassified";1;1,9e-05;"0";4,05714285714286e-05;"0";"488";1;1;"Nodiff"
"Olsenella_profusa";1;0,000180285714285714;"0";0,000620571428571429;"0";"492";1;1;"Nodiff"
"Pediococcus_acidilactici";1;0,000115857142857143;"0";6,61428571428571e-05;"0";"521";1;1;"Nodiff"
"Pediococcus_lolii";1;2,44285714285714e-05;"0";1,71428571428571e-05;"0";"522";1;1;"Nodiff"
"Prevotella_buccalis";1;5,31428571428571e-05;"0";0,000578571428571429;"0";"545";1;1;"Nodiff"
"Rothia_aeria";1;2,47142857142857e-05;"0";7,28571428571429e-06;"0";"599";1;1;"Nodiff"
"Scardovia_unclassified";1;0,000402142857142857;"0";0,000414571428571429;"0";"620";1;1;"Nodiff"
"Slackia_piriformis";1;0,00934014285714286;"0";0,00383214285714286;"0";"635";1;1;"Nodiff"
"Stenotrophomonas_maltophilia";1;0,000989857142857143;"0";0,00137542857142857;"0";"650";1;1;"Nodiff"
"Sutterella_parvirubra";1;0,00820971428571429;"0";0,0535354285714286;"0";"689";1;1;"Nodiff"
