"Pathway","Pvalue","Ctlmean","Ctlmedian","CRCmean","CRCmedian","Study","pvalue","adj.fdr.p","Enrichment","Origin"
"Pathway1",0.577594909353976,0.000314966196721311,"0.00029525",0.000299879260869565,"0.0003045235","FengQ_2015",0.577594909353976,0.703695976841109,"Nodiff","X1CMET2.PWY..N10.formyl.tetrahydrofolate.biosynthesis"
"Pathway100",0.395597366997888,6.0607868852459e-09,"0",0,"0","FengQ_2015",0.395597366997888,0.50801532380664,"Nodiff","P101.PWY..ectoine.biosynthesis"
"Pathway101",0.0206123192005416,3.85000003606557e-05,"5.09235e-06",7.00314402826087e-05,"1.642125e-05","FengQ_2015",0.0206123192005416,0.0613216496216113,"Nodiff","P105.PWY..TCA.cycle.IV..2.oxoglutarate.decarboxylase."
"Pathway102",0.00505693895306999,2.66686369344262e-05,"1.54816e-05",4.55203716086956e-05,"3.494555e-05","FengQ_2015",0.00505693895306999,0.029118180745903,"Nodiff","P108.PWY..pyruvate.fermentation.to.propanoate.I"
"Pathway103",0.81196525718383,1.39543298278689e-05,"1.76639e-06",1.2194568e-05,"9.50362e-07","FengQ_2015",0.81196525718383,0.873107219321167,"Nodiff","P122.PWY..heterolactic.fermentation"
"Pathway104",0.146847043492297,1.50427604918033e-05,"4.42004e-06",4.89412026086957e-06,"3.422015e-06","FengQ_2015",0.146847043492297,0.249639973936905,"Nodiff","P124.PWY..Bifidobacterium.shunt"
"Pathway106",0.808572685929759,0.000208226808196721,"0.000154733",0.000190327982608696,"0.0001492495","FengQ_2015",0.808572685929759,0.872742779404546,"Nodiff","P161.PWY..acetylene.degradation"
"Pathway107",0.000250552047695221,6.83023332786885e-06,"3.53475e-06",1.52262770673913e-05,"1.437165e-05","FengQ_2015",0.000250552047695221,0.00638907721622814,"CRC","P162.PWY..L.glutamate.degradation.V..via.hydroxyglutarate."
"Pathway11",0.0438460389209675,1.36963733606557e-05,"7.40782e-07",2.2179702326087e-05,"2.331185e-06","FengQ_2015",0.0438460389209675,0.0966236783628728,"Nodiff","ARGDEG.PWY..superpathway.of.L.arginine..putrescine..and.4.aminobutanoate.degradation"
"Pathway110",0.818604018200728,1.85284655737705e-07,"0",6.94529065217391e-07,"0","FengQ_2015",0.818604018200728,0.874974953585808,"Nodiff","P165.PWY..superpathway.of.purines.degradation.in.plants"
"Pathway112",0.0111075361343211,1.23777919344262e-05,"4.47174e-07",2.85504265869565e-05,"2.00786e-06","FengQ_2015",0.0111075361343211,0.04414349294894,"Nodiff","P221.PWY..octane.oxidation"
"Pathway113",0.0725834351774876,9.2446783442623e-06,"1.96589e-06",1.45907673043478e-05,"5.594705e-06","FengQ_2015",0.0725834351774876,0.142375199771226,"Nodiff","P23.PWY..reductive.TCA.cycle.I"
"Pathway114",0.00493601997555623,4.31750963934426e-06,"0",1.36138221521739e-05,"2.34149e-07","FengQ_2015",0.00493601997555623,0.0290230834945749,"Nodiff","P261.PWY..coenzyme.M.biosynthesis.I"
"Pathway116",0.00383430087882995,6.88324131147541e-05,"6.44053e-05",0.000105807193478261,"8.70433e-05","FengQ_2015",0.00383430087882995,0.0240777340967021,"Nodiff","P42.PWY..incomplete.reductive.TCA.cycle"
"Pathway119",0.966583090960148,1.06625663934426e-06,"0",5.9409152173913e-07,"0","FengQ_2015",0.966583090960148,0.980312964411286,"Nodiff","P562.PWY..myo.inositol.degradation.I"
"Pathway12",0.00229758685764076,5.04997331147541e-05,"2.70985e-05",8.32028378478261e-05,"7.922705e-05","FengQ_2015",0.00229758685764076,0.0181971325230176,"Nodiff","ARGININE.SYN4.PWY..L.ornithine.de.novo..biosynthesis"
"Pathway121",0.340418131818253,0.000401020967213115,"0.000377753",0.000364361,"0.000356273","FengQ_2015",0.340418131818253,0.460338155526956,"Nodiff","PANTO.PWY..phosphopantothenate.biosynthesis.I"
"Pathway122",0.125457057822004,0.000395210196721312,"0.00036708",0.0003528175,"0.0003499215","FengQ_2015",0.125457057822004,0.221723612091364,"Nodiff","PANTOSYN.PWY..pantothenate.and.coenzyme.A.biosynthesis.I"
"Pathway124",0.000843044937627247,0.000708237754098361,"0.000690202",0.000599047130434783,"0.000602691","FengQ_2015",0.000843044937627247,0.0111143277430045,"Nodiff","PEPTIDOGLYCANSYN.PWY..peptidoglycan.biosynthesis.I..meso.diaminopimelate.containing."
"Pathway126",0.809181680624383,7.22050491803279e-08,"0",2.6927402173913e-07,"0","FengQ_2015",0.809181680624383,0.872742779404546,"Nodiff","PHOTOALL.PWY..oxygenic.photosynthesis"
"Pathway127",0.0785234754233364,1.62041821967213e-05,"7.92887e-06",2.48784832173913e-05,"1.52579e-05","FengQ_2015",0.0785234754233364,0.152406095716326,"Nodiff","POLYAMINSYN3.PWY..superpathway.of.polyamine.biosynthesis.II"
"Pathway128",0.266716388210657,4.97189021311475e-05,"4.15064e-05",5.89149347826087e-05,"4.76737e-05","FengQ_2015",0.266716388210657,0.380871002364818,"Nodiff","POLYAMSYN.PWY..superpathway.of.polyamine.biosynthesis.I"
"Pathway129",0.87251631182463,6.55745445901639e-05,"4.40591e-05",7.00084069565217e-05,"4.589395e-05","FengQ_2015",0.87251631182463,0.918744675753129,"Nodiff","POLYISOPRENSYN.PWY..polyisoprenoid.biosynthesis..E..coli."
"Pathway13",0.0277943243092689,1.70380246393443e-05,"4.38962e-06",2.36773557608696e-05,"1.30452e-05","FengQ_2015",0.0277943243092689,0.0746058178827744,"Nodiff","ARGORNPROST.PWY..arginine..ornithine.and.proline.interconversion"
"Pathway130",0.760218049052151,7.33344836065574e-05,"5.4366e-05",7.20469043478261e-05,"5.487295e-05","FengQ_2015",0.760218049052151,0.852699038783305,"Nodiff","PPGPPMET.PWY..ppGpp.biosynthesis"
"Pathway131",0.0318078732398726,3.5981093442623e-07,"0",1.03176217391304e-06,"0","FengQ_2015",0.0318078732398726,0.0788570190738508,"Nodiff","PROPFERM.PWY..L.alanine.fermentation.to.propanoate.and.acetate"
"Pathway134",0.174817914271131,1.08380262295082e-07,"0",2.56800608695652e-07,"0","FengQ_2015",0.174817914271131,0.283681797249063,"Nodiff","PWY.101..photosynthesis.light.reactions"
"Pathway135",0.0123725709060584,0.000889172065573771,"0.000843881",0.000760846804347826,"0.000762382","FengQ_2015",0.0123725709060584,0.0469894448240729,"Nodiff","PWY.1042..glycolysis.IV..plant.cytosol."
"Pathway136",0.00013884807533929,5.82675895081967e-05,"4.46116e-05",0.000117832390326087,"0.0001104595","FengQ_2015",0.00013884807533929,0.00638907721622814,"CRC","PWY.1269..CMP.3.deoxy.D.manno.octulosonate.biosynthesis.I"
"Pathway14",0.00579190373346049,0.000459995262295082,"0.000441095",0.000387919260869565,"0.0003739755","FengQ_2015",0.00579190373346049,0.0318109174283907,"Nodiff","ARGSYN.PWY..L.arginine.biosynthesis.I..via.L.ornithine."
"Pathway140",0.202507402065466,2.83192510327869e-05,"1.37731e-05",2.19234871304348e-05,"1.074515e-05","FengQ_2015",0.202507402065466,0.317180914974437,"Nodiff","PWY.1861..formaldehyde.assimilation.II..RuMP.Cycle."
"Pathway141",0.724785322342108,4.11662950819672e-08,"0",9.11395652173913e-09,"0","FengQ_2015",0.724785322342108,0.845582876065793,"Nodiff","PWY.2201..folate.transformations.I"
"Pathway143",0.240557553349479,2.64531709836066e-05,"1.91633e-05",3.47000433478261e-05,"2.40956e-05","FengQ_2015",0.240557553349479,0.357836214004704,"Nodiff","PWY.241..C4.photosynthetic.carbon.assimilation.cycle..NADP.ME.type"
"Pathway144",0.0350773671930695,1.33345441147541e-05,"5.99662e-07",2.41355580434783e-05,"2.405005e-06","FengQ_2015",0.0350773671930695,0.080540909448752,"Nodiff","PWY.2723..trehalose.degradation.V"
"Pathway146",0.0331659524136451,0.000586421131147541,"0.000570563",0.000526269608695652,"0.000519825","FengQ_2015",0.0331659524136451,0.080540909448752,"Nodiff","PWY.2942..L.lysine.biosynthesis.III"
"Pathway147",0.00090216575070208,0.000611275180327869,"0.000614186",0.000518280456521739,"0.000513482","FengQ_2015",0.00090216575070208,0.0111143277430045,"Nodiff","PWY.3001..superpathway.of.L.isoleucine.biosynthesis.I"
"Pathway148",0.766640182603409,1.19526229508197e-08,"0",6.28663695652174e-08,"0","FengQ_2015",0.766640182603409,0.852699038783305,"Nodiff","PWY.3502..superpathway.of.NAD.biosynthesis.in.eukaryotes"
"Pathway15",0.130181390865699,0.00028687962295082,"0.000284087",0.000250715495652174,"0.0002253095","FengQ_2015",0.130181390865699,0.227817434014973,"Nodiff","ARGSYNBSUB.PWY..L.arginine.biosynthesis.II..acetyl.cycle."
"Pathway150",0.751604561523065,4.01601381967213e-06,"0",1.04606953304348e-05,"1.7259e-07","FengQ_2015",0.751604561523065,0.852339068388804,"Nodiff","PWY.3781..aerobic.respiration.I..cytochrome.c."
"Pathway151",0.579514333869149,9.82441870491803e-06,"0",1.01538038913043e-05,"4.308595e-07","FengQ_2015",0.579514333869149,0.703695976841109,"Nodiff","PWY.3801..sucrose.degradation.II..sucrose.synthase."
"Pathway152",0.0629585945914817,0.000365542754098361,"0.000353163",0.000321699130434783,"0.0003172145","FengQ_2015",0.0629585945914817,0.127705785620221,"Nodiff","PWY.3841..folate.transformations.II"
"Pathway154",0.240562160675431,4.57762371147541e-05,"2.20311e-05",4.98486644347826e-05,"1.585615e-05","FengQ_2015",0.240562160675431,0.357836214004704,"Nodiff","PWY.4041...gamma..glutamyl.cycle"
"Pathway156",0.0326499805572375,0.000436377196721311,"0.000432127",0.000377696173913043,"0.0003798335","FengQ_2015",0.0326499805572375,0.0798359113625602,"Nodiff","PWY.4242..pantothenate.and.coenzyme.A.biosynthesis.III"
"Pathway157",0.103657403960158,1.55318724590164e-05,"2.35504e-06",2.55997633478261e-05,"3.49028e-06","FengQ_2015",0.103657403960158,0.191739343076562,"Nodiff","PWY.4321..L.glutamate.degradation.IV"
"Pathway159",0.143450973940932,2.9571438347541e-05,"1.27774e-05",5.70321213043478e-05,"1.51145e-05","FengQ_2015",0.143450973940932,0.246218258213658,"Nodiff","PWY.4702..phytate.degradation.I"
"Pathway16",0.000965109691969578,0.000694598819672131,"0.000716896",0.000576162891304348,"0.0005791965","FengQ_2015",0.000965109691969578,0.0111143277430045,"Nodiff","ARO.PWY..chorismate.biosynthesis.I"
"Pathway161",0.927298947791138,0.000180048240983607,"0.000159272",0.000166779043478261,"0.0001572225","FengQ_2015",0.927298947791138,0.953845643360421,"Nodiff","PWY.4981..L.proline.biosynthesis.II..from.arginine."
"Pathway162",0.00799312373992575,3.06156846721311e-05,"1.87895e-05",4.55604147826087e-05,"4.168035e-05","FengQ_2015",0.00799312373992575,0.0361184461037407,"Nodiff","PWY.4984..urea.cycle"
"Pathway163",0.103575790008856,1.47291881967213e-06,"0",2.47076702173913e-06,"0","FengQ_2015",0.103575790008856,0.191739343076562,"Nodiff","PWY.5004..superpathway.of.L.citrulline.metabolism"
"Pathway164",0.00848910078342492,1.41898027540984e-05,"1.75185e-06",2.33870692826087e-05,"1.080793e-05","FengQ_2015",0.00848910078342492,0.0365133612009963,"Nodiff","PWY.5005..biotin.biosynthesis.II"
"Pathway165",0.0160855085821965,1.41534670819672e-05,"8.7235e-06",2.31662111304348e-05,"1.390595e-05","FengQ_2015",0.0160855085821965,0.0541352132423112,"Nodiff","PWY.5022..4.aminobutanoate.degradation.V"
"Pathway166",0.319197123039675,7.00677262295082e-07,"0",3.53369089130435e-06,"0","FengQ_2015",0.319197123039675,0.436602961399096,"Nodiff","PWY.5028..L.histidine.degradation.II"
"Pathway169",0.293901047171939,4.80804918032787e-08,"0",1.54373913043478e-08,"0","FengQ_2015",0.293901047171939,0.409854194688993,"Nodiff","PWY.5067..glycogen.biosynthesis.II..from.UDP.D.Glucose."
"Pathway17",0.7506519728446,0.000360282819672131,"0.000353942",0.000348765869565217,"0.000345881","FengQ_2015",0.7506519728446,0.852339068388804,"Nodiff","ASPASN.PWY..superpathway.of.L.aspartate.and.L.asparagine.biosynthesis"
"Pathway170",0.286058188934735,3.97609508196721e-08,"0",9.3585652173913e-09,"0","FengQ_2015",0.286058188934735,0.402058163187797,"Nodiff","PWY.5079..L.phenylalanine.degradation.III"
"Pathway171",0.222292708513491,4.93854098360656e-09,"0",0,"0","FengQ_2015",0.222292708513491,0.334845978646904,"Nodiff","PWY.5080..very.long.chain.fatty.acid.biosynthesis.I"
"Pathway172",0.257348456908861,0,"0",9.65115217391304e-10,"0","FengQ_2015",0.257348456908861,0.370457254501868,"Nodiff","PWY.5081..L.tryptophan.degradation.VIII..to.tryptophol."
"Pathway173",0.957342921522943,9.46785276721311e-05,"4.18392e-05",0.000100219794608696,"3.612375e-05","FengQ_2015",0.957342921522943,0.976489779953402,"Nodiff","PWY.5083..NAD.NADH.phosphorylation.and.dephosphorylation"
"Pathway174",3.50163378258579e-05,1.54824726229508e-06,"2.3183e-07",7.8015142173913e-06,"3.17343e-06","FengQ_2015",3.50163378258579e-05,0.00416694420127709,"CRC","PWY.5088..L.glutamate.degradation.VIII..to.propanoate."
"Pathway175",0.00814335748043199,0.000628409032786885,"0.000624476",0.000546242347826087,"0.0005449595","FengQ_2015",0.00814335748043199,0.0361184461037407,"Nodiff","PWY.5097..L.lysine.biosynthesis.VI"
"Pathway176",0.000752433886994255,0.000534596540983607,"0.000526354",0.000428586,"0.0004406175","FengQ_2015",0.000752433886994255,0.0111143277430045,"Nodiff","PWY.5100..pyruvate.fermentation.to.acetate.and.lactate.II"
"Pathway178",0.0190771825913664,0.000658351442622951,"0.000673736",0.000581535586956522,"0.000611059","FengQ_2015",0.0190771825913664,0.0587116740096362,"Nodiff","PWY.5103..L.isoleucine.biosynthesis.III"
"Pathway18",0.05396893418705,8.90203803278688e-06,"3.38626e-07",1.72489248478261e-05,"1.491175e-06","FengQ_2015",0.05396893418705,0.112671985408052,"Nodiff","AST.PWY..L.arginine.degradation.II..AST.pathway."
"Pathway182",0.861589925299449,6.7282131147541e-09,"0",4.87282608695652e-09,"0","FengQ_2015",0.861589925299449,0.910022495064803,"Nodiff","PWY.5129..sphingolipid.biosynthesis..plants."
"Pathway183",0.143454895541851,4.81828016229508e-05,"3.96997e-05",6.39746080434783e-05,"4.53747e-05","FengQ_2015",0.143454895541851,0.246218258213658,"Nodiff","PWY.5136..fatty.acid..beta..oxidation.II..peroxisome."
"Pathway184",0.0311039613208115,7.08607375409836e-06,"7.96936e-07",1.94165607391304e-05,"2.79351e-06","FengQ_2015",0.0311039613208115,0.0781979872642937,"Nodiff","PWY.5138..unsaturated..even.numbered.fatty.acid..beta..oxidation"
"Pathway186",0.167204896442726,3.68018320327869e-05,"1.92456e-05",3.09053644347826e-05,"1.36437e-05","FengQ_2015",0.167204896442726,0.279556307641477,"Nodiff","PWY.5173..superpathway.of.acetyl.CoA.biosynthesis"
"Pathway190",0.685159071415183,5.71291990163934e-06,"0",1.17359629130435e-05,"0","FengQ_2015",0.685159071415183,0.801973077033509,"Nodiff","PWY.5180..toluene.degradation.I..aerobic...via.o.cresol."
"Pathway192",0.685159071415183,5.71291990163934e-06,"0",1.17359629130435e-05,"0","FengQ_2015",0.685159071415183,0.801973077033509,"Nodiff","PWY.5182..toluene.degradation.II..aerobic...via.4.methylcatechol."
"Pathway196",0.00138766238466879,4.89971350819672e-06,"0",1.45832956978261e-05,"1.789185e-07","FengQ_2015",0.00138766238466879,0.0133890667926151,"Nodiff","PWY.5198..factor.420.biosynthesis"
"Pathway197",0.433891983147663,7.11164983606557e-07,"0",1.18598560869565e-06,"0","FengQ_2015",0.433891983147663,0.543506799942862,"Nodiff","PWY.5265..peptidoglycan.biosynthesis.II..staphylococci."
"Pathway198",0.44084315427033,3.09636885245902e-06,"0",9.29698043478261e-06,"0","FengQ_2015",0.44084315427033,0.550283238022755,"Nodiff","PWY.5304..superpathway.of.sulfur.oxidation..Acidianus.ambivalens."
"Pathway199",0.0797883853157373,3.78313770491803e-08,"0",0,"0","FengQ_2015",0.0797883853157373,0.153970019230909,"Nodiff","PWY.5306..superpathway.of.thiosulfate.metabolism..Desulfovibrio.sulfodismutans."
"Pathway2",0.0219463423726101,9.74290644262295e-06,"0",1.96610345521739e-05,"3.997125e-07","FengQ_2015",0.0219463423726101,0.0647507787357174,"Nodiff","X3.HYDROXYPHENYLACETATE.DEGRADATION.PWY..4.hydroxyphenylacetate.degradation"
"Pathway20",0.0261176040453875,0.000671968147540984,"0.000689989",0.000596157217391304,"0.000619901","FengQ_2015",0.0261176040453875,0.0711754552992621,"Nodiff","BRANCHED.CHAIN.AA.SYN.PWY..superpathway.of.branched.amino.acid.biosynthesis"
"Pathway201",0.171106960726968,6.62517491803279e-05,"4.82339e-05",8.94865593478261e-05,"6.30047e-05","FengQ_2015",0.171106960726968,0.280006831222541,"Nodiff","PWY.5345..superpathway.of.L.methionine.biosynthesis..by.sulfhydrylation."
"Pathway202",0.00117917116968388,0.000476569803278689,"0.000431435",0.00037584497826087,"0.000362536","FengQ_2015",0.00117917116968388,0.0122959797369095,"Nodiff","PWY.5347..superpathway.of.L.methionine.biosynthesis..transsulfuration."
"Pathway204",0.395597366997888,1.05246557377049e-08,"0",0,"0","FengQ_2015",0.395597366997888,0.50801532380664,"Nodiff","PWY.5381..pyridine.nucleotide.cycling..plants."
"Pathway205",0.00202490949586563,0.000202019145901639,"0.000165611",0.000127671273913043,"0.0001084","FengQ_2015",0.00202490949586563,0.0171703369415592,"Nodiff","PWY.5384..sucrose.degradation.IV..sucrose.phosphorylase."
"Pathway206",0.257348456908861,0,"0",1.00314130434783e-08,"0","FengQ_2015",0.257348456908861,0.370457254501868,"Nodiff","PWY.5392..reductive.TCA.cycle.II"
"Pathway207",0.890531936579366,1.50998680327869e-06,"0",1.714602e-06,"1.662495e-07","FengQ_2015",0.890531936579366,0.931440500889916,"Nodiff","PWY.5415..catechol.degradation.I..meta.cleavage.pathway."
"Pathway21",0.000218211106033267,0.000684146163934426,"0.00063543",0.000552458782608696,"0.0005296975","FengQ_2015",0.000218211106033267,0.00638907721622814,"Ctl","CALVIN.PWY..Calvin.Benson.Bassham.cycle"
"Pathway212",0.0150098824459968,1.40525180491803e-05,"7.87668e-06",1.97546541304348e-05,"1.26636e-05","FengQ_2015",0.0150098824459968,0.0530547330021867,"Nodiff","PWY.5505..L.glutamate.and.L.glutamine.biosynthesis"
"Pathway213",0.0578162954064426,3.49384344262295e-07,"0",8.32983173913043e-07,"0","FengQ_2015",0.0578162954064426,0.119308771445665,"Nodiff","PWY.5508..adenosylcobalamin.biosynthesis.from.cobyrinate.a.c.diamide.II"
"Pathway214",0.430047348554931,1.41756766065574e-05,"5.64878e-06",1.6002977173913e-05,"8.007665e-06","FengQ_2015",0.430047348554931,0.542497891993323,"Nodiff","PWY.5509..adenosylcobalamin.biosynthesis.from.cobyrinate.a.c.diamide.I"
"Pathway215",1,4.38338032786885e-08,"0",1.24412152173913e-07,"0","FengQ_2015",1,1,"Nodiff","PWY.5514..UDP.N.acetyl.D.galactosamine.biosynthesis.II"
"Pathway217",0.0144493116751777,2.58653021639344e-05,"2.70634e-06",4.81883206086957e-05,"1.15776e-05","FengQ_2015",0.0144493116751777,0.0515840426803844,"Nodiff","PWY.561..superpathway.of.glyoxylate.cycle.and.fatty.acid.degradation"
"Pathway218",0.395597366997888,1.56722295081967e-09,"0",0,"0","FengQ_2015",0.395597366997888,0.50801532380664,"Nodiff","PWY.5647..2.nitrobenzoate.degradation.I"
"Pathway219",0.6415190867392,1.14199049180328e-08,"0",3.18437543478261e-08,"0","FengQ_2015",0.6415190867392,0.765960916273894,"Nodiff","PWY.5651..L.tryptophan.degradation.to.2.amino.3.carboxymuconate.semialdehyde"
"Pathway220",0.395597366997888,1.60687213114754e-09,"0",0,"0","FengQ_2015",0.395597366997888,0.50801532380664,"Nodiff","PWY.5654..2.amino.3.carboxymuconate.semialdehyde.degradation.to.2.oxopentenoate"
"Pathway221",0.00689017231620372,4.7901788852459e-06,"0",7.22479197826087e-06,"6.77499e-07","FengQ_2015",0.00689017231620372,0.0356024739960957,"Nodiff","PWY.5656..mannosylglycerate.biosynthesis.I"
"Pathway222",0.0666075285726444,0.000316156765573771,"0.000308014",0.000272762086956522,"0.0002662315","FengQ_2015",0.0666075285726444,0.132104931669078,"Nodiff","PWY.5659..GDP.mannose.biosynthesis"
"Pathway223",0.000640699052381938,0.000609240573770492,"0.000597754",0.000515848195652174,"0.000526355","FengQ_2015",0.000640699052381938,0.0108918838904929,"Nodiff","PWY.5667..CDP.diacylglycerol.biosynthesis.I"
"Pathway224",0.0290826864376973,2.03814797393443e-05,"1.71181e-06",3.87930026086957e-05,"6.099385e-06","FengQ_2015",0.0290826864376973,0.0764588495360045,"Nodiff","PWY.5675..nitrate.reduction.V..assimilatory."
"Pathway227",0.000125369303861587,0.00073235737704918,"0.000751547",0.000589730891304348,"0.000623602","FengQ_2015",0.000125369303861587,0.00638907721622814,"Ctl","PWY.5686..UMP.biosynthesis"
"Pathway228",0.0603316876037481,0.000121780722459016,"0.00010848",0.000153535241304348,"0.000121708","FengQ_2015",0.0603316876037481,0.123076642711646,"Nodiff","PWY.5690..TCA.cycle.II..plants.and.fungi."
"Pathway229",0.0174955445666913,4.99214530819672e-06,"2.96804e-07",1.17363869543478e-05,"1.612175e-06","FengQ_2015",0.0174955445666913,0.0557644050404846,"Nodiff","PWY.5692..allantoin.degradation.to.glyoxylate.II"
"Pathway232",0.00772818240764758,7.58994501311475e-06,"5.32579e-07",1.60814775652174e-05,"2.369925e-06","FengQ_2015",0.00772818240764758,0.0361184461037407,"Nodiff","PWY.5705..allantoin.degradation.to.glyoxylate.III"
"Pathway233",0.0446248905229327,4.88230813606557e-05,"5.59263e-06",7.59254245217391e-05,"1.50735e-05","FengQ_2015",0.0446248905229327,0.0977367234152575,"Nodiff","PWY.5723..Rubisco.shunt"
"Pathway237",0.257348456908861,0,"0",6.771e-09,"0","FengQ_2015",0.257348456908861,0.370457254501868,"Nodiff","PWY.5754..4.hydroxybenzoate.biosynthesis.I..eukaryotes."
"Pathway238",0.035645556562753,1.43440146721311e-05,"2.6942e-06",3.07630311086957e-05,"8.106635e-06","FengQ_2015",0.035645556562753,0.080540909448752,"Nodiff","PWY.5791..1.4.dihydroxy.2.naphthoate.biosynthesis.II..plants."
"Pathway239",0.035645556562753,1.43440146721311e-05,"2.6942e-06",3.07630311086957e-05,"8.106635e-06","FengQ_2015",0.035645556562753,0.080540909448752,"Nodiff","PWY.5837..1.4.dihydroxy.2.naphthoate.biosynthesis.I"
"Pathway24",0.245030186502968,1.83214786885246e-07,"0",4.71105369565217e-07,"0","FengQ_2015",0.245030186502968,0.362970027309376,"Nodiff","CHLOROPHYLL.SYN..chlorophyllide.a.biosynthesis.I..aerobic..light.dependent."
"Pathway240",0.0227309696022435,2.40561839508197e-05,"7.75996e-06",4.52262644347826e-05,"1.721955e-05","FengQ_2015",0.0227309696022435,0.0665160340000076,"Nodiff","PWY.5838..superpathway.of.menaquinol.8.biosynthesis.I"
"Pathway241",0.0177000159260628,2.42819667213115e-05,"8.32822e-06",4.63571804130435e-05,"2.1329e-05","FengQ_2015",0.0177000159260628,0.0557644050404846,"Nodiff","PWY.5840..superpathway.of.menaquinol.7.biosynthesis"
"Pathway242",0.023759487953554,1.877703e-05,"2.48654e-06",3.6889017826087e-05,"7.55987e-06","FengQ_2015",0.023759487953554,0.0673185492017363,"Nodiff","PWY.5845..superpathway.of.menaquinol.9.biosynthesis"
"Pathway243",0.0264546376518518,1.8803988852459e-05,"2.48654e-06",3.6889017826087e-05,"7.55987e-06","FengQ_2015",0.0264546376518518,0.0715477700129628,"Nodiff","PWY.5850..superpathway.of.menaquinol.6.biosynthesis.I"
"Pathway244",0.00721859569578908,1.01851304754098e-05,"1.12032e-06",2.54815193478261e-05,"3.59129e-06","FengQ_2015",0.00721859569578908,0.0356024739960957,"Nodiff","PWY.5855..ubiquinol.7.biosynthesis..prokaryotic."
"Pathway245",0.0010829377974729,1.72506557377049e-07,"0",9.88260047826087e-07,"0","FengQ_2015",0.0010829377974729,0.0117154179908432,"Nodiff","PWY.5856..ubiquinol.9.biosynthesis..prokaryotic."
"Pathway246",0.00721859569578908,1.01851304754098e-05,"1.12032e-06",2.54815193478261e-05,"3.59129e-06","FengQ_2015",0.00721859569578908,0.0356024739960957,"Nodiff","PWY.5857..ubiquinol.10.biosynthesis..prokaryotic."
"Pathway247",0.0326434619408838,1.67753529180328e-05,"1.66324e-06",3.19372913043478e-05,"5.235035e-06","FengQ_2015",0.0326434619408838,0.0798359113625602,"Nodiff","PWY.5860..superpathway.of.demethylmenaquinol.6.biosynthesis.I"
"Pathway248",0.0355980275928214,2.17822924098361e-05,"5.26935e-06",4.03338266521739e-05,"1.19249e-05","FengQ_2015",0.0355980275928214,0.080540909448752,"Nodiff","PWY.5861..superpathway.of.demethylmenaquinol.8.biosynthesis"
"Pathway249",0.02941736288055,1.67571996393443e-05,"1.66324e-06",3.19372913043478e-05,"5.235035e-06","FengQ_2015",0.02941736288055,0.0764588495360045,"Nodiff","PWY.5862..superpathway.of.demethylmenaquinol.9.biosynthesis"
"Pathway25",0.00082415056230814,5.71259325409836e-05,"3.67844e-05",0.00010073464173913,"6.7787e-05","FengQ_2015",0.00082415056230814,0.0111143277430045,"Nodiff","CITRULBIO.PWY..L.citrulline.biosynthesis"
"Pathway250",0.0350961398050932,1.55438063606557e-05,"3.04794e-06",3.26299164130435e-05,"9.11969e-06","FengQ_2015",0.0350961398050932,0.080540909448752,"Nodiff","PWY.5863..superpathway.of.phylloquinol.biosynthesis"
"Pathway251",0.752063883872474,8.64308196721311e-09,"0",1.15414847826087e-06,"0","FengQ_2015",0.752063883872474,0.852339068388804,"Nodiff","PWY.5870..ubiquinol.8.biosynthesis..eukaryotic."
"Pathway252",0.752063883872474,9.33427868852459e-09,"0",1.13904152173913e-07,"0","FengQ_2015",0.752063883872474,0.852339068388804,"Nodiff","PWY.5871..ubiquinol.9.biosynthesis..eukaryotic."
"Pathway253",0.781299539836952,6.74677049180328e-09,"0",1.49785217391304e-08,"0","FengQ_2015",0.781299539836952,0.85822749452859,"Nodiff","PWY.5872..ubiquinol.10.biosynthesis..eukaryotic."
"Pathway254",0.752063883872474,9.33427868852459e-09,"0",1.13904152173913e-07,"0","FengQ_2015",0.752063883872474,0.852339068388804,"Nodiff","PWY.5873..ubiquinol.7.biosynthesis..eukaryotic."
"Pathway255",0.023759487953554,1.877703e-05,"2.48654e-06",3.6889017826087e-05,"7.55987e-06","FengQ_2015",0.023759487953554,0.0673185492017363,"Nodiff","PWY.5896..superpathway.of.menaquinol.10.biosynthesis"
"Pathway256",0.0177000159260628,2.37656923606557e-05,"7.41459e-06",4.62891581086957e-05,"2.054205e-05","FengQ_2015",0.0177000159260628,0.0557644050404846,"Nodiff","PWY.5897..superpathway.of.menaquinol.11.biosynthesis"
"Pathway257",0.0177000159260628,2.37656923606557e-05,"7.41459e-06",4.62891581086957e-05,"2.054205e-05","FengQ_2015",0.0177000159260628,0.0557644050404846,"Nodiff","PWY.5898..superpathway.of.menaquinol.12.biosynthesis"
"Pathway258",0.0177000159260628,2.37656923606557e-05,"7.41459e-06",4.62891581086957e-05,"2.054205e-05","FengQ_2015",0.0177000159260628,0.0557644050404846,"Nodiff","PWY.5899..superpathway.of.menaquinol.13.biosynthesis"
"Pathway259",0.0195650562673998,2.14894456721311e-05,"1.2053e-05",1.43918458695652e-05,"5.88167e-06","FengQ_2015",0.0195650562673998,0.0591925854869638,"Nodiff","PWY.5910..superpathway.of.geranylgeranyldiphosphate.biosynthesis.I..via.mevalonate."
"Pathway26",0.00178222381374171,0.000602981180327869,"0.000602089",0.000515693804347826,"0.0005292025","FengQ_2015",0.00178222381374171,0.0157621404374822,"Nodiff","COA.PWY.1..coenzyme.A.biosynthesis.II..mammalian."
"Pathway260",0.874994929288694,8.8145266295082e-05,"7.38596e-05",7.9227402826087e-05,"6.37666e-05","FengQ_2015",0.874994929288694,0.918744675753129,"Nodiff","PWY.5913..TCA.cycle.VI..obligate.autotrophs."
"Pathway261",0.091108005707648,3.43861029836066e-05,"1.5982e-05",5.1437477826087e-05,"2.38941e-05","FengQ_2015",0.091108005707648,0.171187147566475,"Nodiff","PWY.5918..superpathay.of.heme.biosynthesis.from.glutamate"
"Pathway262",0.0723668131149126,1.65238723114754e-05,"5.43767e-06",3.13306703478261e-05,"9.418155e-06","FengQ_2015",0.0723668131149126,0.142375199771226,"Nodiff","PWY.5920..superpathway.of.heme.biosynthesis.from.glycine"
"Pathway263",0.40086837836401,3.86811149344262e-05,"2.7513e-05",3.54892181521739e-05,"2.188995e-05","FengQ_2015",0.40086837836401,0.51293910779911,"Nodiff","PWY.5941..glycogen.degradation.II..eukaryotic."
"Pathway265",0.00536092985561651,0.000231315791803279,"0.000210181",0.000303883558695652,"0.0002873465","FengQ_2015",0.00536092985561651,0.0303786025151602,"Nodiff","PWY.5973..cis.vaccenate.biosynthesis"
"Pathway267",0.395597366997888,5.22873770491803e-08,"0",0,"0","FengQ_2015",0.395597366997888,0.50801532380664,"Nodiff","PWY.5994..palmitate.biosynthesis.I..animals.and.fungi."
"Pathway268",0.00874627823831959,4.72727520655738e-06,"0",9.75334995652174e-06,"1.984675e-07","FengQ_2015",0.00874627823831959,0.0371716825128583,"Nodiff","PWY.6071..superpathway.of.phenylethylamine.degradation"
"Pathway269",0.766640182603409,4.79590491803279e-09,"0",3.60494782608696e-08,"0","FengQ_2015",0.766640182603409,0.852699038783305,"Nodiff","PWY.6074..zymosterol.biosynthesis"
"Pathway27",0.0187576806358769,0.000457162704918033,"0.00044522",0.000392291391304348,"0.0003907735","FengQ_2015",0.0187576806358769,0.0582303651044178,"Nodiff","COA.PWY..coenzyme.A.biosynthesis.I"
"Pathway270",0.449474578614661,9.39572131147541e-09,"0",1.49195869565217e-09,"0","FengQ_2015",0.449474578614661,0.557161196407757,"Nodiff","PWY.6075..ergosterol.biosynthesis.I"
"Pathway273",0.0132802044041454,0.000612829606557377,"0.000615128",0.000543565543478261,"0.0005758515","FengQ_2015",0.0132802044041454,0.048377887472244,"Nodiff","PWY.6121..5.aminoimidazole.ribonucleotide.biosynthesis.I"
"Pathway274",0.0301720351857624,0.000646878950819672,"0.00064498",0.000581280108695652,"0.0005978105","FengQ_2015",0.0301720351857624,0.0764588495360045,"Nodiff","PWY.6122..5.aminoimidazole.ribonucleotide.biosynthesis.II"
"Pathway279",0.106511454198491,0.000342286729508197,"0.000341081",0.000316358847826087,"0.0003012705","FengQ_2015",0.106511454198491,0.194003005861537,"Nodiff","PWY.6126..superpathway.of.adenosine.nucleotides.de.novo.biosynthesis.II"
"Pathway280",0.105161687488996,5.38165078688525e-07,"0",6.02999589782609e-06,"0","FengQ_2015",0.105161687488996,0.192526781710623,"Nodiff","PWY.6138..CMP.N.acetylneuraminate.biosynthesis.I..eukaryotes."
"Pathway284",0.00120548820950093,0.000644960950819672,"0.000644837",0.000532688673913043,"0.000513103","FengQ_2015",0.00120548820950093,0.0122959797369095,"Nodiff","PWY.6151..S.adenosyl.L.methionine.cycle.I"
"Pathway285",0.000943690028889991,0.000674787065573771,"0.000679839",0.000559021913043478,"0.0005629065","FengQ_2015",0.000943690028889991,0.0111143277430045,"Nodiff","PWY.6163..chorismate.biosynthesis.from.3.dehydroquinate"
"Pathway286",0.000909069722353975,1.38812145901639e-06,"0",4.18398682608696e-06,"7.3308e-08","FengQ_2015",0.000909069722353975,0.0111143277430045,"Nodiff","PWY.6165..chorismate.biosynthesis.II..archaea."
"Pathway287",0.0291884442053579,8.1958691147541e-06,"0",2.20155504782609e-05,"0","FengQ_2015",0.0291884442053579,0.0764588495360045,"Nodiff","PWY.6167..flavin.biosynthesis.II..archaea."
"Pathway289",0.00613914881745727,1.79699940983607e-06,"0",3.29768619565217e-06,"5.379835e-07","FengQ_2015",0.00613914881745727,0.0332072140580643,"Nodiff","PWY.6174..mevalonate.pathway.II..archaea."
"Pathway29",0.0236841458613827,4.28242281967213e-05,"2.29828e-05",6.54479493478261e-05,"4.54142e-05","FengQ_2015",0.0236841458613827,0.0673185492017363,"Nodiff","COLANSYN.PWY..colanic.acid.building.blocks.biosynthesis"
"Pathway292",0.000178759230470943,0.000348189306557377,"0.000333114",0.000252434867391304,"0.0002367595","FengQ_2015",0.000178759230470943,0.00638907721622814,"Ctl","PWY.621..sucrose.degradation.III..sucrose.invertase."
"Pathway293",0.676346304707647,2.38699885245902e-07,"0",1.67938604347826e-07,"0","FengQ_2015",0.676346304707647,0.796883269903069,"Nodiff","PWY.6215..4.chlorobenzoate.degradation"
"Pathway294",0.757663933103745,7.95250147540984e-07,"0",2.25907739130435e-07,"0","FengQ_2015",0.757663933103745,0.852699038783305,"Nodiff","PWY.622..starch.biosynthesis"
"Pathway295",0.0015163605851969,5.18953893442623e-06,"1.65481e-06",1.12123256086957e-05,"4.183685e-06","FengQ_2015",0.0015163605851969,0.0142458086556656,"Nodiff","PWY.6263..superpathway.of.menaquinol.8.biosynthesis.II"
"Pathway296",0.110181370159688,2.70005070491803e-06,"0",8.24310117391304e-06,"0","FengQ_2015",0.110181370159688,0.197544841347947,"Nodiff","PWY.6269..adenosylcobalamin.salvage.from.cobinamide.II"
"Pathway297",0.823232171935174,0.000164568617540984,"0.000150993",0.00017031847826087,"0.0001457415","FengQ_2015",0.823232171935174,0.877295180241364,"Nodiff","PWY.6270..isoprene.biosynthesis.I"
"Pathway298",0.0301720351857624,0.000646878950819672,"0.00064498",0.000581280108695652,"0.0005978105","FengQ_2015",0.0301720351857624,0.0764588495360045,"Nodiff","PWY.6277..superpathway.of.5.aminoimidazole.ribonucleotide.biosynthesis"
"Pathway30",0.00156653868326116,0.000674283639344262,"0.000689733",0.000559334586956522,"0.000543759","FengQ_2015",0.00156653868326116,0.0143398541006214,"Nodiff","COMPLETE.ARO.PWY..superpathway.of.aromatic.amino.acid.biosynthesis"
"Pathway301",0.003528660643652,3.10667419672131e-05,"1.27376e-05",6.26508665217391e-05,"4.03442e-05","FengQ_2015",0.003528660643652,0.0233907727877256,"Nodiff","PWY.6285..superpathway.of.fatty.acids.biosynthesis..E..coli."
"Pathway303",0.663004540404067,3.43058416393443e-07,"0",8.20562826086956e-08,"0","FengQ_2015",0.663004540404067,0.786354222339707,"Nodiff","PWY.6307..L.tryptophan.degradation.X..mammalian..via.tryptamine."
"Pathway304",0.192904648241863,2.26353934426229e-08,"0",6.7765e-09,"0","FengQ_2015",0.192904648241863,0.310584171045341,"Nodiff","PWY.6309..L.tryptophan.degradation.XI..mammalian..via.kynurenine."
"Pathway305",0.663004540404067,2.85112252459016e-07,"0",9.51014782608696e-08,"0","FengQ_2015",0.663004540404067,0.786354222339707,"Nodiff","PWY.6313..serotonin.degradation"
"Pathway306",0.00013884807533929,0.000481256721311475,"0.000469307",0.000368058630434783,"0.000366909","FengQ_2015",0.00013884807533929,0.00638907721622814,"Ctl","PWY.6317..galactose.degradation.I..Leloir.pathway."
"Pathway307",0.377604520874358,1.71576942786885e-05,"7.47172e-07",2.53949518413043e-05,"1.52767e-06","FengQ_2015",0.377604520874358,0.506785014857691,"Nodiff","PWY.6318..L.phenylalanine.degradation.IV..mammalian..via.side.chain."
"Pathway309",0.796037025374034,8.88703278688525e-09,"0",4.01549130434783e-09,"0","FengQ_2015",0.796037025374034,0.871733797725552,"Nodiff","PWY.6351..D.myo.inositol..1.4.5..trisphosphate.biosynthesis"
"Pathway31",0.892305700025049,2.77001249180328e-05,"2.28911e-05",2.49594532608696e-05,"2.469045e-05","FengQ_2015",0.892305700025049,0.931440500889916,"Nodiff","CRNFORCAT.PWY..creatinine.degradation.I"
"Pathway311",0.00255007866262077,0.000659364245901639,"0.000655208",0.000565436130434783,"0.0005788075","FengQ_2015",0.00255007866262077,0.018966210053242,"Nodiff","PWY.6385..peptidoglycan.biosynthesis.III..mycobacteria."
"Pathway312",0.000187939641072151,0.000715345081967213,"0.000700462",0.000589144456521739,"0.0005935415","FengQ_2015",0.000187939641072151,0.00638907721622814,"Ctl","PWY.6386..UDP.N.acetylmuramoyl.pentapeptide.biosynthesis.II..lysine.containing."
"Pathway313",0.000570560019351321,0.000709901114754098,"0.00068994",0.000598662826086957,"0.0006064625","FengQ_2015",0.000570560019351321,0.0108918838904929,"Nodiff","PWY.6387..UDP.N.acetylmuramoyl.pentapeptide.biosynthesis.I..meso.diaminopimelate.containing."
"Pathway314",0.00391003285816612,1.72572097540984e-05,"6.1112e-06",9.8980828826087e-06,"2.06512e-06","FengQ_2015",0.00391003285816612,0.0240777340967021,"Nodiff","PWY.6396..superpathway.of.2.3.butanediol.biosynthesis"
"Pathway315",0.840562690057685,8.33496721311475e-09,"0",4.377e-08,"0","FengQ_2015",0.840562690057685,0.89309785818629,"Nodiff","PWY.6415..L.ascorbate.biosynthesis.V"
"Pathway316",0.0785510409294231,4.38960750819672e-06,"2.48807e-06",8.73132441304348e-06,"3.95376e-06","FengQ_2015",0.0785510409294231,0.152406095716326,"Nodiff","PWY.6435..4.hydroxybenzoate.biosynthesis.V"
"Pathway319",0.20256932384922,0.000110874986065574,"6.61393e-05",7.95763284782609e-05,"6.35532e-05","FengQ_2015",0.20256932384922,0.317180914974437,"Nodiff","PWY.6471..peptidoglycan.biosynthesis.IV..Enterococcus.faecium."
"Pathway32",0.261334950876713,0.000227922446508197,"0.000184702",0.000182396767391304,"0.000154043","FengQ_2015",0.261334950876713,0.374685050052155,"Nodiff","DAPLYSINESYN.PWY..L.lysine.biosynthesis.I"
"Pathway321",0.997390712392781,1.59518702786885e-05,"3.55688e-07",7.45936846956522e-06,"5.08607e-07","FengQ_2015",0.997390712392781,1,"Nodiff","PWY.6518..glycocholate.metabolism..bacteria."
"Pathway323",0.583773666281587,1.20603440983607e-07,"0",8.85720804347826e-08,"0","FengQ_2015",0.583773666281587,0.706465080889921,"Nodiff","PWY.6524..lychnose.and.isolychnose.biosynthesis"
"Pathway324",0.000183295409834411,0.000344867219672131,"0.000345327",0.00027696702173913,"0.0002885175","FengQ_2015",0.000183295409834411,0.00638907721622814,"Ctl","PWY.6527..stachyose.degradation"
"Pathway325",0.195347568139207,4.67493370655738e-06,"2.08921e-06",7.13909786956522e-06,"3.251495e-06","FengQ_2015",0.195347568139207,0.312731308635412,"Nodiff","PWY.6531..mannitol.cycle"
"Pathway327",0.404382687341293,2.18279837868852e-05,"1.28304e-05",1.48579455217391e-05,"9.545725e-06","FengQ_2015",0.404382687341293,0.513753093881999,"Nodiff","PWY.6549..L.glutamine.biosynthesis.III"
"Pathway329",0.303549491111336,7.3230548852459e-05,"5.61758e-05",5.0256467826087e-05,"4.561395e-05","FengQ_2015",0.303549491111336,0.417331806882964,"Nodiff","PWY.6588..pyruvate.fermentation.to.acetone"
"Pathway331",0.77945925611791,6.72497981967213e-05,"4.93642e-05",7.89614095652174e-05,"4.73812e-05","FengQ_2015",0.77945925611791,0.85822749452859,"Nodiff","PWY.6595..superpathway.of.guanosine.nucleotides.degradation..plants."
"Pathway332",0.0178071209372976,1.76867363934426e-05,"7.49971e-07",3.72337814565217e-05,"3.136065e-06","FengQ_2015",0.0178071209372976,0.0557644050404846,"Nodiff","PWY.6596..adenosine.nucleotides.degradation.I"
"Pathway333",0.222292708513491,4.93854098360656e-09,"0",0,"0","FengQ_2015",0.222292708513491,0.334845978646904,"Nodiff","PWY.6598..sciadonate.biosynthesis"
"Pathway334",0.0232983046351707,7.81913360655738e-05,"6.39784e-05",0.000107045789130435,"8.02952e-05","FengQ_2015",0.0232983046351707,0.0673185492017363,"Nodiff","PWY.6606..guanosine.nucleotides.degradation.II"
"Pathway336",0.216269226858435,0.000508217114754098,"0.000516623",0.000480307543478261,"0.0004673805","FengQ_2015",0.216269226858435,0.334234259690309,"Nodiff","PWY.6609..adenine.and.adenosine.salvage.III"
"Pathway338",0.161477707427674,0.000255736272131148,"0.000228235",0.000218600052173913,"0.0002134495","FengQ_2015",0.161477707427674,0.273211097401325,"Nodiff","PWY.6628..superpathway.of.L.phenylalanine.biosynthesis"
"Pathway339",0.00802355565743842,2.34169964918033e-05,"6.70366e-07",4.35578961956522e-05,"4.478e-06","FengQ_2015",0.00802355565743842,0.0361184461037407,"Nodiff","PWY.6629..superpathway.of.L.tryptophan.biosynthesis"
"Pathway340",0.407865170774499,6.14690337704918e-05,"2.06485e-05",7.49213989130435e-05,"2.551235e-05","FengQ_2015",0.407865170774499,0.516339950235802,"Nodiff","PWY.6630..superpathway.of.L.tyrosine.biosynthesis"
"Pathway344",0.00313065553538137,8.02707847540984e-06,"0",1.50017274826087e-05,"1.050878e-06","FengQ_2015",0.00313065553538137,0.0214931543486759,"Nodiff","PWY.6690..cinnamate.and.3.hydroxycinnamate.degradation.to.2.oxopent.4.enoate"
"Pathway345",0.774360383316367,2.62677737704918e-07,"0",1.69239574130435e-06,"0","FengQ_2015",0.774360383316367,0.85822749452859,"Nodiff","PWY.6692..Fe.II..oxidation"
"Pathway346",0.00829611367088721,0.000302689606557377,"0.000267083",0.000345263152173913,"0.0003084425","FengQ_2015",0.00829611367088721,0.0361184461037407,"Nodiff","PWY.6700..queuosine.biosynthesis"
"Pathway348",0.0315208625505141,1.09527546393443e-05,"1.26743e-06",2.60855095217391e-05,"3.30021e-06","FengQ_2015",0.0315208625505141,0.0786919435701646,"Nodiff","PWY.6708..ubiquinol.8.biosynthesis..prokaryotic."
"Pathway349",0.0503411223202745,1.24508304754098e-05,"7.21225e-07",1.68462980217391e-05,"2.701635e-06","FengQ_2015",0.0503411223202745,0.108919882838412,"Nodiff","PWY.6731..starch.degradation.III"
"Pathway350",0.00070249782115406,0.000781981016393443,"0.000769705",0.000636585586956522,"0.000639003","FengQ_2015",0.00070249782115406,0.0109039879196521,"Nodiff","PWY.6737..starch.degradation.V"
"Pathway352",0.171768896464248,1.67467278688525e-07,"0",2.63478043478261e-07,"0","FengQ_2015",0.171768896464248,0.280006831222541,"Nodiff","PWY.6785..hydrogen.production.VIII"
"Pathway354",0.00809800572720874,8.51087370327869e-06,"2.88753e-07",1.98591789347826e-05,"1.565535e-06","FengQ_2015",0.00809800572720874,0.0361184461037407,"Nodiff","PWY.6823..molybdenum.cofactor.biosynthesis"
"Pathway355",0.395597366997888,3.98731147540984e-09,"0",0,"0","FengQ_2015",0.395597366997888,0.50801532380664,"Nodiff","PWY.6829..tRNA.methylation..yeast."
"Pathway357",0.20256932384922,4.1550302295082e-05,"2.7691e-05",5.99172373913044e-05,"3.834405e-05","FengQ_2015",0.20256932384922,0.317180914974437,"Nodiff","PWY.6859..all.trans.farnesol.biosynthesis"
"Pathway358",0.17084032202735,2.69873344262295e-07,"0",1.44150804347826e-07,"0","FengQ_2015",0.17084032202735,0.280006831222541,"Nodiff","PWY.6876..isopropanol.biosynthesis"
"Pathway359",0.818338110758067,6.93646306065574e-05,"4.17479e-05",6.70149116956522e-05,"3.202125e-05","FengQ_2015",0.818338110758067,0.874974953585808,"Nodiff","PWY.6891..thiazole.biosynthesis.II..Bacillus."
"Pathway36",0.0875510729041097,0.000543563229508197,"0.000536435",0.000500094,"0.000488808","FengQ_2015",0.0875510729041097,0.165374248818874,"Nodiff","DTDPRHAMSYN.PWY..dTDP.L.rhamnose.biosynthesis.I"
"Pathway360",0.803700813160094,8.83443306557377e-05,"5.88948e-05",9.26329682608696e-05,"6.002575e-05","FengQ_2015",0.803700813160094,0.872742779404546,"Nodiff","PWY.6892..thiazole.biosynthesis.I..E..coli."
"Pathway361",0.0160862875322702,6.80389031147541e-05,"6.2897e-05",0.000103154863043478,"9.281815e-05","FengQ_2015",0.0160862875322702,0.0541352132423112,"Nodiff","PWY.6895..superpathway.of.thiamin.diphosphate.biosynthesis.II"
"Pathway364",0.0529908081580817,0.000371481524590164,"0.000372283",0.000322960847826087,"0.0003017805","FengQ_2015",0.0529908081580817,0.111939162795474,"Nodiff","PWY.6936..seleno.amino.acid.biosynthesis"
"Pathway365",0.395597366997888,4.72539344262295e-09,"0",0,"0","FengQ_2015",0.395597366997888,0.50801532380664,"Nodiff","PWY.6948..sitosterol.degradation.to.androstenedione"
"Pathway367",1,4.01518196721311e-08,"0",2.19681217391304e-07,"0","FengQ_2015",1,1,"Nodiff","PWY.6981..chitin.biosynthesis"
"Pathway369",0.168280112063814,1.6951858852459e-06,"4.71256e-07",4.42652217391304e-06,"7.946135e-07","FengQ_2015",0.168280112063814,0.279556307641477,"Nodiff","PWY.7007..methyl.ketone.biosynthesis"
"Pathway370",0.0637093372049425,1.7715703147541e-05,"4.42141e-07",2.13588757173913e-05,"1.56093e-06","FengQ_2015",0.0637093372049425,0.128498493684545,"Nodiff","PWY.7013..L.1.2.propanediol.degradation"
"Pathway372",0.395597366997888,2.13477049180328e-09,"0",0,"0","FengQ_2015",0.395597366997888,0.50801532380664,"Nodiff","PWY.7036..very.long.chain.fatty.acid.biosynthesis.II"
"Pathway373",0.168759853201829,2.91199802786885e-06,"0",2.99632563043478e-06,"0","FengQ_2015",0.168759853201829,0.279556307641477,"Nodiff","PWY.7039..phosphatidate.metabolism..as.a.signaling.molecule"
"Pathway375",0.395597366997888,2.61460655737705e-09,"0",0,"0","FengQ_2015",0.395597366997888,0.50801532380664,"Nodiff","PWY.7053..docosahexaenoate.biosynthesis.I..lower.eukaryotes."
"Pathway377",0.0837621009842837,6.54911475409836e-09,"0",2.82257239130435e-06,"0","FengQ_2015",0.0837621009842837,0.159909465515451,"Nodiff","PWY.7094..fatty.acid.salvage"
"Pathway378",0.000240874000609552,0.000976155180327869,"0.000965748",0.000784391456521739,"0.00075564","FengQ_2015",0.000240874000609552,0.00638907721622814,"Ctl","PWY.7111..pyruvate.fermentation.to.isobutanol..engineered."
"Pathway379",0.0846725339531837,4.71760705901639e-05,"3.14817e-05",3.68301304347826e-05,"2.10399e-05","FengQ_2015",0.0846725339531837,0.160787737347269,"Nodiff","PWY.7115..C4.photosynthetic.carbon.assimilation.cycle..NAD.ME.type"
"Pathway380",0.16914331218644,9.64813516393443e-05,"7.61597e-05",7.24766575e-05,"6.217515e-05","FengQ_2015",0.16914331218644,0.279556307641477,"Nodiff","PWY.7117..C4.photosynthetic.carbon.assimilation.cycle..PEPCK.type"
"Pathway381",0.0569249449044618,2.30625103278689e-06,"0",1.38790491521739e-06,"3.629765e-08","FengQ_2015",0.0569249449044618,0.118152356574959,"Nodiff","PWY.7118..chitin.degradation.to.ethanol"
"Pathway386",0.00829611367088721,9.98608016393443e-05,"9.37047e-05",0.000132024589130435,"0.00012629","FengQ_2015",0.00829611367088721,0.0361184461037407,"Nodiff","PWY.7197..pyrimidine.deoxyribonucleotide.phosphorylation"
"Pathway387",0.675608241125166,4.66617428016393e-05,"3.7188e-05",5.72462791304348e-05,"3.170685e-05","FengQ_2015",0.675608241125166,0.796883269903069,"Nodiff","PWY.7198..pyrimidine.deoxyribonucleotides.de.novo.biosynthesis.IV"
"Pathway39",0.222292708513491,6.61716393442623e-09,"0",0,"0","FengQ_2015",0.222292708513491,0.334845978646904,"Nodiff","ERGOSTEROL.SYN.PWY..superpathway.of.ergosterol.biosynthesis.I"
"Pathway391",0.102479997760545,0.000336745327868852,"0.000308828",0.000290554913043478,"0.0002741135","FengQ_2015",0.102479997760545,0.191546383248767,"Nodiff","PWY.7208..superpathway.of.pyrimidine.nucleobases.salvage"
"Pathway392",0.250797297419076,4.77363210327869e-05,"2.9379e-05",3.9953959326087e-05,"2.69701e-05","FengQ_2015",0.250797297419076,0.368455288800865,"Nodiff","PWY.7209..superpathway.of.pyrimidine.ribonucleosides.degradation"
"Pathway393",0.543688943570258,5.41168086229508e-05,"4.47355e-05",6.39842741304348e-05,"3.85971e-05","FengQ_2015",0.543688943570258,0.667435415430557,"Nodiff","PWY.7210..pyrimidine.deoxyribonucleotides.biosynthesis.from.CTP"
"Pathway395",0.809181680624383,1.32051147540984e-07,"0",4.8042347826087e-07,"0","FengQ_2015",0.809181680624383,0.872742779404546,"Nodiff","PWY.7218..photosynthetic.3.hydroxybutanoate.biosynthesis..engineered."
"Pathway396",0.00206813582209256,0.000965016819672131,"0.000977296",0.000837420369565217,"0.0008768925","FengQ_2015",0.00206813582209256,0.0171703369415592,"Nodiff","PWY.7219..adenosine.ribonucleotides.de.novo.biosynthesis"
"Pathway398",0.0117283481193102,0.000672787868852459,"0.000661335",0.000613428065217391,"0.0006179275","FengQ_2015",0.0117283481193102,0.0455110899847146,"Nodiff","PWY.7221..guanosine.ribonucleotides.de.novo.biosynthesis"
"Pathway40",0.145183601573994,5.51485391803279e-05,"4.6232e-05",7.41531413043478e-05,"5.11119e-05","FengQ_2015",0.145183601573994,0.247993041923042,"Nodiff","FAO.PWY..fatty.acid..beta..oxidation.I"
"Pathway400",0.395597366997888,6.80101639344262e-09,"0",0,"0","FengQ_2015",0.395597366997888,0.50801532380664,"Nodiff","PWY.7224..purine.deoxyribonucleosides.salvage"
"Pathway402",0.0529908081580817,0.000417323475409836,"0.000411974",0.00038499897826087,"0.000362971","FengQ_2015",0.0529908081580817,0.111939162795474,"Nodiff","PWY.7229..superpathway.of.adenosine.nucleotides.de.novo.biosynthesis.I"
"Pathway405",0.03654083070378,2.05867262295082e-07,"0",2.47170786956522e-07,"0","FengQ_2015",0.03654083070378,0.0820445066745249,"Nodiff","PWY.7235..superpathway.of.ubiquinol.6.biosynthesis..eukaryotic."
"Pathway407",0.00391178873279754,0.000576708573770492,"0.000579715",0.000488119347826087,"0.000469934","FengQ_2015",0.00391178873279754,0.0240777340967021,"Nodiff","PWY.724..superpathway.of.L.lysine..L.threonine.and.L.methionine.biosynthesis.II"
"Pathway409",0.913109298715768,1.30358791803279e-06,"0",4.18699782608696e-07,"0","FengQ_2015",0.913109298715768,0.942138785091125,"Nodiff","PWY.7245..superpathway.NAD.NADP...NADH.NADPH.interconversion..yeast."
"Pathway410",0.0511454023269842,2.53002618032787e-05,"2.19171e-06",4.6173134673913e-05,"6.507255e-06","FengQ_2015",0.0511454023269842,0.109993425486346,"Nodiff","PWY.7254..TCA.cycle.VII..acetate.producers."
"Pathway411",0.894913422423645,1.42976340983607e-06,"0",3.1944397826087e-07,"0","FengQ_2015",0.894913422423645,0.931440500889916,"Nodiff","PWY.7268..NAD.NADP.NADH.NADPH.cytosolic.interconversion..yeast."
"Pathway414",0.360779908860099,2.29502295081967e-06,"0",6.59496410217391e-06,"8.918235e-08","FengQ_2015",0.360779908860099,0.486031801747379,"Nodiff","PWY.7279..aerobic.respiration.II..cytochrome.c...yeast."
"Pathway416",0.781299539836952,5.67114754098361e-09,"0",4.76910956521739e-08,"0","FengQ_2015",0.781299539836952,0.85822749452859,"Nodiff","PWY.7283..wybutosine.biosynthesis"
"Pathway417",0.00561408925523266,4.92555822622951e-06,"0",1.47377769413043e-05,"1.94881e-07","FengQ_2015",0.00561408925523266,0.0313160916268447,"Nodiff","PWY.7286..7..3.amino.3.carboxypropyl..wyosine.biosynthesis"
"Pathway418",0.198007203907966,2.49682637704918e-07,"0",4.36931954347826e-07,"0","FengQ_2015",0.198007203907966,0.315573981228321,"Nodiff","PWY.7288..fatty.acid..beta..oxidation..peroxisome..yeast."
"Pathway421",0.11378880512989,2.09131720491803e-05,"1.29744e-06",3.69480648695652e-05,"3.43761e-06","FengQ_2015",0.11378880512989,0.202102504633685,"Nodiff","PWY.7315..dTDP.N.acetylthomosamine.biosynthesis"
"Pathway422",0.0340238489206613,1.23631109016393e-05,"4.4804e-07",2.53031615434783e-05,"1.734385e-06","FengQ_2015",0.0340238489206613,0.080540909448752,"Nodiff","PWY.7316..dTDP.N.acetylviosamine.biosynthesis"
"Pathway423",0.0204032440283363,3.07672279508197e-05,"1.49755e-05",4.85377543478261e-05,"3.15258e-05","FengQ_2015",0.0204032440283363,0.0612097320850089,"Nodiff","PWY.7323..superpathway.of.GDP.mannose.derived.O.antigen.building.blocks.biosynthesis"
"Pathway424",0.390112950859067,1.83753118688525e-05,"5.38499e-06",2.26988376521739e-05,"5.323575e-06","FengQ_2015",0.390112950859067,0.50801532380664,"Nodiff","PWY.7328..superpathway.of.UDP.glucose.derived.O.antigen.building.blocks.biosynthesis"
"Pathway425",0.579514333869149,9.37238306557377e-06,"0",9.69259426086957e-06,"4.021765e-07","FengQ_2015",0.579514333869149,0.703695976841109,"Nodiff","PWY.7345..superpathway.of.anaerobic.sucrose.degradation"
"Pathway426",0.00495912631139796,0.000572188147540984,"0.000583939",0.000471647347826087,"0.000464574","FengQ_2015",0.00495912631139796,0.0290230834945749,"Nodiff","PWY.7357..thiamin.formation.from.pyrithiamine.and.oxythiamine..yeast."
"Pathway427",0.000807791690672134,1.45645791803279e-06,"0",3.60278120652174e-06,"7.337645e-07","FengQ_2015",0.000807791690672134,0.0111143277430045,"Nodiff","PWY.7371..1.4.dihydroxy.6.naphthoate.biosynthesis.II"
"Pathway428",0.222292708513491,1.81472459016393e-08,"0",0,"0","FengQ_2015",0.222292708513491,0.334845978646904,"Nodiff","PWY.7373..superpathway.of.demethylmenaquinol.6.biosynthesis.II"
"Pathway429",0.432840455934659,1.30676803278689e-07,"0",2.13117152173913e-07,"0","FengQ_2015",0.432840455934659,0.543506799942862,"Nodiff","PWY.7374..1.4.dihydroxy.6.naphthoate.biosynthesis.I"
"Pathway43",0.929799114536209,0.00011606068147541,"0.000115087",0.00011051628,"9.98382e-05","FengQ_2015",0.929799114536209,0.953845643360421,"Nodiff","FERMENTATION.PWY..mixed.acid.fermentation"
"Pathway430",0.44829136438717,9.02134106557377e-05,"9.10809e-05",0.00010737693776087,"9.76565e-05","FengQ_2015",0.44829136438717,0.557161196407757,"Nodiff","PWY.7383..anaerobic.energy.metabolism..invertebrates..cytosol."
"Pathway431",0.00487659343006927,5.3994002295082e-06,"8.68134e-07",1.34931532391304e-05,"4.050325e-06","FengQ_2015",0.00487659343006927,0.0290230834945749,"Nodiff","PWY.7384..anaerobic.energy.metabolism..invertebrates..mitochondrial."
"Pathway432",0.544043994090454,5.63026503278689e-06,"0",8.80468441304348e-06,"0","FengQ_2015",0.544043994090454,0.667435415430557,"Nodiff","PWY.7385..1.3.propanediol.biosynthesis..engineered."
"Pathway434",0.00885265929806948,7.45384581967213e-06,"1.46556e-06",1.34420709782609e-05,"5.337375e-06","FengQ_2015",0.00885265929806948,0.0371811690518918,"Nodiff","PWY.7389..superpathway.of.anaerobic.energy.metabolism..invertebrates."
"Pathway435",0.0109118414057795,1.58627623114754e-05,"6.98165e-06",9.90218426086957e-06,"2.628985e-06","FengQ_2015",0.0109118414057795,0.04414349294894,"Nodiff","PWY.7391..isoprene.biosynthesis.II..engineered."
"Pathway437",0.129316544874352,9.75356803278689e-07,"0",8.71445260869565e-07,"0","FengQ_2015",0.129316544874352,0.227418751330757,"Nodiff","PWY.7399..methylphosphonate.degradation.II"
"Pathway438",0.00353810008553833,0.000481371967213115,"0.000475697",0.000404745434782609,"0.00038433","FengQ_2015",0.00353810008553833,0.0233907727877256,"Nodiff","PWY.7400..L.arginine.biosynthesis.IV..archaebacteria."
"Pathway439",0.0300204709882469,1.17038115901639e-05,"2.85054e-07",2.50685145434783e-05,"1.67418e-06","FengQ_2015",0.0300204709882469,0.0764588495360045,"Nodiff","PWY.7409..phospholipid.remodeling..phosphatidylethanolamine..yeast."
"Pathway440",0.766712581090871,4.18480655737705e-08,"0",1.41846956521739e-07,"0","FengQ_2015",0.766712581090871,0.852699038783305,"Nodiff","PWY.7411..superpathway.of.phosphatidate.biosynthesis..yeast."
"Pathway441",0.293901047171939,1.92681114754098e-08,"0",8.03758695652174e-09,"0","FengQ_2015",0.293901047171939,0.409854194688993,"Nodiff","PWY.7420..monoacylglycerol.metabolism..yeast."
"Pathway442",0.303939131063223,8.56695524590164e-08,"0",2.44560217391304e-08,"0","FengQ_2015",0.303939131063223,0.417331806882964,"Nodiff","PWY.7431..aromatic.biogenic.amine.degradation..bacteria."
"Pathway443",0.024937259220497,8.77842129508197e-06,"2.17889e-07",2.20103946956522e-05,"1.35821e-06","FengQ_2015",0.024937259220497,0.0684815503209033,"Nodiff","PWY.7446..sulfoglycolysis"
"Pathway444",0.107794124033067,4.86013050819672e-06,"0",8.07493058695652e-06,"1.29928e-06","FengQ_2015",0.107794124033067,0.195342651166522,"Nodiff","PWY.7456..mannan.degradation"
"Pathway445",0.10463176917841,0,"0",3.35528913043478e-08,"0","FengQ_2015",0.10463176917841,0.192526781710623,"Nodiff","PWY.7527..L.methionine.salvage.cycle.III"
"Pathway448",0.741349956934042,3.66089672131148e-09,"0",2.42102173913043e-09,"0","FengQ_2015",0.741349956934042,0.852339068388804,"Nodiff","PWY.7546..diphthamide.biosynthesis..eukaryotes."
"Pathway449",0.163370076198113,0.000277896655737705,"0.000254564",0.000239892645652174,"0.0002299195","FengQ_2015",0.163370076198113,0.275109043409086,"Nodiff","PWY.7560..methylerythritol.phosphate.pathway.II"
"Pathway45",0.00669972436145764,3.64241318852459e-05,"1.41444e-05",6.56027964565217e-05,"2.973775e-05","FengQ_2015",0.00669972436145764,0.0356024739960957,"Nodiff","FUC.RHAMCAT.PWY..superpathway.of.fucose.and.rhamnose.degradation"
"Pathway450",0.395597366997888,1.52729672131148e-09,"0",0,"0","FengQ_2015",0.395597366997888,0.50801532380664,"Nodiff","PWY.7592..arachidonate.biosynthesis.III..metazoa."
"Pathway453",0.222292708513491,7.95570491803279e-09,"0",0,"0","FengQ_2015",0.222292708513491,0.334845978646904,"Nodiff","PWY.7619..juniperonate.biosynthesis"
"Pathway455",0.000315106883218332,0.00017628231147541,"0.000136495",0.000284350826086957,"0.000272129","FengQ_2015",0.000315106883218332,0.0074995438205963,"CRC","PWY.7663..gondoate.biosynthesis..anaerobic."
"Pathway457",0.729269320701023,3.77554219672131e-05,"2.82357e-05",4.12564795652174e-05,"2.6751e-05","FengQ_2015",0.729269320701023,0.84804282570119,"Nodiff","PWY.821..superpathway.of.sulfur.amino.acid.biosynthesis..Saccharomyces.cerevisiae."
"Pathway459",0.0162254000474154,1.94969916065574e-05,"9.02416e-06",1.18058119347826e-05,"4.472105e-06","FengQ_2015",0.0162254000474154,0.0541352132423112,"Nodiff","PWY.922..mevalonate.pathway.I"
"Pathway46",0.0132802044041454,5.46667045901639e-05,"4.12852e-05",8.29207110869565e-05,"5.72532e-05","FengQ_2015",0.0132802044041454,0.048377887472244,"Nodiff","FUCCAT.PWY..fucose.degradation"
"Pathway461",0.00943047069153128,1.1235697047541e-05,"1.17025e-06",2.56323654130435e-05,"3.82167e-06","FengQ_2015",0.00943047069153128,0.0391474190334496,"Nodiff","PWY0.1241..ADP.L.glycero..beta..D.manno.heptose.biosynthesis"
"Pathway462",0.277665507016605,7.72668764590164e-05,"5.13227e-05",0.000104309183043478,"5.390845e-05","FengQ_2015",0.277665507016605,0.391862812585313,"Nodiff","PWY0.1261..anhydromuropeptides.recycling"
"Pathway463",0.00728005770788512,1.39385218196721e-05,"0",2.51375391086957e-05,"2.20131e-06","FengQ_2015",0.00728005770788512,0.0356024739960957,"Nodiff","PWY0.1277..3.phenylpropanoate.and.3..3.hydroxyphenyl.propanoate.degradation"
"Pathway464",0.00224992268663756,0.000458375032786885,"0.000463077",0.0003883745,"0.000386274","FengQ_2015",0.00224992268663756,0.0181971325230176,"Nodiff","PWY0.1296..purine.ribonucleosides.degradation"
"Pathway467",0.000640699052381938,0.000609240573770492,"0.000597754",0.000515848195652174,"0.000526355","FengQ_2015",0.000640699052381938,0.0108918838904929,"Nodiff","PWY0.1319..CDP.diacylglycerol.biosynthesis.II"
"Pathway468",0.0132106834465244,8.00033996885246e-06,"2.706e-07",1.71772720434783e-05,"1.059925e-06","FengQ_2015",0.0132106834465244,0.048377887472244,"Nodiff","PWY0.1338..polymyxin.resistance"
"Pathway469",0.0829414675927324,1.95368329344262e-05,"4.30541e-06",3.55342285217391e-05,"7.237455e-06","FengQ_2015",0.0829414675927324,0.159194107153793,"Nodiff","PWY0.1415..superpathway.of.heme.biosynthesis.from.uroporphyrinogen.III"
"Pathway470",0.271836359474123,3.97679947868852e-05,"2.81291e-05",2.84529858565217e-05,"1.433225e-05","FengQ_2015",0.271836359474123,0.386635778216183,"Nodiff","PWY0.1479..tRNA.processing"
"Pathway471",0.0161765852033169,1.11647271639344e-05,"3.25492e-07",2.41856763913043e-05,"1.74479e-06","FengQ_2015",0.0161765852033169,0.0541352132423112,"Nodiff","PWY0.1533..methylphosphonate.degradation.I"
"Pathway472",0.745883167914355,0.00037113008852459,"0.000336742",0.000370427613043478,"0.000279256","FengQ_2015",0.745883167914355,0.852339068388804,"Nodiff","PWY0.1586..peptidoglycan.maturation..meso.diaminopimelate.containing."
"Pathway475",0.0018102178093467,5.21077373114754e-06,"0",1.04335092021739e-05,"2.75605e-07","FengQ_2015",0.0018102178093467,0.0157621404374822,"Nodiff","PWY0.321..phenylacetate.degradation.I..aerobic."
"Pathway476",0.0153556449515777,4.96630690163934e-06,"1.9853e-07",1.08048347391304e-05,"1.010109e-06","FengQ_2015",0.0153556449515777,0.0537447573305219,"Nodiff","PWY0.41..allantoin.degradation.IV..anaerobic."
"Pathway477",0.0523811709097317,2.05737034754098e-06,"7.63919e-08",7.65623282608696e-06,"5.65451e-07","FengQ_2015",0.0523811709097317,0.111939162795474,"Nodiff","PWY0.42..2.methylcitrate.cycle.I"
"Pathway48",0.0346780889607858,1.24234913770492e-05,"1.09957e-06",2.42861097391304e-05,"2.206935e-06","FengQ_2015",0.0346780889607858,0.080540909448752,"Nodiff","GALACTARDEG.PWY..D.galactarate.degradation.I"
"Pathway481",1,2.63286885245902e-07,"0",5.35001586956522e-07,"0","FengQ_2015",1,1,"Nodiff","PWY0.881..superpathway.of.fatty.acid.biosynthesis.I..E..coli."
"Pathway482",0.0588636561040507,4.03563040983607e-07,"1.38479e-07",2.449902e-07,"0","FengQ_2015",0.0588636561040507,0.120771984075552,"Nodiff","PWY1F.823..leucopelargonidin.and.leucocyanidin.biosynthesis"
"Pathway483",0.619090058999112,2.17961475409836e-08,"0",1.25009130434783e-08,"0","FengQ_2015",0.619090058999112,0.744158757786811,"Nodiff","PWY1G.0..mycothiol.biosynthesis"
"Pathway485",0.257348456908861,0,"0",7.26430434782609e-09,"0","FengQ_2015",0.257348456908861,0.370457254501868,"Nodiff","PWY3O.1109..superpathway.of.4.hydroxybenzoate.biosynthesis..yeast."
"Pathway486",0.0537123128644138,3.04480852459016e-07,"0",1.16117358695652e-06,"0","FengQ_2015",0.0537123128644138,0.112671985408052,"Nodiff","PWY3O.19..ubiquinol.6.biosynthesis.from.4.hydroxybenzoate..eukaryotic."
"Pathway487",0.40236818769878,5.72915131147541e-07,"0",4.67451152173913e-07,"0","FengQ_2015",0.40236818769878,0.513019439315945,"Nodiff","PWY3O.355..stearate.biosynthesis.III..fungi."
"Pathway488",0.0299293509994904,1.48258203442623e-05,"7.98211e-06",8.73206913043478e-06,"5.85147e-06","FengQ_2015",0.0299293509994904,0.0764588495360045,"Nodiff","PWY490.3..nitrate.reduction.VI..assimilatory."
"Pathway491",0.912312847960906,9.81225268852459e-05,"8.77973e-05",9.98001173913043e-05,"8.94159e-05","FengQ_2015",0.912312847960906,0.942138785091125,"Nodiff","PWY4LZ.257..superpathway.of.fermentation..Chlamydomonas.reinhardtii."
"Pathway493",0.257348456908861,0,"0",7.14480434782609e-09,"0","FengQ_2015",0.257348456908861,0.370457254501868,"Nodiff","PWY66.373..sucrose.degradation.V..sucrose..alpha..glucosidase."
"Pathway494",0.964869321889468,9.46673770491803e-09,"0",1.01175434782609e-07,"0","FengQ_2015",0.964869321889468,0.980312964411286,"Nodiff","PWY66.375..leukotriene.biosynthesis"
"Pathway495",0.472758492187065,1.61162475409836e-08,"0",3.1979347826087e-09,"0","FengQ_2015",0.472758492187065,0.583995784466374,"Nodiff","PWY66.388..fatty.acid..alpha..oxidation.III"
"Pathway496",0.00706397322807441,4.09298783147541e-05,"2.62697e-06",7.75942134565217e-05,"9.83521e-06","FengQ_2015",0.00706397322807441,0.0356024739960957,"Nodiff","PWY66.389..phytol.degradation"
"Pathway497",0.193136375271893,4.84483131147541e-07,"0",8.42230434782609e-07,"0","FengQ_2015",0.193136375271893,0.310584171045341,"Nodiff","PWY66.391..fatty.acid..beta..oxidation.VI..peroxisome."
"Pathway498",0.134694554296077,5.5973162295082e-06,"3.7027e-06",6.89809873913043e-06,"6.44149e-06","FengQ_2015",0.134694554296077,0.234565638457071,"Nodiff","PWY66.398..TCA.cycle.III..animals."
"Pathway499",0.143454895541851,7.51053540983607e-05,"7.60265e-05",9.19237905217391e-05,"8.30269e-05","FengQ_2015",0.143454895541851,0.246218258213658,"Nodiff","PWY66.399..gluconeogenesis.III"
"Pathway5",0.0352822136051304,1.73201870491803e-05,"2.20637e-06",3.91545902173913e-05,"6.05728e-06","FengQ_2015",0.0352822136051304,0.080540909448752,"Nodiff","ALL.CHORISMATE.PWY..superpathway.of.chorismate.metabolism"
"Pathway502",2.38381746307923e-05,0.000542572,"0.000522622",0.000397665456521739,"0.0003908385","FengQ_2015",2.38381746307923e-05,0.00416694420127709,"Ctl","PWY66.422..D.galactose.degradation.V..Leloir.pathway."
"Pathway505",0.327822106747783,0.000392779147540984,"0.000375636",0.000367320413043478,"0.0003503185","FengQ_2015",0.327822106747783,0.446688901179231,"Nodiff","PYRIDNUCSYN.PWY..NAD.biosynthesis.I..from.aspartate."
"Pathway508",0.0659522831164902,1.72875421639344e-05,"3.22398e-06",2.49054708478261e-05,"8.64483e-06","FengQ_2015",0.0659522831164902,0.13153611772395,"Nodiff","REDCITCYC..TCA.cycle.VIII..helicobacter."
"Pathway511",0.247264429999095,8.70139306557377e-06,"4.32894e-06",5.82691202173913e-06,"2.943615e-06","FengQ_2015",0.247264429999095,0.364766121940814,"Nodiff","RUMP.PWY..formaldehyde.oxidation.I"
"Pathway513",9.43808416568054e-05,0.000530517295081967,"0.000533134",0.000422438456521739,"0.0004302675","FengQ_2015",9.43808416568054e-05,0.00638907721622814,"Ctl","SER.GLYSYN.PWY..superpathway.of.L.serine.and.glycine.biosynthesis.I"
"Pathway514",0.330942399118545,5.1792288852459e-05,"3.54253e-05",7.93838786956522e-05,"3.8436e-05","FengQ_2015",0.330942399118545,0.449225994240763,"Nodiff","SO4ASSIM.PWY..sulfate.reduction.I..assimilatory."
"Pathway515",0.741349956934042,1.03914098360656e-08,"0",4.38686956521739e-09,"0","FengQ_2015",0.741349956934042,0.852339068388804,"Nodiff","SPHINGOLIPID.SYN.PWY..sphingolipid.biosynthesis..yeast."
"Pathway517",0.019269424025418,2.90215654426229e-05,"2.47095e-06",5.76662686521739e-05,"9.94277e-06","FengQ_2015",0.019269424025418,0.0587964476673011,"Nodiff","TCA.GLYOX.BYPASS..superpathway.of.glyoxylate.bypass.and.TCA"
"Pathway519",0.21367107237894,4.21113549180328e-06,"1.81209e-06",2.91419956521739e-06,"1.072215e-06","FengQ_2015",0.21367107237894,0.331654664518616,"Nodiff","TEICHOICACID.PWY..teichoic.acid..poly.glycerol..biosynthesis"
"Pathway521",0.00277007160256477,0.000408384245901639,"0.000402243",0.000325124843478261,"0.0003281005","FengQ_2015",0.00277007160256477,0.0201819502472576,"Nodiff","THISYNARA.PWY..superpathway.of.thiamin.diphosphate.biosynthesis.III..eukaryotes."
"Pathway523",0.000484314207706119,0.000568101950819672,"0.000549389",0.000468993869565217,"0.000455488","FengQ_2015",0.000484314207706119,0.0101705983618285,"Nodiff","THRESYN.PWY..superpathway.of.L.threonine.biosynthesis"
"Pathway524",0.222292708513491,9.27118032786885e-09,"0",0,"0","FengQ_2015",0.222292708513491,0.334845978646904,"Nodiff","TRIGLSYN.PWY..diacylglycerol.and.triacylglycerol.biosynthesis"
"Pathway525",0.277706699115082,0.000410570021311475,"0.000432642",0.000387417056521739,"0.0003883755","FengQ_2015",0.277706699115082,0.391862812585313,"Nodiff","TRNA.CHARGING.PWY..tRNA.charging"
"Pathway526",0.0111286116678,1.49176713114754e-05,"9.49634e-07",3.1487132326087e-05,"3.935445e-06","FengQ_2015",0.0111286116678,0.04414349294894,"Nodiff","TRPSYN.PWY..L.tryptophan.biosynthesis"
"Pathway528",0.00827629362777648,1.10137337704918e-05,"9.35485e-07",2.55552615434783e-05,"2.608915e-06","FengQ_2015",0.00827629362777648,0.0361184461037407,"Nodiff","UBISYN.PWY..superpathway.of.ubiquinol.8.biosynthesis..prokaryotic."
"Pathway529",0.756198500871946,3.57095409836066e-08,"0",8.58492304347826e-08,"0","FengQ_2015",0.756198500871946,0.852699038783305,"Nodiff","UDPNACETYLGALSYN.PWY..UDP.N.acetyl.D.glucosamine.biosynthesis.II"
"Pathway53",0.0243585530271665,1.56086399344262e-05,"1.13603e-06",3.36657246086957e-05,"2.808565e-06","FengQ_2015",0.0243585530271665,0.0674108793077399,"Nodiff","GLUCARDEG.PWY..D.glucarate.degradation.I"
"Pathway531",0.90732413699349,0.67158237704918,"0.667222",0.66885202173913,"0.6776835","FengQ_2015",0.90732413699349,0.941612549147314,"Nodiff","UNINTEGRATED"
"Pathway532",0.952330569014389,0.266806180327869,"0.270159",0.272332776086956,"0.265508","FengQ_2015",0.952330569014389,0.974160496097813,"Nodiff","UNMAPPED"
"Pathway533",0.0174955445666913,4.99214530819672e-06,"2.96804e-07",1.17363869543478e-05,"1.612175e-06","FengQ_2015",0.0174955445666913,0.0557644050404846,"Nodiff","URDEGR.PWY..superpathway.of.allantoin.degradation.in.plants"
"Pathway534",0.808568435674889,2.1813668852459e-06,"0",7.85542782608696e-07,"0","FengQ_2015",0.808568435674889,0.872742779404546,"Nodiff","URSIN.PWY..ureide.biosynthesis"
"Pathway535",0.297494350102579,2.92473278688525e-08,"0",2.25419347826087e-08,"0","FengQ_2015",0.297494350102579,0.411896196498477,"Nodiff","VALDEG.PWY..L.valine.degradation.I"
"Pathway536",0.00239570092039728,0.000793113557377049,"0.000772067",0.000671937086956522,"0.0006747475","FengQ_2015",0.00239570092039728,0.0181971325230176,"Nodiff","VALSYN.PWY..L.valine.biosynthesis"
"Pathway54",0.0346780889607858,1.24234913770492e-05,"1.09957e-06",2.42861097391304e-05,"2.206935e-06","FengQ_2015",0.0346780889607858,0.080540909448752,"Nodiff","GLUCARGALACTSUPER.PWY..superpathway.of.D.glucarate.and.D.galactarate.degradation"
"Pathway55",0.0240755189420148,0.000111679418032787,"0.000101067",0.000153925210869565,"0.000141214","FengQ_2015",0.0240755189420148,0.0674108793077399,"Nodiff","GLUCONEO.PWY..gluconeogenesis.I"
"Pathway56",0.0242767447306515,3.43638210983607e-05,"4.96161e-06",6.93173204347826e-05,"1.054665e-05","FengQ_2015",0.0242767447306515,0.0674108793077399,"Nodiff","GLUCOSE1PMETAB.PWY..glucose.and.glucose.1.phosphate.degradation"
"Pathway58",0.0492455942275885,1.83039285901639e-05,"8.47019e-06",3.05151541304348e-05,"1.348345e-05","FengQ_2015",0.0492455942275885,0.10719925084908,"Nodiff","GLUDEG.I.PWY..GABA.shunt"
"Pathway6",0.0106398506474286,9.67912834426229e-06,"5.4582e-07",2.06593279782609e-05,"2.29149e-06","FengQ_2015",0.0106398506474286,0.0436600767946208,"Nodiff","ALLANTOINDEG.PWY..superpathway.of.allantoin.degradation.in.yeast"
"Pathway60",0.0301980330100186,1.49707676229508e-05,"1.42948e-06",2.28568883478261e-05,"3.999705e-06","FengQ_2015",0.0301980330100186,0.0764588495360045,"Nodiff","GLYCOCAT.PWY..glycogen.degradation.I..bacterial."
"Pathway61",2.19173731685443e-05,0.000431553727868852,"0.00040678",0.000320282304347826,"0.000322793","FengQ_2015",2.19173731685443e-05,0.00416694420127709,"Ctl","GLYCOGENSYNTH.PWY..glycogen.biosynthesis.I..from.ADP.D.Glucose."
"Pathway62",0.0385774197011624,2.43910485901639e-05,"1.72242e-06",4.96248358478261e-05,"5.649985e-06","FengQ_2015",0.0385774197011624,0.0860758677082186,"Nodiff","GLYCOL.GLYOXDEG.PWY..superpathway.of.glycol.metabolism.and.degradation"
"Pathway63",0.0132802044041454,6.83984578196721e-05,"4.16822e-05",9.86033304347826e-05,"6.922105e-05","FengQ_2015",0.0132802044041454,0.048377887472244,"Nodiff","GLYCOLYSIS.E.D..superpathway.of.glycolysis.and.Entner.Doudoroff"
"Pathway64",0.0156887946134383,3.63174390327869e-05,"4.78488e-06",6.59292569782609e-05,"1.529505e-05","FengQ_2015",0.0156887946134383,0.0541352132423112,"Nodiff","GLYCOLYSIS.TCA.GLYOX.BYPASS..superpathway.of.glycolysis..pyruvate.dehydrogenase..TCA..and.glyoxylate.bypass"
"Pathway66",0.0135685395106823,2.48128002262295e-05,"2.259e-06",4.83750829565217e-05,"8.39051e-06","FengQ_2015",0.0135685395106823,0.0489289758112483,"Nodiff","GLYOXYLATE.BYPASS..glyoxylate.cycle"
"Pathway67",0.110669378906413,6.91280981967213e-05,"5.82069e-05",6.15818760869565e-05,"4.040175e-05","FengQ_2015",0.110669378906413,0.197544841347947,"Nodiff","GOLPDLCAT.PWY..superpathway.of.glycerol.degradation.to.1.3.propanediol"
"Pathway68",0.00313065553538137,8.02707847540984e-06,"0",1.50017274826087e-05,"1.050878e-06","FengQ_2015",0.00313065553538137,0.0214931543486759,"Nodiff","HCAMHPDEG.PWY..3.phenylpropanoate.and.3..3.hydroxyphenyl.propanoate.degradation.to.2.oxopent.4.enoate"
"Pathway69",0.109269683887587,2.28454897540984e-05,"7.21221e-06",4.49180496521739e-05,"1.06974e-05","FengQ_2015",0.109269683887587,0.197016551251861,"Nodiff","HEME.BIOSYNTHESIS.II..heme.biosynthesis.I..aerobic."
"Pathway70",0.20256932384922,2.21952968852459e-05,"9.30598e-06",3.6248625826087e-05,"1.39809e-05","FengQ_2015",0.20256932384922,0.317180914974437,"Nodiff","HEMESYN2.PWY..heme.biosynthesis.II..anaerobic."
"Pathway71",0.0121544298411383,4.45453110819672e-05,"2.90623e-05",7.26272186956522e-05,"5.39365e-05","FengQ_2015",0.0121544298411383,0.0466573274546922,"Nodiff","HEXITOLDEGSUPER.PWY..superpathway.of.hexitol.degradation..bacteria."
"Pathway72",0.034218856675298,3.00596349016393e-05,"2.14627e-05",4.87378201086957e-05,"2.849975e-05","FengQ_2015",0.034218856675298,0.080540909448752,"Nodiff","HISDEG.PWY..L.histidine.degradation.I"
"Pathway73",0.000364137654139454,0.00037741576557377,"0.000371172",0.000285620282608696,"0.00026955","FengQ_2015",0.000364137654139454,0.00812482140798657,"Ctl","HISTSYN.PWY..L.histidine.biosynthesis"
"Pathway74",0.00294629523205828,0.000366599573770492,"0.000333028",0.000278414434782609,"0.000239106","FengQ_2015",0.00294629523205828,0.0210365479568961,"Nodiff","HOMOSER.METSYN.PWY..L.methionine.biosynthesis.I"
"Pathway77",0.00239570092039728,0.000793113557377049,"0.000772067",0.000671937086956522,"0.0006747475","FengQ_2015",0.00239570092039728,0.0181971325230176,"Nodiff","ILEUSYN.PWY..L.isoleucine.biosynthesis.I..from.threonine."
"Pathway78",0.0112944931584281,7.92383914754098e-06,"5.16911e-07",2.16163134130435e-05,"2.16016e-06","FengQ_2015",0.0112944931584281,0.0443091654676795,"Nodiff","KDO.NAGLIPASYN.PWY..superpathway.of..Kdo.2.lipid.A.biosynthesis"
"Pathway79",0.0339716872612196,2.48503862786885e-05,"2.55164e-06",4.90187379347826e-05,"8.240145e-06","FengQ_2015",0.0339716872612196,0.080540909448752,"Nodiff","KETOGLUCONMET.PWY..ketogluconate.metabolism"
"Pathway8",0.230623804364046,0.000496671295081967,"0.000498151",0.000467165543478261,"0.000475149","FengQ_2015",0.230623804364046,0.345935706546069,"Nodiff","ANAGLYCOLYSIS.PWY..glycolysis.III..from.glucose."
"Pathway82",0.973929098396308,2.82432803278689e-07,"0",8.83328913043478e-08,"0","FengQ_2015",0.973929098396308,0.98496512217417,"Nodiff","LIPASYN.PWY..phospholipases"
"Pathway83",0.0068085525734412,8.47667816393443e-06,"4.23586e-07",1.88061775e-05,"1.705685e-06","FengQ_2015",0.0068085525734412,0.0356024739960957,"Nodiff","LPSSYN.PWY..superpathway.of.lipopolysaccharide.biosynthesis"
"Pathway85",0.601048342938546,2.13645868852459e-08,"0",3.32372826086956e-08,"0","FengQ_2015",0.601048342938546,0.724913035233314,"Nodiff","LYSINE.DEG1.PWY..L.lysine.degradation.XI..mammalian."
"Pathway86",0.861589925299449,3.14086885245902e-09,"0",2.54645652173913e-09,"0","FengQ_2015",0.861589925299449,0.910022495064803,"Nodiff","MANNOSYL.CHITO.DOLICHOL.BIOSYNTHESIS..protein.N.glycosylation..eukaryotic..high.mannose."
"Pathway87",0.000640699052381938,0.000497769885245902,"0.000457993",0.00038802052173913,"0.0003598005","FengQ_2015",0.000640699052381938,0.0108918838904929,"Nodiff","MET.SAM.PWY..superpathway.of.S.adenosyl.L.methionine.biosynthesis"
"Pathway88",0.00128980157805739,7.58478198360656e-06,"0",2.51822513065217e-05,"3.70226e-07","FengQ_2015",0.00128980157805739,0.0127905323157358,"Nodiff","METHANOGENESIS.PWY..methanogenesis.from.H2.and.CO2"
"Pathway89",0.0650310040138711,1.4434341295082e-05,"5.14822e-06",2.93169838913043e-05,"6.40068e-06","FengQ_2015",0.0650310040138711,0.130427350746921,"Nodiff","METHGLYUT.PWY..superpathway.of.methylglyoxal.degradation"
"Pathway9",0.297672881503101,8.00173393442623e-05,"7.45512e-05",9.1993697826087e-05,"7.957965e-05","FengQ_2015",0.297672881503101,0.411896196498477,"Nodiff","ARG.POLYAMINE.SYN..superpathway.of.arginine.and.polyamine.biosynthesis"
"Pathway91",0.00103210011170352,0.000469241147540984,"0.000438141",0.00036827552173913,"0.0003371835","FengQ_2015",0.00103210011170352,0.0115143668711924,"Nodiff","METSYN.PWY..L.homoserine.and.L.methionine.biosynthesis"
"Pathway93",0.6415190867392,1.8254868852459e-08,"0",5.0508847826087e-08,"0","FengQ_2015",0.6415190867392,0.765960916273894,"Nodiff","NADSYN.PWY..NAD.biosynthesis.II..from.tryptophan."
"Pathway94",0.00390220005249113,1.37096133770492e-05,"1.61464e-06",2.87142122173913e-05,"5.504125e-06","FengQ_2015",0.00390220005249113,0.0240777340967021,"Nodiff","NAGLIPASYN.PWY..lipid.IVA.biosynthesis"
"Pathway95",0.00741670317317576,0.000610827475409836,"0.000616962",0.000528749565217391,"0.000535453","FengQ_2015",0.00741670317317576,0.0357805815246452,"Nodiff","NONMEVIPP.PWY..methylerythritol.phosphate.pathway.I"
"Pathway96",0.000218211106033267,0.000727073180327869,"0.000639639",0.00052515552173913,"0.0005054385","FengQ_2015",0.000218211106033267,0.00638907721622814,"Ctl","NONOXIPENT.PWY..pentose.phosphate.pathway..non.oxidative.branch."
"Pathway97",0.00070249782115406,0.000295844878688525,"0.000290873",0.000211576458695652,"0.000205659","FengQ_2015",0.00070249782115406,0.0109039879196521,"Nodiff","OANTIGEN.PWY..O.antigen.building.blocks.biosynthesis..E..coli."
"Pathway98",0.0438460389209675,1.36963733606557e-05,"7.40782e-07",2.2179702326087e-05,"2.331185e-06","FengQ_2015",0.0438460389209675,0.0966236783628728,"Nodiff","ORNARGDEG.PWY..superpathway.of.L.arginine.and.L.ornithine.degradation"
"Pathway99",0.203541059880693,1.35959072622951e-05,"2.08408e-06",2.2649065326087e-05,"2.483585e-06","FengQ_2015",0.203541059880693,0.317310735272521,"Nodiff","ORNDEG.PWY..superpathway.of.ornithine.degradation"
