"X1","X2","X3","X4","X5","X6","X7","X8","X9","X10","X11","X12","X13","X14","X15","X16","X17","X18","X19","X20","X21","X22","X23","X24","X25","X26","X27","X28","X29","X30","X31"
"CCMD10032470ST.11.0","CCMD28738636ST.11.0","MMPU29365221ST","CCMD49942357ST.11.0","CCMD35801800ST.11.0","CCMD18829815ST.11.0","MMPU68403337ST","CCMD98702133ST.11.0","CCMD75147712ST.11.0","0.0186018296381849","0.0366368231233461","0.0468054363442515","0.0471658991856005","0.0482586385186502","0.0487482836377535","0.0558400134813495","0.0585900673735948","CCMD95433940ST.21.0","CCMD26925580ST.21.0","CCMD86707194ST.21.0","CCMD18872694ST.21.0","CCMD50071957ST.21.0","CCMD93344354ST.21.0","CCMD52117727ST.11.0","0.00466569126410331","0.00642888664128439","0.0118465717583193","0.0133596424607105","0.0162511721202082","0.0176361290509127","0.0178762417252148"
"CCMD15562448ST.11.0","CCMD99440714ST.11.0","CCMD17410933ST.11.0","CCMD51154251ST.11.0","CCMD74592084ST.11.0","CCMD85481373ST.11.0","CCMD98198513ST.11.0","CCMD25475945ST.11.0","CCMD98702133ST.11.0","0.0044022497782092","0.00453566501413674","0.00837221786096037","0.00851723644410333","0.0107252611909515","0.0108664062184166","0.0113209924052727","0.0149274965770014","CCMD79987997ST.21.0","CCMD59583015ST.11.0","CCMD63399960ST.21.0","CCMD64503764ST.21.0","CCMD64776337ST.21.0","CCMD35802077ST.21.0","CCMD19168690ST.11.0","0.00348254969199652","0.0059255612946261","0.00841839925176028","0.0122876362884649","0.0142047050992405","0.0148959050126537","0.0195718479679354"
"CCMD17410933ST.11.0","CCMD99440714ST.11.0","CCMD15562448ST.11.0","CCMD98198513ST.11.0","CCMD74592084ST.11.0","CCMD85481373ST.11.0","CCMD51154251ST.11.0","CCMD98702133ST.11.0","CCMD25475945ST.11.0","0.00425983670982302","0.00453566501413674","0.00997493416236417","0.010395842628304","0.0111242821467839","0.0114005099829713","0.0118850738133733","0.0127961678165228","CCMD79987997ST.21.0","CCMD59583015ST.11.0","CCMD63399960ST.21.0","CCMD64503764ST.21.0","CCMD35802077ST.21.0","CCMD64776337ST.21.0","CCMD19168690ST.11.0","0.00422662363647485","0.00793592966110688","0.0082417846389618","0.00920477388598692","0.0134575232033082","0.0146352817779616","0.0163557693607759"
"CCMD18829815ST.11.0","CCMD49942357ST.11.0","CCMD35801800ST.11.0","CCMD98702133ST.11.0","CCMD75147712ST.11.0","MMPU68403337ST","CCMD17410933ST.11.0","MMPU29365221ST","CCMD15562448ST.11.0","0.00268766174689301","0.00296260460592724","0.00766085805291655","0.0128725523382956","0.0146849777617468","0.0192803633742113","0.0212484868530928","0.0218643237136473","CCMD65406197ST.11.0","CCMD19168690ST.11.0","CCMD35802077ST.21.0","CCMD64503764ST.21.0","CCMD64776337ST.21.0","CCMD72895164ST.21.0","CCMD63399960ST.21.0","0.00485529808294699","0.0054225359967804","0.00846595826281284","0.0106963647272808","0.014416726690478","0.0147432903508264","0.0148094482154459"
"CCMD23541216ST.11.0","CCMD31009081ST.11.0","CCMD66848156ST.11.0","CCMD53522274ST.11.0","CCMD51228890ST.11.0","CCMD27867141ST.11.0","CCMD46727384ST.11.0","CCMD76409700ST.11.0","CCMD18579000ST.11.0","0.0191822327071149","0.0201031222427827","0.0210361751697035","0.0248385099633305","0.0251790583657674","0.029846511517967","0.0301266409242728","0.0302414011517539","CCMD52145360ST.11.0","CCMD49461418ST.11.0","CCMD65222621ST.11.0","CCMD19497912ST.21.0","CCMD42428553ST.21.0","CCMD34381688ST.21.0","CCMD76222476ST.11.0","0.0134932159925025","0.0142230903400655","0.0176649856051216","0.0234014075147586","0.025780316424845","0.0274600264165365","0.0331770701394932"
"CCMD26625622ST.11.0","CCMD37575804ST.11.0","CCMD59540613ST.11.0","CCMD89107682ST.11.0","CCMD38158721ST.11.0","CCMD50300306ST.11.0","CCMD93755960ST.11.0","CCMD49025643ST.11.0","CCMD45812507ST.11.0","0.00367803259908083","0.00659510371419206","0.00703197015804433","0.00791901552053533","0.0109268348559721","0.0118750780976364","0.0130375009727139","0.0165679059195971","CCMD71242853ST.11.0","CCMD45988061ST.21.0","CCMD13071240ST.21.0","CCMD48236717ST.21.0","CCMD46947453ST.21.0","CCMD25511638ST.21.0","CCMD23101338ST.21.0","0.00657980273986421","0.00894977794526507","0.00994054692627538","0.010357545979594","0.0106274713468803","0.012997629799036","0.0153050069736767"
"CCMD27867141ST.11.0","CCMD30627121ST.11.0","CCMD39882286ST.11.0","CCMD72666896ST.11.0","CCMD23541216ST.11.0","CCMD73128545ST.11.0","CCMD30626189ST.11.0","CCMD89967135ST.11.0","CCMD10191450ST.11.0","0.0114830545600291","0.0148011064618598","0.0168473326930036","0.0251790583657674","0.0293985208330336","0.0341487871293932","0.0345842720283664","0.0389384756549341","CCMD42428553ST.21.0","CCMD19497912ST.21.0","CCMD65222621ST.11.0","CCMD76222476ST.11.0","CCMD49461418ST.11.0","CCMD35633353ST.11.0","CCMD52145360ST.11.0","0.00470040680323184","0.006649258763672","0.00840114732811166","0.00904802805813379","0.0110339107954975","0.035898071551659","0.038643331895904"
"CCMD28738636ST.11.0","CCMD10032470ST.11.0","MMPU29365221ST","CCMD49942357ST.11.0","CCMD35801800ST.11.0","CCMD18829815ST.11.0","MMPU68403337ST","CCMD98702133ST.11.0","CCMD75147712ST.11.0","0.0186018296381849","0.0301641971857944","0.0317315307226701","0.0319422070001413","0.0337307396256544","0.0389353392425962","0.0412375584114741","0.0421021607073793","CCMD21593359ST.11.0","CCMD52117727ST.11.0","CCMD18872694ST.21.0","CCMD90311071ST.21.0","CCMD60079086ST.21.0","CCMD95433940ST.21.0","CCMD51864103ST.21.0","0.00663972985407664","0.00821107645453958","0.0129907643829878","0.0164562421566368","0.0197057075110385","0.0218187714575341","0.0219352214305317"
"CCMD30626189ST.11.0","CCMD89967135ST.11.0","CCMD73128545ST.11.0","CCMD10191450ST.11.0","CCMD72666896ST.11.0","CCMD41521570ST.11.0","CCMD39882286ST.11.0","CCMD30627121ST.11.0","CCMD89643949ST.11.0","0.00273082906356712","0.00592109581940989","0.0125811602841842","0.0188071953324695","0.0197101864674279","0.0224041316572864","0.0227750117962188","0.0253172251018201","CCMD35633353ST.11.0","CCMD86114146ST.21.0","CCMD95431029ST.11.0","CCMD76222476ST.11.0","CCMD42428553ST.21.0","CCMD19497912ST.21.0","CCMD65222621ST.11.0","0.00285923221819737","0.00842359379013082","0.0207824816799813","0.026514139090325","0.0339897749237007","0.0368670869264724","0.0418695369820554"
"CCMD30627121ST.11.0","CCMD72666896ST.11.0","CCMD39882286ST.11.0","CCMD27867141ST.11.0","CCMD73128545ST.11.0","CCMD30626189ST.11.0","CCMD89967135ST.11.0","CCMD10191450ST.11.0","CCMD23541216ST.11.0","0.00696374745657302","0.00747509084708296","0.0114830545600291","0.0181174999328908","0.0227750117962188","0.0232387910848162","0.0283763589041206","0.0365778228262177","CCMD76222476ST.11.0","CCMD42428553ST.21.0","CCMD19497912ST.21.0","CCMD65222621ST.11.0","CCMD49461418ST.11.0","CCMD35633353ST.11.0","CCMD86114146ST.21.0","0.00568960553913352","0.0119428217167573","0.0150428830503108","0.0193725902527837","0.0224152536828046","0.024554722807489","0.0294868305765179"
"CCMD32288175ST.11.0","CCMD39157124ST.11.0","CCMD68973846ST.11.0","CCMD35081859ST.11.0","CCMD45812507ST.11.0","CCMD32965613ST.11.0","CCMD56948710ST.11.0","CCMD49025643ST.11.0","CCMD38158721ST.11.0","0.0082442502102218","0.01356612379495","0.0179502752792764","0.0205164629109286","0.0217887710067886","0.0245701628330277","0.0254419466749582","0.0286692491024507","CCMD79349503ST.11.0","CCMD46222674ST.21.0","CCMD12232071ST.21.0","CCMD25963797ST.21.0","CCMD71915439ST.11.0","CCMD25511638ST.21.0","CCMD87156761ST.21.0","0.0102404927224206","0.0106039606203197","0.0143578076158612","0.0148723415009752","0.0192871625424835","0.0254981088910479","0.0283841389232268"
"CCMD32965613ST.11.0","CCMD56948710ST.11.0","CCMD35081859ST.11.0","CCMD68973846ST.11.0","CCMD39157124ST.11.0","CCMD53508245ST.11.0","CCMD32288175ST.11.0","CCMD99929634ST.11.0","CCMD85661207ST.11.0","0.00421335330325527","0.00969935499373616","0.0118511787494274","0.0141825394340237","0.014989331549692","0.0217887710067886","0.0237439286620091","0.0237465976968508","CCMD25963797ST.21.0","CCMD46222674ST.21.0","CCMD98531134ST.11.0","CCMD82866709ST.21.0","CCMD95676152ST.11.0","CCMD79349503ST.11.0","CCMD12232071ST.21.0","0.00887482218142633","0.0139750618083921","0.0178498682184214","0.018026344053956","0.0244953201937184","0.030713069403968","0.0325383600335877"
"CCMD35081859ST.11.0","CCMD32965613ST.11.0","CCMD39157124ST.11.0","CCMD56948710ST.11.0","CCMD68973846ST.11.0","CCMD32288175ST.11.0","CCMD53508245ST.11.0","CCMD99929634ST.11.0","CCMD85661207ST.11.0","0.00969935499373616","0.0100423096206651","0.0137960417137272","0.0148971878859587","0.0179502752792764","0.0238244149457534","0.0321392158587566","0.0322387992337872","CCMD25963797ST.21.0","CCMD46222674ST.21.0","CCMD79349503ST.11.0","CCMD12232071ST.21.0","CCMD82866709ST.21.0","CCMD98531134ST.11.0","CCMD95676152ST.11.0","0.00448174212951052","0.00774778534014201","0.0246230221259638","0.0251355499328097","0.0257819548135198","0.0266659189641664","0.0324176343240129"
"CCMD35801800ST.11.0","CCMD49942357ST.11.0","CCMD18829815ST.11.0","CCMD98702133ST.11.0","CCMD75147712ST.11.0","MMPU68403337ST","CCMD17410933ST.11.0","MMPU29365221ST","CCMD15562448ST.11.0","0.000977988242162965","0.00296260460592724","0.00943373491679966","0.0123469398441796","0.0171881231434507","0.0212309227476373","0.0224239211739658","0.024060884985201","CCMD65406197ST.11.0","CCMD19168690ST.11.0","CCMD35802077ST.21.0","CCMD64503764ST.21.0","CCMD72895164ST.21.0","CCMD51864103ST.21.0","CCMD64776337ST.21.0","0.0021110711845165","0.00570246389173029","0.0111999803850147","0.0123628957304222","0.0149247160219572","0.0167584061427797","0.0172455764096917"
"CCMD37575804ST.11.0","CCMD26625622ST.11.0","CCMD59540613ST.11.0","CCMD89107682ST.11.0","CCMD93755960ST.11.0","CCMD50300306ST.11.0","CCMD38158721ST.11.0","CCMD49025643ST.11.0","CCMD25475945ST.11.0","0.00367803259908083","0.00726980567136406","0.00831956456932687","0.00853917395543892","0.0106103860744614","0.0110225416077544","0.0144866668381404","0.0150154365160447","CCMD13071240ST.21.0","CCMD46947453ST.21.0","CCMD71242853ST.11.0","CCMD48236717ST.21.0","CCMD45988061ST.21.0","CCMD23101338ST.21.0","CCMD25511638ST.21.0","0.00650338606243566","0.00801497223512933","0.00886565791710396","0.00905726598678028","0.0103485909256508","0.0141742763002422","0.0144469192596109"
"CCMD38158721ST.11.0","CCMD89107682ST.11.0","CCMD59540613ST.11.0","CCMD26625622ST.11.0","CCMD49025643ST.11.0","CCMD45812507ST.11.0","CCMD37575804ST.11.0","CCMD50300306ST.11.0","CCMD93755960ST.11.0","0.00601579383009277","0.00762920545602724","0.00791901552053533","0.00867290654730515","0.0100461286100406","0.0110225416077544","0.0113673450735273","0.0195199596356287","CCMD71242853ST.11.0","CCMD45988061ST.21.0","CCMD25511638ST.21.0","CCMD71915439ST.11.0","CCMD48236717ST.21.0","CCMD14479708ST.21.0","CCMD87156761ST.21.0","0.00362462363464304","0.00638211829401174","0.00864215281192952","0.00972536777579316","0.012906185753334","0.0148962634150057","0.0151038593892327"
"CCMD39157124ST.11.0","CCMD32288175ST.11.0","CCMD68973846ST.11.0","CCMD35081859ST.11.0","CCMD32965613ST.11.0","CCMD56948710ST.11.0","CCMD45812507ST.11.0","CCMD53508245ST.11.0","CCMD49025643ST.11.0","0.0082442502102218","0.00968220392264267","0.0100423096206651","0.0141825394340237","0.0174514951074666","0.0270562702575415","0.0289064926230114","0.0316889817162886","CCMD46222674ST.21.0","CCMD25963797ST.21.0","CCMD79349503ST.11.0","CCMD12232071ST.21.0","CCMD71915439ST.11.0","CCMD98531134ST.11.0","CCMD25511638ST.21.0","0.00384115275442659","0.0069135660842052","0.0165632419539294","0.0189029849705254","0.026431182525068","0.0317152347646429","0.0317726353159958"
"CCMD39882286ST.11.0","CCMD30627121ST.11.0","CCMD72666896ST.11.0","CCMD27867141ST.11.0","CCMD73128545ST.11.0","CCMD89967135ST.11.0","CCMD30626189ST.11.0","CCMD10191450ST.11.0","CCMD23541216ST.11.0","0.00747509084708296","0.0126346556201079","0.0148011064618598","0.019285143402517","0.0221671147997145","0.0224041316572864","0.0246189191308962","0.0384261322807084","CCMD76222476ST.11.0","CCMD42428553ST.21.0","CCMD19497912ST.21.0","CCMD65222621ST.11.0","CCMD35633353ST.11.0","CCMD49461418ST.11.0","CCMD86114146ST.21.0","0.00588168776748125","0.0128157846051371","0.0152487024942839","0.0208252703032374","0.0235522724903379","0.0245730470960961","0.0275497820243188"
"CCMD45812507ST.11.0","CCMD49025643ST.11.0","CCMD38158721ST.11.0","CCMD89107682ST.11.0","CCMD59540613ST.11.0","CCMD50300306ST.11.0","CCMD26625622ST.11.0","CCMD37575804ST.11.0","CCMD32288175ST.11.0","0.00536842042515727","0.0100461286100406","0.0104655344168145","0.0120530676039492","0.0121909327664538","0.0165679059195971","0.0186565190963942","0.0205164629109286","CCMD71915439ST.11.0","CCMD25511638ST.21.0","CCMD45988061ST.21.0","CCMD71242853ST.11.0","CCMD12232071ST.21.0","CCMD79349503ST.11.0","CCMD87156761ST.21.0","0.00363969370631353","0.00550244583863821","0.00878543178021342","0.0100780260935812","0.0102697788284322","0.010570179092614","0.0107651243448534"
"CCMD49025643ST.11.0","CCMD45812507ST.11.0","CCMD89107682ST.11.0","CCMD50300306ST.11.0","CCMD59540613ST.11.0","CCMD38158721ST.11.0","CCMD26625622ST.11.0","CCMD37575804ST.11.0","CCMD93755960ST.11.0","0.00536842042515727","0.0063565069931899","0.00719237094508912","0.0074481104065548","0.00867290654730515","0.0130375009727139","0.0144866668381404","0.0218962867362694","CCMD25511638ST.21.0","CCMD45988061ST.21.0","CCMD71242853ST.11.0","CCMD14479708ST.21.0","CCMD87156761ST.21.0","CCMD71915439ST.11.0","CCMD48236717ST.21.0","0.00164059187706719","0.00449444236538292","0.00696353170718303","0.00717944273271107","0.00719078867769496","0.00784173693149139","0.0101309222290779"
"CCMD49942357ST.11.0","CCMD35801800ST.11.0","CCMD18829815ST.11.0","CCMD98702133ST.11.0","CCMD75147712ST.11.0","MMPU68403337ST","CCMD17410933ST.11.0","MMPU29365221ST","CCMD15562448ST.11.0","0.000977988242162965","0.00268766174689301","0.00955785544118824","0.0129009182078995","0.0167171387883543","0.0213663761864763","0.0218581964445734","0.0241496892100615","CCMD65406197ST.11.0","CCMD19168690ST.11.0","CCMD35802077ST.21.0","CCMD64503764ST.21.0","CCMD72895164ST.21.0","CCMD51864103ST.21.0","CCMD64776337ST.21.0","0.00263713362206866","0.00610932410896677","0.0110527824389704","0.0125804502545796","0.0144186957273727","0.0162729542802801","0.0169921641099424"
"CCMD50300306ST.11.0","CCMD59540613ST.11.0","CCMD89107682ST.11.0","CCMD49025643ST.11.0","CCMD37575804ST.11.0","CCMD26625622ST.11.0","CCMD38158721ST.11.0","CCMD45812507ST.11.0","CCMD93755960ST.11.0","0.00476340927517677","0.00576523764886755","0.00719237094508912","0.0106103860744614","0.0109268348559721","0.0113673450735273","0.0121909327664538","0.0162485645694233","CCMD48236717ST.21.0","CCMD23101338ST.21.0","CCMD45988061ST.21.0","CCMD14479708ST.21.0","CCMD87156761ST.21.0","CCMD25511638ST.21.0","CCMD46947453ST.21.0","0.00387013670877059","0.00550665863652002","0.00577645637106827","0.0066413567403591","0.00693787508762706","0.0073550068161862","0.00773623418510392"
"CCMD53508245ST.11.0","CCMD85661207ST.11.0","CCMD99929634ST.11.0","CCMD56948710ST.11.0","CCMD32965613ST.11.0","CCMD41202658ST.11.0","CCMD18579000ST.11.0","CCMD76409700ST.11.0","CCMD46727384ST.11.0","0.00884714797045274","0.00893052049016659","0.0114961519957049","0.014989331549692","0.0185265300996439","0.0214603222043445","0.0215567027185916","0.0217015961890913","CCMD98531134ST.11.0","CCMD82866709ST.21.0","CCMD95676152ST.11.0","CCMD25963797ST.21.0","CCMD34381688ST.21.0","CCMD46222674ST.21.0","CCMD52145360ST.11.0","0.00296147644738152","0.00536154431698872","0.0101728916438487","0.0237238604355603","0.0260055775168979","0.0288855241266332","0.0380449992661419"
"CCMD56948710ST.11.0","CCMD32965613ST.11.0","CCMD53508245ST.11.0","CCMD68973846ST.11.0","CCMD35081859ST.11.0","CCMD39157124ST.11.0","CCMD85661207ST.11.0","CCMD99929634ST.11.0","CCMD32288175ST.11.0","0.00421335330325527","0.0114961519957049","0.0129062410485182","0.0137960417137272","0.0174514951074666","0.0202981755836073","0.0203596011465378","0.0245701628330277","CCMD25963797ST.21.0","CCMD98531134ST.11.0","CCMD82866709ST.21.0","CCMD46222674ST.21.0","CCMD95676152ST.11.0","CCMD79349503ST.11.0","CCMD12232071ST.21.0","0.0127612698309031","0.0142958835332805","0.0152434419207198","0.0177012740435067","0.0213944065333944","0.0339363551242044","0.0361356668442358"
"CCMD59540613ST.11.0","CCMD89107682ST.11.0","CCMD50300306ST.11.0","CCMD26625622ST.11.0","CCMD37575804ST.11.0","CCMD49025643ST.11.0","CCMD38158721ST.11.0","CCMD45812507ST.11.0","CCMD93755960ST.11.0","0.0023869675091316","0.00476340927517677","0.00659510371419206","0.00726980567136406","0.0074481104065548","0.00762920545602724","0.0120530676039492","0.014624517013124","CCMD45988061ST.21.0","CCMD71242853ST.11.0","CCMD48236717ST.21.0","CCMD25511638ST.21.0","CCMD46947453ST.21.0","CCMD23101338ST.21.0","CCMD14479708ST.21.0","0.00376459724566525","0.00419666477590896","0.00554943871169207","0.00749446078745317","0.00825756588805474","0.0095025842371352","0.0101352086931366"
"CCMD68973846ST.11.0","CCMD39157124ST.11.0","CCMD32965613ST.11.0","CCMD56948710ST.11.0","CCMD32288175ST.11.0","CCMD35081859ST.11.0","CCMD53508245ST.11.0","CCMD85661207ST.11.0","CCMD99929634ST.11.0","0.00968220392264267","0.0118511787494274","0.0129062410485182","0.01356612379495","0.0148971878859587","0.0236106269967009","0.0321554589357795","0.0323289594952152","CCMD25963797ST.21.0","CCMD46222674ST.21.0","CCMD79349503ST.11.0","CCMD98531134ST.11.0","CCMD12232071ST.21.0","CCMD82866709ST.21.0","CCMD71915439ST.11.0","0.0111697642489182","0.012391121406689","0.0236449714204126","0.0261576696826194","0.0272547363639886","0.027906220241747","0.032587253757792"
"CCMD72666896ST.11.0","CCMD30627121ST.11.0","CCMD39882286ST.11.0","CCMD73128545ST.11.0","CCMD27867141ST.11.0","CCMD30626189ST.11.0","CCMD89967135ST.11.0","CCMD10191450ST.11.0","CCMD41521570ST.11.0","0.00696374745657302","0.0126346556201079","0.0133461047317597","0.0168473326930036","0.0188071953324695","0.019869480428027","0.0270918318611825","0.0383014331319949","CCMD76222476ST.11.0","CCMD42428553ST.21.0","CCMD35633353ST.11.0","CCMD19497912ST.21.0","CCMD65222621ST.11.0","CCMD86114146ST.21.0","CCMD49461418ST.11.0","0.012304028833308","0.0183130967748557","0.0209929430195022","0.0214272988941122","0.0251614248047776","0.0264646780801956","0.0277169715220586"
"CCMD73128545ST.11.0","CCMD30626189ST.11.0","CCMD89967135ST.11.0","CCMD72666896ST.11.0","CCMD10191450ST.11.0","CCMD30627121ST.11.0","CCMD39882286ST.11.0","CCMD41521570ST.11.0","CCMD27867141ST.11.0","0.00592109581940989","0.00755918470151668","0.0133461047317597","0.0171222557784587","0.0181174999328908","0.019285143402517","0.0249887472693528","0.0293985208330336","CCMD35633353ST.11.0","CCMD86114146ST.21.0","CCMD76222476ST.11.0","CCMD95431029ST.11.0","CCMD42428553ST.21.0","CCMD19497912ST.21.0","CCMD65222621ST.11.0","0.00831744625624394","0.0140299872667075","0.0224956055722104","0.0262455520613147","0.0297557027204788","0.0327639145665937","0.0374016212091986"
"CCMD75147712ST.11.0","CCMD98702133ST.11.0","CCMD35801800ST.11.0","CCMD18829815ST.11.0","CCMD49942357ST.11.0","CCMD17410933ST.11.0","CCMD99440714ST.11.0","CCMD15562448ST.11.0","CCMD98198513ST.11.0","0.00945813180517126","0.0123469398441796","0.0128725523382956","0.0129009182078995","0.0162553893244418","0.0196301831786668","0.0201812289198881","0.021348917169669","CCMD19168690ST.11.0","CCMD64503764ST.21.0","CCMD65406197ST.11.0","CCMD35802077ST.21.0","CCMD63399960ST.21.0","CCMD79987997ST.21.0","CCMD64776337ST.21.0","0.00766311307365585","0.00973919233985899","0.01213707282449","0.0155476730222203","0.0176402562440554","0.0196118921353707","0.0215677066446469"
"CCMD89107682ST.11.0","CCMD59540613ST.11.0","CCMD50300306ST.11.0","CCMD38158721ST.11.0","CCMD49025643ST.11.0","CCMD26625622ST.11.0","CCMD37575804ST.11.0","CCMD45812507ST.11.0","CCMD93755960ST.11.0","0.0023869675091316","0.00576523764886755","0.00601579383009277","0.0063565069931899","0.00703197015804433","0.00831956456932687","0.0104655344168145","0.0161711256411971","CCMD45988061ST.21.0","CCMD71242853ST.11.0","CCMD25511638ST.21.0","CCMD48236717ST.21.0","CCMD46947453ST.21.0","CCMD14479708ST.21.0","CCMD23101338ST.21.0","0.0025564854375625","0.00257391627819694","0.00636473572549351","0.00715346039686419","0.0100116247181671","0.0103252021297519","0.0105215966531011"
"CCMD89967135ST.11.0","CCMD30626189ST.11.0","CCMD73128545ST.11.0","CCMD10191450ST.11.0","CCMD41521570ST.11.0","CCMD72666896ST.11.0","CCMD39882286ST.11.0","CCMD30627121ST.11.0","CCMD89643949ST.11.0","0.00273082906356712","0.00755918470151668","0.0102678647354472","0.0192354601513546","0.019869480428027","0.0221671147997145","0.0232387910848162","0.0246404893213781","CCMD35633353ST.11.0","CCMD86114146ST.21.0","CCMD95431029ST.11.0","CCMD76222476ST.11.0","CCMD42428553ST.21.0","CCMD19497912ST.21.0","CCMD65222621ST.11.0","0.00168234503896519","0.00669671525791417","0.0200492484360164","0.0266462172123838","0.0341071169140715","0.0369088777872624","0.0420968243786527"
"CCMD98702133ST.11.0","CCMD18829815ST.11.0","CCMD35801800ST.11.0","CCMD75147712ST.11.0","CCMD49942357ST.11.0","CCMD17410933ST.11.0","CCMD15562448ST.11.0","CCMD99440714ST.11.0","MMPU68403337ST","0.00766085805291655","0.00943373491679966","0.00945813180517126","0.00955785544118824","0.0118850738133733","0.0149274965770014","0.0160303870494411","0.0166855425747925","CCMD64503764ST.21.0","CCMD19168690ST.11.0","CCMD35802077ST.21.0","CCMD63399960ST.21.0","CCMD65406197ST.11.0","CCMD64776337ST.21.0","CCMD79987997ST.21.0","0.00349276999444504","0.00500499919548609","0.00640856493115663","0.00944686307840455","0.0106806238719448","0.012366722672832","0.0156532634447565"
"MMPU29365221ST","MMPU68403337ST","CCMD18829815ST.11.0","CCMD49942357ST.11.0","CCMD35801800ST.11.0","CCMD98702133ST.11.0","CCMD28738636ST.11.0","CCMD75147712ST.11.0","CCMD17410933ST.11.0","0.0132547769858509","0.0212484868530928","0.0218581964445734","0.0224239211739658","0.0266968380728582","0.0301641971857944","0.0339754086963433","0.0349035459715794","CCMD72895164ST.21.0","CCMD51864103ST.21.0","CCMD60079086ST.21.0","CCMD90311071ST.21.0","CCMD64776337ST.21.0","CCMD35802077ST.21.0","CCMD65406197ST.11.0","0.00965285028517228","0.0102179055067126","0.011260384700858","0.0151794872317357","0.0212807475791297","0.0219146044128116","0.023569717862373"
"MMPU68403337ST","MMPU29365221ST","CCMD18829815ST.11.0","CCMD98702133ST.11.0","CCMD49942357ST.11.0","CCMD35801800ST.11.0","CCMD15562448ST.11.0","CCMD17410933ST.11.0","CCMD75147712ST.11.0","0.0132547769858509","0.0146849777617468","0.0166855425747925","0.0167171387883543","0.0171881231434507","0.0222976177309824","0.0223422402655402","0.0255941178112424","CCMD64776337ST.21.0","CCMD35802077ST.21.0","CCMD63399960ST.21.0","CCMD72895164ST.21.0","CCMD51864103ST.21.0","CCMD64503764ST.21.0","CCMD19168690ST.11.0","0.00817752865377408","0.0106629528659728","0.0143407989554553","0.0148105893025582","0.0171623110194746","0.0180685356593399","0.0185339449121626"
"MMPU72854103ST","MMPU99077057ST","MMPU84450604ST","CCMD10032470ST.11.0","CCMD28738636ST.11.0","MMPU29365221ST","CCMD49942357ST.11.0","CCMD35801800ST.11.0","MMPU68403337ST","0.00699172572200395","0.0139898097864127","0.0863247654853788","0.101837600567044","0.121455384419163","0.132797850249186","0.133102272942561","0.134311440579897","CCMD96553385ST.21.0","CCMD92404903ST.11.0","CCMD74930188ST.21.0","CCMD40701343ST.21.0","CCMD26709089ST.21.0","CCMD13934959ST.21.0","CCMD42956136ST.11.0","0.0135259441811024","0.0310120874422672","0.0466374133798062","0.0483338223045376","0.0515380611365969","0.0626467364905911","0.0635543363970842"
"MMPU84450604ST","MMPU99077057ST","MMPU72854103ST","CCMD10032470ST.11.0","CCMD28738636ST.11.0","MMPU29365221ST","CCMD49942357ST.11.0","CCMD35801800ST.11.0","MMPU68403337ST","0.00819010683622464","0.0139898097864127","0.0732238059289862","0.0893468131224544","0.107898356297735","0.119901463881467","0.120226037195017","0.120828602301358","CCMD92404903ST.11.0","CCMD96553385ST.21.0","CCMD74930188ST.21.0","CCMD40701343ST.21.0","CCMD13934959ST.21.0","CCMD42956136ST.11.0","CCMD93344354ST.21.0","0.0204324712527364","0.0231601797280609","0.0357325392312573","0.0367378416220296","0.0503179615252677","0.0515945000669238","0.0558498741233312"
"MMPU99077057ST","MMPU72854103ST","MMPU84450604ST","CCMD10032470ST.11.0","CCMD28738636ST.11.0","MMPU29365221ST","CCMD49942357ST.11.0","CCMD35801800ST.11.0","MMPU68403337ST","0.00699172572200395","0.00819010683622464","0.0794151209331881","0.0948961881323625","0.114651869418212","0.12586421155994","0.126167785858776","0.127477250696774","CCMD96553385ST.21.0","CCMD92404903ST.11.0","CCMD74930188ST.21.0","CCMD40701343ST.21.0","CCMD13934959ST.21.0","CCMD42956136ST.11.0","CCMD26709089ST.21.0","0.0152990296389107","0.0241699338068148","0.0398000076437383","0.0414238565565484","0.0557103245577575","0.0566373277861576","0.0582770117311141"
"CCMD12232071ST.21.0","CCMD45812507ST.11.0","CCMD49025643ST.11.0","CCMD32288175ST.11.0","CCMD39157124ST.11.0","CCMD50300306ST.11.0","CCMD89107682ST.11.0","CCMD38158721ST.11.0","CCMD59540613ST.11.0","0.0102697788284322","0.0137019489803651","0.0143578076158612","0.0189029849705254","0.0195513932818736","0.0198326586387733","0.0201591962789799","0.0210260701357514","CCMD79349503ST.11.0","CCMD71915439ST.11.0","CCMD25511638ST.21.0","CCMD87156761ST.21.0","CCMD14479708ST.21.0","CCMD45988061ST.21.0","CCMD46222674ST.21.0","0.00594708586360448","0.0114202671521226","0.0136941587534043","0.014539727672495","0.0150174283948179","0.0178160448909178","0.0186532199452168"
"CCMD13071240ST.21.0","CCMD93755960ST.11.0","CCMD37575804ST.11.0","CCMD26625622ST.11.0","CCMD59540613ST.11.0","CCMD50300306ST.11.0","CCMD89107682ST.11.0","CCMD25475945ST.11.0","CCMD74592084ST.11.0","0.00534206065055214","0.00650338606243566","0.00994054692627538","0.0105720846535025","0.0115919492100281","0.0122574190202834","0.0127346271820628","0.0144136148514543","CCMD46947453ST.21.0","CCMD48236717ST.21.0","CCMD23101338ST.21.0","CCMD71242853ST.11.0","CCMD45988061ST.21.0","CCMD14479708ST.21.0","CCMD59583015ST.11.0","0.00475670744761553","0.00851686297851908","0.0127684278471422","0.0137409129378731","0.0137870497354105","0.0169810699869417","0.0170411669947962"
"CCMD14479708ST.21.0","CCMD50300306ST.11.0","CCMD49025643ST.11.0","CCMD59540613ST.11.0","CCMD89107682ST.11.0","CCMD45812507ST.11.0","CCMD38158721ST.11.0","CCMD26625622ST.11.0","CCMD37575804ST.11.0","0.0066413567403591","0.00717944273271107","0.0101352086931366","0.0103252021297519","0.0110081500867503","0.0148962634150057","0.0166168528134461","0.0166383031430978","CCMD87156761ST.21.0","CCMD23101338ST.21.0","CCMD25511638ST.21.0","CCMD48236717ST.21.0","CCMD45988061ST.21.0","CCMD71242853ST.11.0","CCMD46947453ST.21.0","0.00169771741910319","0.005590528864612","0.00705287044213057","0.00869918139876083","0.00884575240285939","0.0121394694264273","0.0125254277620254"
"CCMD19168690ST.11.0","CCMD98702133ST.11.0","CCMD18829815ST.11.0","CCMD35801800ST.11.0","CCMD49942357ST.11.0","CCMD75147712ST.11.0","CCMD17410933ST.11.0","MMPU68403337ST","CCMD15562448ST.11.0","0.00500499919548609","0.0054225359967804","0.00570246389173029","0.00610932410896677","0.00766311307365585","0.0163557693607759","0.0185339449121626","0.0195718479679354","CCMD65406197ST.11.0","CCMD64503764ST.21.0","CCMD35802077ST.21.0","CCMD63399960ST.21.0","CCMD64776337ST.21.0","CCMD72895164ST.21.0","CCMD79987997ST.21.0","0.00643586195619995","0.00751597422260731","0.00953748826123001","0.0140727851546603","0.0159890296898299","0.0199387815153974","0.0200738884529973"
"CCMD19497912ST.21.0","CCMD27867141ST.11.0","CCMD30627121ST.11.0","CCMD39882286ST.11.0","CCMD72666896ST.11.0","CCMD23541216ST.11.0","CCMD73128545ST.11.0","CCMD30626189ST.11.0","CCMD89967135ST.11.0","0.006649258763672","0.0150428830503108","0.0152487024942839","0.0214272988941122","0.0234014075147586","0.0327639145665937","0.0368670869264724","0.0369088777872624","CCMD42428553ST.21.0","CCMD65222621ST.11.0","CCMD49461418ST.11.0","CCMD76222476ST.11.0","CCMD52145360ST.11.0","CCMD35633353ST.11.0","CCMD86114146ST.21.0","0.00319417217847744","0.00612188677469933","0.0101353085306378","0.0104866493217938","0.0366115643235412","0.0382856995673795","0.0425426998274201"
"CCMD25511638ST.21.0","CCMD49025643ST.11.0","CCMD45812507ST.11.0","CCMD89107682ST.11.0","CCMD50300306ST.11.0","CCMD59540613ST.11.0","CCMD38158721ST.11.0","CCMD26625622ST.11.0","CCMD37575804ST.11.0","0.00164059187706719","0.00550244583863821","0.00636473572549351","0.0073550068161862","0.00749446078745317","0.00864215281192952","0.012997629799036","0.0144469192596109","CCMD45988061ST.21.0","CCMD71242853ST.11.0","CCMD14479708ST.21.0","CCMD87156761ST.21.0","CCMD71915439ST.11.0","CCMD48236717ST.21.0","CCMD23101338ST.21.0","0.00424917701822733","0.00694393996648394","0.00705287044213057","0.00718160814411726","0.0078785862250898","0.0100209041684573","0.0105099767265954"
"CCMD25963797ST.21.0","CCMD35081859ST.11.0","CCMD39157124ST.11.0","CCMD32965613ST.11.0","CCMD68973846ST.11.0","CCMD56948710ST.11.0","CCMD32288175ST.11.0","CCMD53508245ST.11.0","CCMD99929634ST.11.0","0.00448174212951052","0.0069135660842052","0.00887482218142633","0.0111697642489182","0.0127612698309031","0.0148723415009752","0.0237238604355603","0.0324000325028686","CCMD46222674ST.21.0","CCMD79349503ST.11.0","CCMD12232071ST.21.0","CCMD82866709ST.21.0","CCMD98531134ST.11.0","CCMD71915439ST.11.0","CCMD95676152ST.11.0","0.00537058864890666","0.0226767028896472","0.0239254852793682","0.0263170974893591","0.0265804094642096","0.0326242831764625","0.0329749207717374"
"CCMD27463710ST.11.0","CCMD50529145ST.11.0","CCMD67373733ST.11.0","CCMD45004878ST.11.0","CCMD29706695ST.11.0","CCMD50538120ST.11.0","CCMD31134579ST.11.0","CCMD89643949ST.11.0","CCMD41521570ST.11.0","0.00654254989568914","0.00665441654194332","0.0075959020157996","0.00972390618156468","0.0225162133611568","0.0253314754694398","0.0315647671915622","0.0362388920028087","CCMD95431029ST.11.0","CCMD86114146ST.21.0","CCMD35633353ST.11.0","CCMD89306485ST.11.0","CCMD76222476ST.11.0","CCMD42428553ST.21.0","CCMD19497912ST.21.0","0.0359635432473264","0.0500007558553727","0.0540051481061481","0.0565307327746264","0.0819796039123087","0.0894602448686057","0.0922661741510241"
"CCMD34381688ST.21.0","CCMD18579000ST.11.0","CCMD76409700ST.11.0","CCMD51228890ST.11.0","CCMD46727384ST.11.0","CCMD53522274ST.11.0","CCMD31009081ST.11.0","CCMD41202658ST.11.0","CCMD66848156ST.11.0","0.00627187698682182","0.00652013696402307","0.00756026309946068","0.00845938758003017","0.00852012940316171","0.00936270093412127","0.00962738334059099","0.010119666692206","CCMD52145360ST.11.0","CCMD95676152ST.11.0","CCMD82866709ST.21.0","CCMD98531134ST.11.0","CCMD49461418ST.11.0","CCMD65222621ST.11.0","CCMD25963797ST.21.0","0.015012301514612","0.0159966611384596","0.0223567082616115","0.0234887410260338","0.0412343855361303","0.044077184264003","0.0485965059703086"
"CCMD35633353ST.11.0","CCMD89967135ST.11.0","CCMD30626189ST.11.0","CCMD73128545ST.11.0","CCMD10191450ST.11.0","CCMD41521570ST.11.0","CCMD72666896ST.11.0","CCMD89643949ST.11.0","CCMD39882286ST.11.0","0.00168234503896519","0.00285923221819737","0.00831744625624394","0.0104329014471318","0.0178951059437484","0.0209929430195022","0.023341466557647","0.0235522724903379","CCMD86114146ST.21.0","CCMD95431029ST.11.0","CCMD76222476ST.11.0","CCMD42428553ST.21.0","CCMD19497912ST.21.0","CCMD65222621ST.11.0","CCMD49461418ST.11.0","0.0058500918134585","0.018757346943109","0.0279991877372488","0.0354748301998439","0.0382856995673795","0.0434439326497552","0.0467782989908596"
"CCMD35802077ST.21.0","CCMD98702133ST.11.0","CCMD18829815ST.11.0","MMPU68403337ST","CCMD49942357ST.11.0","CCMD35801800ST.11.0","CCMD17410933ST.11.0","CCMD15562448ST.11.0","CCMD75147712ST.11.0","0.00640856493115663","0.00846595826281284","0.0106629528659728","0.0110527824389704","0.0111999803850147","0.0134575232033082","0.0148959050126537","0.0155476730222203","CCMD64776337ST.21.0","CCMD63399960ST.21.0","CCMD64503764ST.21.0","CCMD19168690ST.11.0","CCMD65406197ST.11.0","CCMD79987997ST.21.0","CCMD72895164ST.21.0","0.00654685025268704","0.00688249640839824","0.00745648290556167","0.00953748826123001","0.0129312329577269","0.0165861759278789","0.0187906611788962"
"CCMD42428553ST.21.0","CCMD27867141ST.11.0","CCMD30627121ST.11.0","CCMD39882286ST.11.0","CCMD72666896ST.11.0","CCMD23541216ST.11.0","CCMD73128545ST.11.0","CCMD30626189ST.11.0","CCMD89967135ST.11.0","0.00470040680323184","0.0119428217167573","0.0128157846051371","0.0183130967748557","0.025780316424845","0.0297557027204788","0.0339897749237007","0.0341071169140715","CCMD19497912ST.21.0","CCMD76222476ST.11.0","CCMD65222621ST.11.0","CCMD49461418ST.11.0","CCMD35633353ST.11.0","CCMD52145360ST.11.0","CCMD86114146ST.21.0","0.00319417217847744","0.00768575827069838","0.00819305590870481","0.011961077753962","0.0354748301998439","0.0391327347094018","0.0398739465810035"
"CCMD45988061ST.21.0","CCMD89107682ST.11.0","CCMD59540613ST.11.0","CCMD49025643ST.11.0","CCMD50300306ST.11.0","CCMD38158721ST.11.0","CCMD45812507ST.11.0","CCMD26625622ST.11.0","CCMD37575804ST.11.0","0.0025564854375625","0.00376459724566525","0.00449444236538292","0.00577645637106827","0.00638211829401174","0.00878543178021342","0.00894977794526507","0.0103485909256508","CCMD71242853ST.11.0","CCMD25511638ST.21.0","CCMD48236717ST.21.0","CCMD14479708ST.21.0","CCMD87156761ST.21.0","CCMD23101338ST.21.0","CCMD71915439ST.11.0","0.00359190052557632","0.00424917701822733","0.00761476548089792","0.00884575240285939","0.00918909274808545","0.0100957323237442","0.0103846492647134"
"CCMD46222674ST.21.0","CCMD39157124ST.11.0","CCMD35081859ST.11.0","CCMD32288175ST.11.0","CCMD68973846ST.11.0","CCMD32965613ST.11.0","CCMD56948710ST.11.0","CCMD45812507ST.11.0","CCMD53508245ST.11.0","0.00384115275442659","0.00774778534014201","0.0106039606203197","0.012391121406689","0.0139750618083921","0.0177012740435067","0.0277168793031069","0.0288855241266332","CCMD25963797ST.21.0","CCMD79349503ST.11.0","CCMD12232071ST.21.0","CCMD71915439ST.11.0","CCMD82866709ST.21.0","CCMD98531134ST.11.0","CCMD25511638ST.21.0","0.00537058864890666","0.0174939857667782","0.0186532199452168","0.0274493637618025","0.0315903641788501","0.0317373695136349","0.0320691605362447"
"CCMD46947453ST.21.0","CCMD50300306ST.11.0","CCMD37575804ST.11.0","CCMD59540613ST.11.0","CCMD93755960ST.11.0","CCMD89107682ST.11.0","CCMD26625622ST.11.0","CCMD49025643ST.11.0","CCMD38158721ST.11.0","0.00773623418510392","0.00801497223512933","0.00825756588805474","0.00985139833702229","0.0100116247181671","0.0106274713468803","0.0141233111961369","0.0153938082254412","CCMD48236717ST.21.0","CCMD13071240ST.21.0","CCMD23101338ST.21.0","CCMD45988061ST.21.0","CCMD71242853ST.11.0","CCMD14479708ST.21.0","CCMD87156761ST.21.0","0.00441467563544238","0.00475670744761553","0.00814326166970421","0.0110394439404671","0.0120425902122073","0.0125254277620254","0.013107353984618"
"CCMD48236717ST.21.0","CCMD50300306ST.11.0","CCMD59540613ST.11.0","CCMD89107682ST.11.0","CCMD37575804ST.11.0","CCMD49025643ST.11.0","CCMD26625622ST.11.0","CCMD38158721ST.11.0","CCMD93755960ST.11.0","0.00387013670877059","0.00554943871169207","0.00715346039686419","0.00905726598678028","0.0101309222290779","0.010357545979594","0.012906185753334","0.0135109720540164","CCMD46947453ST.21.0","CCMD23101338ST.21.0","CCMD45988061ST.21.0","CCMD13071240ST.21.0","CCMD14479708ST.21.0","CCMD87156761ST.21.0","CCMD71242853ST.11.0","0.00441467563544238","0.00541637060578698","0.00761476548089792","0.00851686297851908","0.00869918139876083","0.00919475226752777","0.00940878629740064"
"CCMD49461418ST.11.0","CCMD27867141ST.11.0","CCMD23541216ST.11.0","CCMD30627121ST.11.0","CCMD39882286ST.11.0","CCMD72666896ST.11.0","CCMD31009081ST.11.0","CCMD66848156ST.11.0","CCMD53522274ST.11.0","0.0110339107954975","0.0142230903400655","0.0224152536828046","0.0245730470960961","0.0277169715220586","0.0333230425938952","0.0342948039726718","0.0352082084580177","CCMD65222621ST.11.0","CCMD19497912ST.21.0","CCMD42428553ST.21.0","CCMD76222476ST.11.0","CCMD52145360ST.11.0","CCMD34381688ST.21.0","CCMD35633353ST.11.0","0.00423581472406128","0.0101353085306378","0.011961077753962","0.0191134170490667","0.0276829820508512","0.0412343855361303","0.0467782989908596"
"CCMD51864103ST.21.0","MMPU29365221ST","CCMD49942357ST.11.0","CCMD35801800ST.11.0","CCMD18829815ST.11.0","MMPU68403337ST","CCMD28738636ST.11.0","CCMD98702133ST.11.0","CCMD75147712ST.11.0","0.0102179055067126","0.0162729542802801","0.0167584061427797","0.0168584187709084","0.0171623110194746","0.0219352214305317","0.0240336664786181","0.029040173001698","CCMD72895164ST.21.0","CCMD60079086ST.21.0","CCMD90311071ST.21.0","CCMD21593359ST.11.0","CCMD65406197ST.11.0","CCMD18872694ST.21.0","CCMD35802077ST.21.0","0.00277260808910498","0.00287198880274082","0.00570543646345346","0.0155801748103669","0.0172102035839025","0.0196114739813841","0.0212951067761412"
"CCMD52145360ST.11.0","CCMD31009081ST.11.0","CCMD66848156ST.11.0","CCMD53522274ST.11.0","CCMD51228890ST.11.0","CCMD23541216ST.11.0","CCMD46727384ST.11.0","CCMD76409700ST.11.0","CCMD18579000ST.11.0","0.00593760217603662","0.00663787021795251","0.00764330145258938","0.0113780384088269","0.0134932159925025","0.0163734976874511","0.0167434554979358","0.0168689750936064","CCMD34381688ST.21.0","CCMD49461418ST.11.0","CCMD95676152ST.11.0","CCMD65222621ST.11.0","CCMD98531134ST.11.0","CCMD82866709ST.21.0","CCMD19497912ST.21.0","0.015012301514612","0.0276829820508512","0.0288130588700154","0.0310373263158097","0.0352413308378661","0.0355290238394554","0.0366115643235412"
"CCMD59583015ST.11.0","CCMD74592084ST.11.0","CCMD51154251ST.11.0","CCMD99440714ST.11.0","CCMD15562448ST.11.0","CCMD25475945ST.11.0","CCMD85481373ST.11.0","CCMD98198513ST.11.0","CCMD17410933ST.11.0","0.00287275054973476","0.00415720198578512","0.00417349671906512","0.0059255612946261","0.00659823599365414","0.0070950849567824","0.00773759533616654","0.00793592966110688","CCMD79987997ST.21.0","CCMD63399960ST.21.0","CCMD64503764ST.21.0","CCMD13071240ST.21.0","CCMD64776337ST.21.0","CCMD35802077ST.21.0","CCMD46947453ST.21.0","0.00480671684912344","0.0138150722672619","0.01702619179586","0.0170411669947962","0.0193706996108144","0.0202498459945374","0.0213465934261688"
"CCMD60079086ST.21.0","MMPU29365221ST","CCMD49942357ST.11.0","CCMD35801800ST.11.0","CCMD18829815ST.11.0","MMPU68403337ST","CCMD28738636ST.11.0","CCMD98702133ST.11.0","CCMD10032470ST.11.0","0.011260384700858","0.01832971165796","0.0187865437665062","0.0191154717772002","0.0195917571246417","0.0197057075110385","0.0264094344170175","0.0301456309953331","CCMD51864103ST.21.0","CCMD90311071ST.21.0","CCMD72895164ST.21.0","CCMD21593359ST.11.0","CCMD18872694ST.21.0","CCMD65406197ST.11.0","CCMD35802077ST.21.0","0.00287198880274082","0.0040214344040138","0.00521123076207463","0.013456075355872","0.0170695366245563","0.0190723417169031","0.0238385697622455"
"CCMD63399960ST.21.0","CCMD17410933ST.11.0","CCMD15562448ST.11.0","CCMD98702133ST.11.0","CCMD99440714ST.11.0","MMPU68403337ST","CCMD18829815ST.11.0","CCMD51154251ST.11.0","CCMD74592084ST.11.0","0.0082417846389618","0.00841839925176028","0.00944686307840455","0.0114947066361285","0.0143407989554553","0.0148094482154459","0.0156713191267313","0.0165644314673826","CCMD64776337ST.21.0","CCMD35802077ST.21.0","CCMD64503764ST.21.0","CCMD79987997ST.21.0","CCMD59583015ST.11.0","CCMD19168690ST.11.0","CCMD65406197ST.11.0","0.00652820122958723","0.00688249640839824","0.00800484837140345","0.0105060438968058","0.0138150722672619","0.0140727851546603","0.0189448492976211"
"CCMD64503764ST.21.0","CCMD98702133ST.11.0","CCMD17410933ST.11.0","CCMD75147712ST.11.0","CCMD18829815ST.11.0","CCMD15562448ST.11.0","CCMD35801800ST.11.0","CCMD49942357ST.11.0","CCMD99440714ST.11.0","0.00349276999444504","0.00920477388598692","0.00973919233985899","0.0106963647272808","0.0122876362884649","0.0123628957304222","0.0125804502545796","0.0132905885395489","CCMD35802077ST.21.0","CCMD19168690ST.11.0","CCMD63399960ST.21.0","CCMD64776337ST.21.0","CCMD79987997ST.21.0","CCMD65406197ST.11.0","CCMD59583015ST.11.0","0.00745648290556167","0.00751597422260731","0.00800484837140345","0.0124358272101274","0.0127420962099446","0.0134566358399396","0.01702619179586"
"CCMD64776337ST.21.0","MMPU68403337ST","CCMD98702133ST.11.0","CCMD15562448ST.11.0","CCMD18829815ST.11.0","CCMD17410933ST.11.0","CCMD49942357ST.11.0","CCMD35801800ST.11.0","CCMD99440714ST.11.0","0.00817752865377408","0.012366722672832","0.0142047050992405","0.014416726690478","0.0146352817779616","0.0169921641099424","0.0172455764096917","0.0176501332787564","CCMD63399960ST.21.0","CCMD35802077ST.21.0","CCMD64503764ST.21.0","CCMD19168690ST.11.0","CCMD79987997ST.21.0","CCMD65406197ST.11.0","CCMD59583015ST.11.0","0.00652820122958723","0.00654685025268704","0.0124358272101274","0.0159890296898299","0.0166498667402909","0.0190344135160929","0.0193706996108144"
"CCMD65222621ST.11.0","CCMD27867141ST.11.0","CCMD23541216ST.11.0","CCMD30627121ST.11.0","CCMD39882286ST.11.0","CCMD72666896ST.11.0","CCMD31009081ST.11.0","CCMD73128545ST.11.0","CCMD66848156ST.11.0","0.00840114732811166","0.0176649856051216","0.0193725902527837","0.0208252703032374","0.0251614248047776","0.0365321980302291","0.0374016212091986","0.0376443616917201","CCMD49461418ST.11.0","CCMD19497912ST.21.0","CCMD42428553ST.21.0","CCMD76222476ST.11.0","CCMD52145360ST.11.0","CCMD35633353ST.11.0","CCMD34381688ST.21.0","0.00423581472406128","0.00612188677469933","0.00819305590870481","0.0155826629410901","0.0310373263158097","0.0434439326497552","0.044077184264003"
"CCMD65406197ST.11.0","CCMD35801800ST.11.0","CCMD49942357ST.11.0","CCMD18829815ST.11.0","CCMD98702133ST.11.0","CCMD75147712ST.11.0","MMPU68403337ST","CCMD17410933ST.11.0","MMPU29365221ST","0.0021110711845165","0.00263713362206866","0.00485529808294699","0.0106806238719448","0.01213707282449","0.0189471315656086","0.022421079422628","0.023569717862373","CCMD19168690ST.11.0","CCMD35802077ST.21.0","CCMD64503764ST.21.0","CCMD72895164ST.21.0","CCMD51864103ST.21.0","CCMD90311071ST.21.0","CCMD63399960ST.21.0","0.00643586195619995","0.0129312329577269","0.0134566358399396","0.0155835531189961","0.0172102035839025","0.0185319906514137","0.0189448492976211"
"CCMD71242853ST.11.0","CCMD89107682ST.11.0","CCMD38158721ST.11.0","CCMD59540613ST.11.0","CCMD26625622ST.11.0","CCMD49025643ST.11.0","CCMD50300306ST.11.0","CCMD37575804ST.11.0","CCMD45812507ST.11.0","0.00257391627819694","0.00362462363464304","0.00419666477590896","0.00657980273986421","0.00696353170718303","0.00795789359200243","0.00886565791710396","0.0100780260935812","CCMD45988061ST.21.0","CCMD25511638ST.21.0","CCMD48236717ST.21.0","CCMD71915439ST.11.0","CCMD46947453ST.21.0","CCMD14479708ST.21.0","CCMD87156761ST.21.0","0.00359190052557632","0.00694393996648394","0.00940878629740064","0.0109021716107786","0.0120425902122073","0.0121394694264273","0.0124161838696202"
"CCMD71915439ST.11.0","CCMD45812507ST.11.0","CCMD49025643ST.11.0","CCMD38158721ST.11.0","CCMD89107682ST.11.0","CCMD59540613ST.11.0","CCMD50300306ST.11.0","CCMD26625622ST.11.0","CCMD32288175ST.11.0","0.00363969370631353","0.00784173693149139","0.00972536777579316","0.0119392443878176","0.0136214233783173","0.0146477544194594","0.0170949670807917","0.0192871625424835","CCMD25511638ST.21.0","CCMD79349503ST.11.0","CCMD45988061ST.21.0","CCMD71242853ST.11.0","CCMD12232071ST.21.0","CCMD87156761ST.21.0","CCMD14479708ST.21.0","0.0078785862250898","0.0100927398652962","0.0103846492647134","0.0109021716107786","0.0114202671521226","0.0138485345973407","0.0140262556006013"
"CCMD72690923ST.11.0","CCMD22852639ST.11.0","CCMD50538120ST.11.0","CCMD45004878ST.11.0","CCMD50529145ST.11.0","CCMD67373733ST.11.0","CCMD29706695ST.11.0","CCMD31134579ST.11.0","CCMD89643949ST.11.0","0.0218635354596625","0.0777952596812268","0.0882619808590288","0.0975213375468905","0.101878788496318","0.105511591188929","0.12113253928774","0.126715699937088","CCMD21703880ST.11.0","CCMD89306485ST.11.0","CCMD27463710ST.11.0","CCMD95431029ST.11.0","CCMD86114146ST.21.0","CCMD35633353ST.11.0","CCMD76222476ST.11.0","0.0314577709336914","0.0410702436985126","0.0958123310148599","0.131274174790284","0.145392226436731","0.149699358253999","0.177652902922964"
"CCMD72895164ST.21.0","MMPU29365221ST","CCMD49942357ST.11.0","CCMD18829815ST.11.0","MMPU68403337ST","CCMD35801800ST.11.0","CCMD98702133ST.11.0","CCMD28738636ST.11.0","CCMD75147712ST.11.0","0.00965285028517228","0.0144186957273727","0.0147432903508264","0.0148105893025582","0.0149247160219572","0.0217351493009758","0.0241960321068394","0.0271562898902784","CCMD51864103ST.21.0","CCMD60079086ST.21.0","CCMD90311071ST.21.0","CCMD65406197ST.11.0","CCMD21593359ST.11.0","CCMD35802077ST.21.0","CCMD19168690ST.11.0","0.00277260808910498","0.00521123076207463","0.00778224398978505","0.0155835531189961","0.0177629784471862","0.0187906611788962","0.0199387815153974"
"CCMD76222476ST.11.0","CCMD30627121ST.11.0","CCMD39882286ST.11.0","CCMD27867141ST.11.0","CCMD72666896ST.11.0","CCMD73128545ST.11.0","CCMD30626189ST.11.0","CCMD89967135ST.11.0","CCMD10191450ST.11.0","0.00568960553913352","0.00588168776748125","0.00904802805813379","0.012304028833308","0.0224956055722104","0.026514139090325","0.0266462172123838","0.0301373981947768","CCMD42428553ST.21.0","CCMD19497912ST.21.0","CCMD65222621ST.11.0","CCMD49461418ST.11.0","CCMD35633353ST.11.0","CCMD86114146ST.21.0","CCMD95431029ST.11.0","0.00768575827069838","0.0104866493217938","0.0155826629410901","0.0191134170490667","0.0279991877372488","0.0324653297832137","0.0464736008593934"
"CCMD79349503ST.11.0","CCMD32288175ST.11.0","CCMD45812507ST.11.0","CCMD49025643ST.11.0","CCMD39157124ST.11.0","CCMD38158721ST.11.0","CCMD89107682ST.11.0","CCMD50300306ST.11.0","CCMD59540613ST.11.0","0.0102404927224206","0.010570179092614","0.0153949488001667","0.0165632419539294","0.0196274394166802","0.0209688308635484","0.0220596195797767","0.0225001353296943","CCMD12232071ST.21.0","CCMD71915439ST.11.0","CCMD25511638ST.21.0","CCMD46222674ST.21.0","CCMD87156761ST.21.0","CCMD14479708ST.21.0","CCMD45988061ST.21.0","0.00594708586360448","0.0100927398652962","0.0154755930648589","0.0174939857667782","0.0184330435473851","0.0188858047265113","0.0191808136144878"
"CCMD79987997ST.21.0","CCMD99440714ST.11.0","CCMD15562448ST.11.0","CCMD17410933ST.11.0","CCMD74592084ST.11.0","CCMD98198513ST.11.0","CCMD51154251ST.11.0","CCMD85481373ST.11.0","CCMD25475945ST.11.0","0.00232435044754107","0.00348254969199652","0.00422662363647485","0.00707572335808095","0.00811320506054544","0.00824871939504972","0.00833954963183545","0.00943053294209015","CCMD59583015ST.11.0","CCMD63399960ST.21.0","CCMD64503764ST.21.0","CCMD35802077ST.21.0","CCMD64776337ST.21.0","CCMD19168690ST.11.0","CCMD13071240ST.21.0","0.00480671684912344","0.0105060438968058","0.0127420962099446","0.0165861759278789","0.0166498667402909","0.0200738884529973","0.0210597016472153"
"CCMD82866709ST.21.0","CCMD53508245ST.11.0","CCMD99929634ST.11.0","CCMD85661207ST.11.0","CCMD56948710ST.11.0","CCMD41202658ST.11.0","CCMD32965613ST.11.0","CCMD18579000ST.11.0","CCMD76409700ST.11.0","0.00536154431698872","0.00708192592594046","0.00732175715780076","0.0152434419207198","0.016288599135388","0.018026344053956","0.0186879592248019","0.0188523234252455","CCMD98531134ST.11.0","CCMD95676152ST.11.0","CCMD34381688ST.21.0","CCMD25963797ST.21.0","CCMD46222674ST.21.0","CCMD52145360ST.11.0","CCMD79349503ST.11.0","0.00507212563956224","0.00689703662532949","0.0223567082616115","0.0263170974893591","0.0315903641788501","0.0355290238394554","0.0486637836112183"
"CCMD86114146ST.21.0","CCMD89967135ST.11.0","CCMD10191450ST.11.0","CCMD30626189ST.11.0","CCMD41521570ST.11.0","CCMD73128545ST.11.0","CCMD89643949ST.11.0","CCMD31134579ST.11.0","CCMD72666896ST.11.0","0.00669671525791417","0.00784561576628308","0.00842359379013082","0.0139021724062727","0.0140299872667075","0.0187593936009551","0.0251915665325645","0.0264646780801956","CCMD35633353ST.11.0","CCMD95431029ST.11.0","CCMD76222476ST.11.0","CCMD42428553ST.21.0","CCMD19497912ST.21.0","CCMD65222621ST.11.0","CCMD27463710ST.11.0","0.0058500918134585","0.014239337197837","0.0324653297832137","0.0398739465810035","0.0425426998274201","0.0479632044862106","0.0500007558553727"
"CCMD87156761ST.21.0","CCMD50300306ST.11.0","CCMD49025643ST.11.0","CCMD59540613ST.11.0","CCMD89107682ST.11.0","CCMD45812507ST.11.0","CCMD38158721ST.11.0","CCMD26625622ST.11.0","CCMD37575804ST.11.0","0.00693787508762706","0.00719078867769496","0.0105559178260919","0.0106493628955921","0.0107651243448534","0.0151038593892327","0.01704704983638","0.0171256255259443","CCMD14479708ST.21.0","CCMD23101338ST.21.0","CCMD25511638ST.21.0","CCMD45988061ST.21.0","CCMD48236717ST.21.0","CCMD71242853ST.11.0","CCMD46947453ST.21.0","0.00169771741910319","0.00599362213589154","0.00718160814411726","0.00918909274808545","0.00919475226752777","0.0124161838696202","0.013107353984618"
"CCMD89306485ST.11.0","CCMD50538120ST.11.0","CCMD45004878ST.11.0","CCMD50529145ST.11.0","CCMD67373733ST.11.0","CCMD22852639ST.11.0","CCMD29706695ST.11.0","CCMD31134579ST.11.0","CCMD89643949ST.11.0","0.0369674876941825","0.0491479007994043","0.0573648973520883","0.0621526334776031","0.0625393312081301","0.0660833780805589","0.0815655620171728","0.0864986739635733","CCMD72690923ST.11.0","CCMD27463710ST.11.0","CCMD21703880ST.11.0","CCMD95431029ST.11.0","CCMD86114146ST.21.0","CCMD35633353ST.11.0","CCMD76222476ST.11.0","0.0410702436985126","0.0565307327746264","0.0724425025935077","0.0910963736549817","0.105163530127352","0.109713473234278","0.137541540478119"
"CCMD95431029ST.11.0","CCMD41521570ST.11.0","CCMD89643949ST.11.0","CCMD31134579ST.11.0","CCMD10191450ST.11.0","CCMD89967135ST.11.0","CCMD30626189ST.11.0","CCMD73128545ST.11.0","CCMD29706695ST.11.0","0.00274069276683464","0.00473131496186951","0.0119152564035872","0.0191752482124648","0.0200492484360164","0.0207824816799813","0.0262455520613147","0.0264478356714148","CCMD86114146ST.21.0","CCMD35633353ST.11.0","CCMD27463710ST.11.0","CCMD76222476ST.11.0","CCMD42428553ST.21.0","CCMD19497912ST.21.0","CCMD65222621ST.11.0","0.014239337197837","0.018757346943109","0.0359635432473264","0.0464736008593934","0.0539553478108886","0.0566585934117484","0.0619881170553823"
"CCMD95676152ST.11.0","CCMD99929634ST.11.0","CCMD85661207ST.11.0","CCMD41202658ST.11.0","CCMD53508245ST.11.0","CCMD18579000ST.11.0","CCMD76409700ST.11.0","CCMD46727384ST.11.0","CCMD51228890ST.11.0","0.00296460120095047","0.00347402818753792","0.00974504011549461","0.0101728916438487","0.011992483432408","0.0121644479282146","0.01291460361076","0.0176295920285517","CCMD82866709ST.21.0","CCMD98531134ST.11.0","CCMD34381688ST.21.0","CCMD52145360ST.11.0","CCMD25963797ST.21.0","CCMD46222674ST.21.0","CCMD79349503ST.11.0","0.00689703662532949","0.00787024449175436","0.0159966611384596","0.0288130588700154","0.0329749207717374","0.038241663354042","0.0551579569450796"
"CCMD98531134ST.11.0","CCMD53508245ST.11.0","CCMD85661207ST.11.0","CCMD99929634ST.11.0","CCMD56948710ST.11.0","CCMD41202658ST.11.0","CCMD32965613ST.11.0","CCMD18579000ST.11.0","CCMD76409700ST.11.0","0.00296147644738152","0.00616064166020587","0.00629129999339454","0.0142958835332805","0.015751760435625","0.0178498682184214","0.0187454945249601","0.0188281466022951","CCMD82866709ST.21.0","CCMD95676152ST.11.0","CCMD34381688ST.21.0","CCMD25963797ST.21.0","CCMD46222674ST.21.0","CCMD52145360ST.11.0","CCMD79349503ST.11.0","0.00507212563956224","0.00787024449175436","0.0234887410260338","0.0265804094642096","0.0317373695136349","0.0352413308378661","0.0482017993789128"
