"AUC","Study","RepeatTimes","Fold","FeatureCount"
1,"PRJEB27928",10,5,50
1,"PRJEB27928",10,4,50
0.967948717948718,"PRJEB27928",10,3,50
0.955128205128205,"PRJEB27928",10,2,50
0.993589743589744,"PRJEB27928",10,1,50
1,"PRJEB27928",9,5,50
0.993589743589744,"PRJEB27928",9,4,50
0.980769230769231,"PRJEB27928",9,3,50
0.948717948717949,"PRJEB27928",9,2,50
0.980769230769231,"PRJEB27928",9,1,50
0.987179487179487,"PRJEB27928",8,5,50
0.974358974358974,"PRJEB27928",8,4,50
0.987179487179487,"PRJEB27928",8,3,50
1,"PRJEB27928",8,2,50
0.92948717948718,"PRJEB27928",8,1,50
1,"PRJEB27928",7,5,50
0.987179487179487,"PRJEB27928",7,4,50
0.891025641025641,"PRJEB27928",7,3,50
0.96474358974359,"PRJEB27928",7,2,50
0.961538461538461,"PRJEB27928",7,1,50
0.987179487179487,"PRJEB27928",6,5,50
1,"PRJEB27928",6,4,50
0.865384615384615,"PRJEB27928",6,3,50
0.987179487179487,"PRJEB27928",6,2,50
0.993589743589744,"PRJEB27928",6,1,50
0.993589743589744,"PRJEB27928",5,5,50
0.974358974358974,"PRJEB27928",5,4,50
0.974358974358974,"PRJEB27928",5,3,50
0.987179487179487,"PRJEB27928",5,2,50
0.961538461538462,"PRJEB27928",5,1,50
0.980769230769231,"PRJEB27928",4,5,50
0.974358974358974,"PRJEB27928",4,4,50
0.974358974358974,"PRJEB27928",4,3,50
0.891025641025641,"PRJEB27928",4,2,50
0.980769230769231,"PRJEB27928",4,1,50
0.858974358974359,"PRJEB27928",3,5,50
0.980769230769231,"PRJEB27928",3,4,50
0.961538461538461,"PRJEB27928",3,3,50
1,"PRJEB27928",3,2,50
0.980769230769231,"PRJEB27928",3,1,50
0.974358974358974,"PRJEB27928",2,5,50
0.974358974358974,"PRJEB27928",2,4,50
0.919871794871795,"PRJEB27928",2,3,50
0.983974358974359,"PRJEB27928",2,2,50
0.961538461538462,"PRJEB27928",2,1,50
0.961538461538462,"PRJEB27928",1,5,50
0.967948717948718,"PRJEB27928",1,4,50
0.884615384615385,"PRJEB27928",1,3,50
0.955128205128205,"PRJEB27928",1,2,50
0.967948717948718,"PRJEB27928",1,1,50
0.875,"PRJDB4176",10,5,50
0.8125,"PRJDB4176",10,4,50
0.84375,"PRJDB4176",10,3,50
0.859375,"PRJDB4176",10,2,50
0.890625,"PRJDB4176",10,1,50
0.671875,"PRJDB4176",9,5,50
1,"PRJDB4176",9,4,50
0.890625,"PRJDB4176",9,3,50
0.953125,"PRJDB4176",9,2,50
0.90625,"PRJDB4176",9,1,50
0.96875,"PRJDB4176",8,5,50
0.765625,"PRJDB4176",8,4,50
0.796875,"PRJDB4176",8,3,50
0.796875,"PRJDB4176",8,2,50
0.9140625,"PRJDB4176",8,1,50
0.59375,"PRJDB4176",7,5,50
0.8125,"PRJDB4176",7,4,50
0.96875,"PRJDB4176",7,3,50
0.71875,"PRJDB4176",7,2,50
0.890625,"PRJDB4176",7,1,50
0.765625,"PRJDB4176",6,5,50
0.9375,"PRJDB4176",6,4,50
0.9765625,"PRJDB4176",6,3,50
0.9375,"PRJDB4176",6,2,50
0.9375,"PRJDB4176",6,1,50
0.875,"PRJDB4176",5,5,50
0.859375,"PRJDB4176",5,4,50
0.828125,"PRJDB4176",5,3,50
0.8125,"PRJDB4176",5,2,50
0.953125,"PRJDB4176",5,1,50
0.921875,"PRJDB4176",4,5,50
0.90625,"PRJDB4176",4,4,50
0.921875,"PRJDB4176",4,3,50
0.953125,"PRJDB4176",4,2,50
0.921875,"PRJDB4176",4,1,50
0.890625,"PRJDB4176",3,5,50
0.796875,"PRJDB4176",3,4,50
0.96875,"PRJDB4176",3,3,50
0.75,"PRJDB4176",3,2,50
0.78125,"PRJDB4176",3,1,50
0.96875,"PRJDB4176",2,5,50
0.9375,"PRJDB4176",2,4,50
0.890625,"PRJDB4176",2,3,50
0.703125,"PRJDB4176",2,2,50
1,"PRJDB4176",2,1,50
0.7265625,"PRJDB4176",1,5,50
0.890625,"PRJDB4176",1,4,50
0.90625,"PRJDB4176",1,3,50
0.96875,"PRJDB4176",1,2,50
0.9453125,"PRJDB4176",1,1,50
0.825174825174825,"ZellerG_2014",10,5,50
0.96969696969697,"ZellerG_2014",10,4,50
1,"ZellerG_2014",10,3,50
1,"ZellerG_2014",10,2,50
0.90530303030303,"ZellerG_2014",10,1,50
0.96969696969697,"ZellerG_2014",9,5,50
0.891666666666667,"ZellerG_2014",9,4,50
0.946969696969697,"ZellerG_2014",9,3,50
0.939393939393939,"ZellerG_2014",9,2,50
0.975,"ZellerG_2014",9,1,50
0.925,"ZellerG_2014",8,5,50
1,"ZellerG_2014",8,4,50
0.937062937062937,"ZellerG_2014",8,3,50
0.75,"ZellerG_2014",8,2,50
0.909090909090909,"ZellerG_2014",8,1,50
0.931818181818182,"ZellerG_2014",7,5,50
0.920454545454546,"ZellerG_2014",7,4,50
0.820833333333333,"ZellerG_2014",7,3,50
0.941666666666667,"ZellerG_2014",7,2,50
0.958333333333333,"ZellerG_2014",7,1,50
0.840909090909091,"ZellerG_2014",6,5,50
0.984848484848485,"ZellerG_2014",6,4,50
0.783333333333333,"ZellerG_2014",6,3,50
0.96969696969697,"ZellerG_2014",6,2,50
0.878787878787879,"ZellerG_2014",6,1,50
0.886363636363636,"ZellerG_2014",5,5,50
0.946969696969697,"ZellerG_2014",5,4,50
0.954545454545454,"ZellerG_2014",5,3,50
0.869230769230769,"ZellerG_2014",5,2,50
1,"ZellerG_2014",5,1,50
0.965034965034965,"ZellerG_2014",4,5,50
0.916666666666667,"ZellerG_2014",4,4,50
1,"ZellerG_2014",4,3,50
0.853146853146853,"ZellerG_2014",4,2,50
0.993006993006993,"ZellerG_2014",4,1,50
0.901515151515151,"ZellerG_2014",3,5,50
0.962121212121212,"ZellerG_2014",3,4,50
1,"ZellerG_2014",3,3,50
0.977272727272727,"ZellerG_2014",3,2,50
0.954545454545454,"ZellerG_2014",3,1,50
0.931818181818182,"ZellerG_2014",2,5,50
0.984848484848485,"ZellerG_2014",2,4,50
0.925,"ZellerG_2014",2,3,50
0.992307692307692,"ZellerG_2014",2,2,50
0.884615384615385,"ZellerG_2014",2,1,50
0.854166666666667,"ZellerG_2014",1,5,50
0.916666666666667,"ZellerG_2014",1,4,50
0.839160839160839,"ZellerG_2014",1,3,50
1,"ZellerG_2014",1,2,50
0.939393939393939,"ZellerG_2014",1,1,50
0.963636363636364,"YuJ_2015",10,5,50
0.939393939393939,"YuJ_2015",10,4,50
0.896969696969697,"YuJ_2015",10,3,50
0.860606060606061,"YuJ_2015",10,2,50
0.756666666666667,"YuJ_2015",10,1,50
0.943333333333333,"YuJ_2015",9,5,50
0.86060606060606,"YuJ_2015",9,4,50
0.806666666666667,"YuJ_2015",9,3,50
0.884848484848485,"YuJ_2015",9,2,50
0.866666666666666,"YuJ_2015",9,1,50
0.939393939393939,"YuJ_2015",8,5,50
0.973333333333333,"YuJ_2015",8,4,50
0.896969696969697,"YuJ_2015",8,3,50
0.933333333333333,"YuJ_2015",8,2,50
0.86,"YuJ_2015",8,1,50
0.757575757575758,"YuJ_2015",7,5,50
0.893939393939394,"YuJ_2015",7,4,50
0.872727272727273,"YuJ_2015",7,3,50
0.963333333333333,"YuJ_2015",7,2,50
0.945454545454545,"YuJ_2015",7,1,50
0.884848484848485,"YuJ_2015",6,5,50
0.854545454545454,"YuJ_2015",6,4,50
0.806060606060606,"YuJ_2015",6,3,50
0.933333333333333,"YuJ_2015",6,2,50
0.886666666666667,"YuJ_2015",6,1,50
0.939393939393939,"YuJ_2015",5,5,50
0.953333333333333,"YuJ_2015",5,4,50
0.833333333333333,"YuJ_2015",5,3,50
0.803030303030303,"YuJ_2015",5,2,50
0.921212121212121,"YuJ_2015",5,1,50
0.84,"YuJ_2015",4,5,50
0.857575757575758,"YuJ_2015",4,4,50
0.986666666666667,"YuJ_2015",4,3,50
0.946666666666667,"YuJ_2015",4,2,50
0.833333333333333,"YuJ_2015",4,1,50
0.953333333333333,"YuJ_2015",3,5,50
0.906060606060606,"YuJ_2015",3,4,50
0.843333333333333,"YuJ_2015",3,3,50
0.813333333333333,"YuJ_2015",3,2,50
0.843333333333333,"YuJ_2015",3,1,50
0.921212121212121,"YuJ_2015",2,5,50
0.813333333333333,"YuJ_2015",2,4,50
0.96,"YuJ_2015",2,3,50
0.945454545454545,"YuJ_2015",2,2,50
0.926666666666667,"YuJ_2015",2,1,50
0.8,"YuJ_2015",1,5,50
0.906666666666667,"YuJ_2015",1,4,50
0.863636363636364,"YuJ_2015",1,3,50
0.915151515151515,"YuJ_2015",1,2,50
0.884848484848485,"YuJ_2015",1,1,50
0.72,"VogtmannE_2016",10,5,50
0.9,"VogtmannE_2016",10,4,50
0.86,"VogtmannE_2016",10,3,50
0.85,"VogtmannE_2016",10,2,50
0.72,"VogtmannE_2016",10,1,50
0.91,"VogtmannE_2016",9,5,50
0.892561983471074,"VogtmannE_2016",9,4,50
0.886363636363636,"VogtmannE_2016",9,3,50
0.4,"VogtmannE_2016",9,2,50
0.686363636363636,"VogtmannE_2016",9,1,50
0.94,"VogtmannE_2016",8,5,50
0.865,"VogtmannE_2016",8,4,50
0.918181818181818,"VogtmannE_2016",8,3,50
0.863636363636364,"VogtmannE_2016",8,2,50
0.79,"VogtmannE_2016",8,1,50
0.827272727272727,"VogtmannE_2016",7,5,50
0.804545454545455,"VogtmannE_2016",7,4,50
0.854545454545454,"VogtmannE_2016",7,3,50
0.940909090909091,"VogtmannE_2016",7,2,50
0.855371900826446,"VogtmannE_2016",7,1,50
0.85,"VogtmannE_2016",6,5,50
0.881818181818182,"VogtmannE_2016",6,4,50
0.78,"VogtmannE_2016",6,3,50
0.718181818181818,"VogtmannE_2016",6,2,50
0.84,"VogtmannE_2016",6,1,50
0.851239669421488,"VogtmannE_2016",5,5,50
0.822314049586777,"VogtmannE_2016",5,4,50
0.859504132231405,"VogtmannE_2016",5,3,50
0.790909090909091,"VogtmannE_2016",5,2,50
0.954545454545454,"VogtmannE_2016",5,1,50
0.89,"VogtmannE_2016",4,5,50
0.64,"VogtmannE_2016",4,4,50
0.619834710743802,"VogtmannE_2016",4,3,50
0.75,"VogtmannE_2016",4,2,50
0.76,"VogtmannE_2016",4,1,50
0.9,"VogtmannE_2016",3,5,50
0.9,"VogtmannE_2016",3,4,50
0.963636363636364,"VogtmannE_2016",3,3,50
0.87603305785124,"VogtmannE_2016",3,2,50
0.818181818181818,"VogtmannE_2016",3,1,50
0.745454545454545,"VogtmannE_2016",2,5,50
0.881818181818182,"VogtmannE_2016",2,4,50
0.93,"VogtmannE_2016",2,3,50
0.88,"VogtmannE_2016",2,2,50
0.872727272727273,"VogtmannE_2016",2,1,50
0.82,"VogtmannE_2016",1,5,50
0.927272727272727,"VogtmannE_2016",1,4,50
0.790909090909091,"VogtmannE_2016",1,3,50
0.663636363636364,"VogtmannE_2016",1,2,50
0.785123966942149,"VogtmannE_2016",1,1,50
0.857142857142857,"ThomasAM_2018b",10,5,50
1,"ThomasAM_2018b",10,4,50
0.657142857142857,"ThomasAM_2018b",10,3,50
0.880952380952381,"ThomasAM_2018b",10,2,50
1,"ThomasAM_2018b",10,1,50
1,"ThomasAM_2018b",9,5,50
0.930555555555556,"ThomasAM_2018b",9,4,50
0.8,"ThomasAM_2018b",9,3,50
0.966666666666667,"ThomasAM_2018b",9,2,50
0.777777777777778,"ThomasAM_2018b",9,1,50
0.766666666666667,"ThomasAM_2018b",8,5,50
0.828571428571429,"ThomasAM_2018b",8,4,50
1,"ThomasAM_2018b",8,3,50
1,"ThomasAM_2018b",8,2,50
0.785714285714286,"ThomasAM_2018b",8,1,50
0.976190476190476,"ThomasAM_2018b",7,5,50
0.880952380952381,"ThomasAM_2018b",7,4,50
0.933333333333333,"ThomasAM_2018b",7,3,50
0.805555555555556,"ThomasAM_2018b",7,2,50
0.880952380952381,"ThomasAM_2018b",7,1,50
0.828571428571429,"ThomasAM_2018b",6,5,50
1,"ThomasAM_2018b",6,4,50
0.857142857142857,"ThomasAM_2018b",6,3,50
0.942857142857143,"ThomasAM_2018b",6,2,50
0.866666666666667,"ThomasAM_2018b",6,1,50
0.861111111111111,"ThomasAM_2018b",5,5,50
0.857142857142857,"ThomasAM_2018b",5,4,50
0.983333333333333,"ThomasAM_2018b",5,3,50
0.833333333333333,"ThomasAM_2018b",5,2,50
0.761904761904762,"ThomasAM_2018b",5,1,50
0.861111111111111,"ThomasAM_2018b",4,5,50
1,"ThomasAM_2018b",4,4,50
1,"ThomasAM_2018b",4,3,50
0.916666666666667,"ThomasAM_2018b",4,2,50
0.866666666666667,"ThomasAM_2018b",4,1,50
0.971428571428571,"ThomasAM_2018b",3,5,50
0.771428571428571,"ThomasAM_2018b",3,4,50
0.933333333333333,"ThomasAM_2018b",3,3,50
0.857142857142857,"ThomasAM_2018b",3,2,50
0.933333333333333,"ThomasAM_2018b",3,1,50
0.904761904761905,"ThomasAM_2018b",2,5,50
0.833333333333333,"ThomasAM_2018b",2,4,50
0.666666666666667,"ThomasAM_2018b",2,3,50
1,"ThomasAM_2018b",2,2,50
1,"ThomasAM_2018b",2,1,50
1,"ThomasAM_2018b",1,5,50
0.694444444444444,"ThomasAM_2018b",1,4,50
0.888888888888889,"ThomasAM_2018b",1,3,50
1,"ThomasAM_2018b",1,2,50
0.861111111111111,"ThomasAM_2018b",1,1,50
0.8,"ThomasAM_2018a",10,5,50
0.75,"ThomasAM_2018a",10,4,50
0.716666666666667,"ThomasAM_2018a",10,3,50
0.85,"ThomasAM_2018a",10,2,50
1,"ThomasAM_2018a",10,1,50
1,"ThomasAM_2018a",9,5,50
0.516666666666667,"ThomasAM_2018a",9,4,50
0.933333333333333,"ThomasAM_2018a",9,3,50
0.583333333333333,"ThomasAM_2018a",9,2,50
0.616666666666667,"ThomasAM_2018a",9,1,50
0.68,"ThomasAM_2018a",8,5,50
0.92,"ThomasAM_2018a",8,4,50
0.96,"ThomasAM_2018a",8,3,50
0.7,"ThomasAM_2018a",8,2,50
0.666666666666667,"ThomasAM_2018a",8,1,50
1,"ThomasAM_2018a",7,5,50
1,"ThomasAM_2018a",7,4,50
0.958333333333333,"ThomasAM_2018a",7,3,50
0.8,"ThomasAM_2018a",7,2,50
0.791666666666667,"ThomasAM_2018a",7,1,50
0.766666666666667,"ThomasAM_2018a",6,5,50
0.766666666666667,"ThomasAM_2018a",6,4,50
0.766666666666667,"ThomasAM_2018a",6,3,50
0.966666666666667,"ThomasAM_2018a",6,2,50
0.958333333333333,"ThomasAM_2018a",6,1,50
0.833333333333333,"ThomasAM_2018a",5,5,50
0.833333333333333,"ThomasAM_2018a",5,4,50
1,"ThomasAM_2018a",5,3,50
0.933333333333333,"ThomasAM_2018a",5,2,50
0.8,"ThomasAM_2018a",5,1,50
0.733333333333333,"ThomasAM_2018a",4,5,50
0.8,"ThomasAM_2018a",4,4,50
0.7,"ThomasAM_2018a",4,3,50
0.666666666666667,"ThomasAM_2018a",4,2,50
0.9,"ThomasAM_2018a",4,1,50
0.733333333333333,"ThomasAM_2018a",3,5,50
0.64,"ThomasAM_2018a",3,4,50
0.866666666666667,"ThomasAM_2018a",3,3,50
0.816666666666667,"ThomasAM_2018a",3,2,50
1,"ThomasAM_2018a",3,1,50
0.625,"ThomasAM_2018a",2,5,50
0.65,"ThomasAM_2018a",2,4,50
0.9,"ThomasAM_2018a",2,3,50
0.933333333333333,"ThomasAM_2018a",2,2,50
0.766666666666667,"ThomasAM_2018a",2,1,50
0.88,"ThomasAM_2018a",1,5,50
0.8,"ThomasAM_2018a",1,4,50
0.88,"ThomasAM_2018a",1,3,50
0.8,"ThomasAM_2018a",1,2,50
0.958333333333333,"ThomasAM_2018a",1,1,50
0.907407407407407,"FengQ_2015",10,5,50
0.816666666666667,"FengQ_2015",10,4,50
0.958333333333333,"FengQ_2015",10,3,50
0.898148148148148,"FengQ_2015",10,2,50
0.925925925925926,"FengQ_2015",10,1,50
1,"FengQ_2015",9,5,50
0.944444444444445,"FengQ_2015",9,4,50
0.87962962962963,"FengQ_2015",9,3,50
0.933333333333333,"FengQ_2015",9,2,50
1,"FengQ_2015",9,1,50
1,"FengQ_2015",8,5,50
0.972222222222222,"FengQ_2015",8,4,50
0.916666666666667,"FengQ_2015",8,3,50
0.825,"FengQ_2015",8,2,50
0.916666666666667,"FengQ_2015",8,1,50
0.991452991452991,"FengQ_2015",7,5,50
1,"FengQ_2015",7,4,50
0.876923076923077,"FengQ_2015",7,3,50
0.990740740740741,"FengQ_2015",7,2,50
0.898148148148148,"FengQ_2015",7,1,50
0.87037037037037,"FengQ_2015",6,5,50
0.74537037037037,"FengQ_2015",6,4,50
1,"FengQ_2015",6,3,50
1,"FengQ_2015",6,2,50
0.731481481481481,"FengQ_2015",6,1,50
1,"FengQ_2015",5,5,50
0.916666666666667,"FengQ_2015",5,4,50
0.975,"FengQ_2015",5,3,50
0.907407407407407,"FengQ_2015",5,2,50
1,"FengQ_2015",5,1,50
0.962962962962963,"FengQ_2015",4,5,50
0.933333333333333,"FengQ_2015",4,4,50
0.820512820512821,"FengQ_2015",4,3,50
0.981481481481482,"FengQ_2015",4,2,50
0.944444444444445,"FengQ_2015",4,1,50
0.958333333333333,"FengQ_2015",3,5,50
1,"FengQ_2015",3,4,50
1,"FengQ_2015",3,3,50
0.893518518518518,"FengQ_2015",3,2,50
0.957264957264957,"FengQ_2015",3,1,50
0.869230769230769,"FengQ_2015",2,5,50
0.925,"FengQ_2015",2,4,50
0.925925925925926,"FengQ_2015",2,3,50
0.851851851851852,"FengQ_2015",2,2,50
1,"FengQ_2015",2,1,50
0.972222222222222,"FengQ_2015",1,5,50
0.966666666666667,"FengQ_2015",1,4,50
0.8875,"FengQ_2015",1,3,50
0.94017094017094,"FengQ_2015",1,2,50
0.953703703703704,"FengQ_2015",1,1,50
0.974358974358974,"PRJEB27928",10,5,40
0.974358974358974,"PRJEB27928",10,4,40
0.974358974358974,"PRJEB27928",10,3,40
0.987179487179487,"PRJEB27928",10,2,40
0.92948717948718,"PRJEB27928",10,1,40
0.967948717948718,"PRJEB27928",9,5,40
0.980769230769231,"PRJEB27928",9,4,40
1,"PRJEB27928",9,3,40
0.980769230769231,"PRJEB27928",9,2,40
0.942307692307692,"PRJEB27928",9,1,40
0.980769230769231,"PRJEB27928",8,5,40
0.987179487179487,"PRJEB27928",8,4,40
0.961538461538462,"PRJEB27928",8,3,40
0.987179487179487,"PRJEB27928",8,2,40
0.878205128205128,"PRJEB27928",8,1,40
0.923076923076923,"PRJEB27928",7,5,40
0.987179487179487,"PRJEB27928",7,4,40
0.923076923076923,"PRJEB27928",7,3,40
0.884615384615385,"PRJEB27928",7,2,40
0.961538461538461,"PRJEB27928",7,1,40
0.903846153846154,"PRJEB27928",6,5,40
1,"PRJEB27928",6,4,40
0.987179487179487,"PRJEB27928",6,3,40
0.935897435897436,"PRJEB27928",6,2,40
0.967948717948718,"PRJEB27928",6,1,40
0.897435897435897,"PRJEB27928",5,5,40
0.955128205128205,"PRJEB27928",5,4,40
0.916666666666667,"PRJEB27928",5,3,40
0.948717948717949,"PRJEB27928",5,2,40
0.929487179487179,"PRJEB27928",5,1,40
0.993589743589744,"PRJEB27928",4,5,40
1,"PRJEB27928",4,4,40
0.891025641025641,"PRJEB27928",4,3,40
0.980769230769231,"PRJEB27928",4,2,40
0.951923076923077,"PRJEB27928",4,1,40
1,"PRJEB27928",3,5,40
1,"PRJEB27928",3,4,40
0.919871794871795,"PRJEB27928",3,3,40
1,"PRJEB27928",3,2,40
1,"PRJEB27928",3,1,40
0.942307692307692,"PRJEB27928",2,5,40
0.980769230769231,"PRJEB27928",2,4,40
1,"PRJEB27928",2,3,40
0.939102564102564,"PRJEB27928",2,2,40
0.980769230769231,"PRJEB27928",2,1,40
0.987179487179487,"PRJEB27928",1,5,40
0.955128205128205,"PRJEB27928",1,4,40
0.974358974358974,"PRJEB27928",1,3,40
0.919871794871795,"PRJEB27928",1,2,40
0.974358974358974,"PRJEB27928",1,1,40
0.9375,"PRJDB4176",10,5,40
0.7421875,"PRJDB4176",10,4,40
0.921875,"PRJDB4176",10,3,40
0.8125,"PRJDB4176",10,2,40
0.875,"PRJDB4176",10,1,40
0.8984375,"PRJDB4176",9,5,40
0.921875,"PRJDB4176",9,4,40
1,"PRJDB4176",9,3,40
0.921875,"PRJDB4176",9,2,40
0.828125,"PRJDB4176",9,1,40
0.8359375,"PRJDB4176",8,5,40
0.96875,"PRJDB4176",8,4,40
0.8203125,"PRJDB4176",8,3,40
0.796875,"PRJDB4176",8,2,40
0.75,"PRJDB4176",8,1,40
0.953125,"PRJDB4176",7,5,40
0.828125,"PRJDB4176",7,4,40
0.8125,"PRJDB4176",7,3,40
0.953125,"PRJDB4176",7,2,40
0.8984375,"PRJDB4176",7,1,40
0.828125,"PRJDB4176",6,5,40
0.875,"PRJDB4176",6,4,40
0.953125,"PRJDB4176",6,3,40
0.9375,"PRJDB4176",6,2,40
0.8125,"PRJDB4176",6,1,40
0.7265625,"PRJDB4176",5,5,40
0.8125,"PRJDB4176",5,4,40
0.78125,"PRJDB4176",5,3,40
0.90625,"PRJDB4176",5,2,40
0.9375,"PRJDB4176",5,1,40
0.9375,"PRJDB4176",4,5,40
0.828125,"PRJDB4176",4,4,40
0.875,"PRJDB4176",4,3,40
1,"PRJDB4176",4,2,40
0.875,"PRJDB4176",4,1,40
1,"PRJDB4176",3,5,40
1,"PRJDB4176",3,4,40
0.734375,"PRJDB4176",3,3,40
0.96875,"PRJDB4176",3,2,40
0.9453125,"PRJDB4176",3,1,40
0.984375,"PRJDB4176",2,5,40
0.96875,"PRJDB4176",2,4,40
0.828125,"PRJDB4176",2,3,40
0.859375,"PRJDB4176",2,2,40
0.84375,"PRJDB4176",2,1,40
0.96875,"PRJDB4176",1,5,40
0.7890625,"PRJDB4176",1,4,40
0.984375,"PRJDB4176",1,3,40
0.953125,"PRJDB4176",1,2,40
0.890625,"PRJDB4176",1,1,40
0.874125874125874,"ZellerG_2014",10,5,40
0.901515151515151,"ZellerG_2014",10,4,40
0.916666666666667,"ZellerG_2014",10,3,40
0.975,"ZellerG_2014",10,2,40
0.783216783216783,"ZellerG_2014",10,1,40
0.977272727272727,"ZellerG_2014",9,5,40
0.946969696969697,"ZellerG_2014",9,4,40
0.871212121212121,"ZellerG_2014",9,3,40
0.986013986013986,"ZellerG_2014",9,2,40
0.908333333333333,"ZellerG_2014",9,1,40
1,"ZellerG_2014",8,5,40
0.856060606060606,"ZellerG_2014",8,4,40
0.871212121212121,"ZellerG_2014",8,3,40
0.93006993006993,"ZellerG_2014",8,2,40
0.911538461538462,"ZellerG_2014",8,1,40
0.893939393939394,"ZellerG_2014",7,5,40
0.783216783216783,"ZellerG_2014",7,4,40
0.856060606060606,"ZellerG_2014",7,3,40
0.958333333333333,"ZellerG_2014",7,2,40
0.954545454545454,"ZellerG_2014",7,1,40
0.886363636363636,"ZellerG_2014",6,5,40
0.954545454545454,"ZellerG_2014",6,4,40
0.928030303030303,"ZellerG_2014",6,3,40
0.9625,"ZellerG_2014",6,2,40
0.915384615384615,"ZellerG_2014",6,1,40
0.984615384615385,"ZellerG_2014",5,5,40
0.933333333333333,"ZellerG_2014",5,4,40
1,"ZellerG_2014",5,3,40
0.991666666666667,"ZellerG_2014",5,2,40
0.803030303030303,"ZellerG_2014",5,1,40
0.841666666666667,"ZellerG_2014",4,5,40
0.966666666666667,"ZellerG_2014",4,4,40
0.875,"ZellerG_2014",4,3,40
0.924242424242424,"ZellerG_2014",4,2,40
0.966666666666667,"ZellerG_2014",4,1,40
0.916666666666667,"ZellerG_2014",3,5,40
0.958333333333333,"ZellerG_2014",3,4,40
0.977272727272727,"ZellerG_2014",3,3,40
0.916666666666667,"ZellerG_2014",3,2,40
1,"ZellerG_2014",3,1,40
0.84469696969697,"ZellerG_2014",2,5,40
0.983333333333333,"ZellerG_2014",2,4,40
0.867424242424242,"ZellerG_2014",2,3,40
0.962121212121212,"ZellerG_2014",2,2,40
0.975,"ZellerG_2014",2,1,40
0.810606060606061,"ZellerG_2014",1,5,40
0.85,"ZellerG_2014",1,4,40
0.875,"ZellerG_2014",1,3,40
0.923076923076923,"ZellerG_2014",1,2,40
0.979020979020979,"ZellerG_2014",1,1,40
0.94,"YuJ_2015",10,5,40
0.84,"YuJ_2015",10,4,40
0.953333333333333,"YuJ_2015",10,3,40
0.913333333333333,"YuJ_2015",10,2,40
0.903030303030303,"YuJ_2015",10,1,40
0.812121212121212,"YuJ_2015",9,5,40
0.906666666666667,"YuJ_2015",9,4,40
0.74,"YuJ_2015",9,3,40
0.853333333333333,"YuJ_2015",9,2,40
0.860606060606061,"YuJ_2015",9,1,40
0.946666666666667,"YuJ_2015",8,5,40
0.94,"YuJ_2015",8,4,40
0.946666666666667,"YuJ_2015",8,3,40
0.754545454545455,"YuJ_2015",8,2,40
0.993939393939394,"YuJ_2015",8,1,40
0.8,"YuJ_2015",7,5,40
0.872727272727273,"YuJ_2015",7,4,40
0.866666666666667,"YuJ_2015",7,3,40
0.918181818181818,"YuJ_2015",7,2,40
0.78,"YuJ_2015",7,1,40
0.872727272727273,"YuJ_2015",6,5,40
0.893333333333333,"YuJ_2015",6,4,40
0.903030303030303,"YuJ_2015",6,3,40
0.886666666666667,"YuJ_2015",6,2,40
0.875757575757576,"YuJ_2015",6,1,40
0.886666666666667,"YuJ_2015",5,5,40
0.773333333333333,"YuJ_2015",5,4,40
0.973333333333333,"YuJ_2015",5,3,40
0.787878787878788,"YuJ_2015",5,2,40
0.86,"YuJ_2015",5,1,40
0.778787878787879,"YuJ_2015",4,5,40
0.866666666666667,"YuJ_2015",4,4,40
0.866666666666667,"YuJ_2015",4,3,40
0.803333333333333,"YuJ_2015",4,2,40
0.806060606060606,"YuJ_2015",4,1,40
0.884848484848485,"YuJ_2015",3,5,40
0.860606060606061,"YuJ_2015",3,4,40
0.751515151515152,"YuJ_2015",3,3,40
0.927272727272727,"YuJ_2015",3,2,40
0.827272727272727,"YuJ_2015",3,1,40
0.906666666666667,"YuJ_2015",2,5,40
0.854545454545454,"YuJ_2015",2,4,40
0.913333333333333,"YuJ_2015",2,3,40
0.927272727272727,"YuJ_2015",2,2,40
0.939393939393939,"YuJ_2015",2,1,40
0.896969696969697,"YuJ_2015",1,5,40
0.966666666666667,"YuJ_2015",1,4,40
0.775757575757576,"YuJ_2015",1,3,40
0.921212121212121,"YuJ_2015",1,2,40
0.84,"YuJ_2015",1,1,40
0.822314049586777,"VogtmannE_2016",10,5,40
0.661157024793388,"VogtmannE_2016",10,4,40
0.645,"VogtmannE_2016",10,3,40
0.72,"VogtmannE_2016",10,2,40
0.727272727272727,"VogtmannE_2016",10,1,40
0.740909090909091,"VogtmannE_2016",9,5,40
0.940909090909091,"VogtmannE_2016",9,4,40
0.88,"VogtmannE_2016",9,3,40
0.981818181818182,"VogtmannE_2016",9,2,40
0.718181818181818,"VogtmannE_2016",9,1,40
0.75,"VogtmannE_2016",8,5,40
0.818181818181818,"VogtmannE_2016",8,4,40
0.735537190082645,"VogtmannE_2016",8,3,40
0.663636363636364,"VogtmannE_2016",8,2,40
0.82,"VogtmannE_2016",8,1,40
0.793388429752066,"VogtmannE_2016",7,5,40
0.704545454545454,"VogtmannE_2016",7,4,40
0.790909090909091,"VogtmannE_2016",7,3,40
0.9,"VogtmannE_2016",7,2,40
0.809090909090909,"VogtmannE_2016",7,1,40
0.809090909090909,"VogtmannE_2016",6,5,40
0.84297520661157,"VogtmannE_2016",6,4,40
0.867768595041322,"VogtmannE_2016",6,3,40
0.718181818181818,"VogtmannE_2016",6,2,40
0.890909090909091,"VogtmannE_2016",6,1,40
0.718181818181818,"VogtmannE_2016",5,5,40
0.736363636363636,"VogtmannE_2016",5,4,40
0.78,"VogtmannE_2016",5,3,40
0.9,"VogtmannE_2016",5,2,40
0.84,"VogtmannE_2016",5,1,40
0.859504132231405,"VogtmannE_2016",4,5,40
0.618181818181818,"VogtmannE_2016",4,4,40
1,"VogtmannE_2016",4,3,40
0.59,"VogtmannE_2016",4,2,40
0.851239669421488,"VogtmannE_2016",4,1,40
0.686363636363636,"VogtmannE_2016",3,5,40
0.644628099173554,"VogtmannE_2016",3,4,40
0.745,"VogtmannE_2016",3,3,40
0.54,"VogtmannE_2016",3,2,40
0.88,"VogtmannE_2016",3,1,40
0.709090909090909,"VogtmannE_2016",2,5,40
0.745454545454545,"VogtmannE_2016",2,4,40
0.854545454545454,"VogtmannE_2016",2,3,40
0.855,"VogtmannE_2016",2,2,40
0.818181818181818,"VogtmannE_2016",2,1,40
0.705,"VogtmannE_2016",1,5,40
0.709090909090909,"VogtmannE_2016",1,4,40
0.81,"VogtmannE_2016",1,3,40
0.781818181818182,"VogtmannE_2016",1,2,40
0.759090909090909,"VogtmannE_2016",1,1,40
0.845238095238095,"ThomasAM_2018b",10,5,40
0.814285714285714,"ThomasAM_2018b",10,4,40
0.971428571428571,"ThomasAM_2018b",10,3,40
0.885714285714286,"ThomasAM_2018b",10,2,40
0.866666666666667,"ThomasAM_2018b",10,1,40
0.833333333333333,"ThomasAM_2018b",9,5,40
0.964285714285714,"ThomasAM_2018b",9,4,40
0.866666666666667,"ThomasAM_2018b",9,3,40
0.972222222222222,"ThomasAM_2018b",9,2,40
0.944444444444445,"ThomasAM_2018b",9,1,40
0.771428571428571,"ThomasAM_2018b",8,5,40
0.944444444444445,"ThomasAM_2018b",8,4,40
0.892857142857143,"ThomasAM_2018b",8,3,40
0.972222222222222,"ThomasAM_2018b",8,2,40
0.888888888888889,"ThomasAM_2018b",8,1,40
0.833333333333333,"ThomasAM_2018b",7,5,40
0.916666666666667,"ThomasAM_2018b",7,4,40
0.976190476190476,"ThomasAM_2018b",7,3,40
0.914285714285714,"ThomasAM_2018b",7,2,40
1,"ThomasAM_2018b",7,1,40
0.892857142857143,"ThomasAM_2018b",6,5,40
0.976190476190476,"ThomasAM_2018b",6,4,40
1,"ThomasAM_2018b",6,3,40
1,"ThomasAM_2018b",6,2,40
0.914285714285714,"ThomasAM_2018b",6,1,40
0.944444444444445,"ThomasAM_2018b",5,5,40
0.904761904761905,"ThomasAM_2018b",5,4,40
1,"ThomasAM_2018b",5,3,40
1,"ThomasAM_2018b",5,2,40
0.928571428571429,"ThomasAM_2018b",5,1,40
0.971428571428571,"ThomasAM_2018b",4,5,40
0.944444444444445,"ThomasAM_2018b",4,4,40
0.942857142857143,"ThomasAM_2018b",4,3,40
0.933333333333333,"ThomasAM_2018b",4,2,40
1,"ThomasAM_2018b",4,1,40
0.966666666666667,"ThomasAM_2018b",3,5,40
0.976190476190476,"ThomasAM_2018b",3,4,40
0.972222222222222,"ThomasAM_2018b",3,3,40
0.933333333333333,"ThomasAM_2018b",3,2,40
0.976190476190476,"ThomasAM_2018b",3,1,40
1,"ThomasAM_2018b",2,5,40
0.952380952380952,"ThomasAM_2018b",2,4,40
1,"ThomasAM_2018b",2,3,40
0.902777777777778,"ThomasAM_2018b",2,2,40
0.833333333333333,"ThomasAM_2018b",2,1,40
0.888888888888889,"ThomasAM_2018b",1,5,40
1,"ThomasAM_2018b",1,4,40
0.805555555555556,"ThomasAM_2018b",1,3,40
0.928571428571429,"ThomasAM_2018b",1,2,40
0.976190476190476,"ThomasAM_2018b",1,1,40
0.625,"ThomasAM_2018a",10,5,40
0.966666666666667,"ThomasAM_2018a",10,4,40
0.75,"ThomasAM_2018a",10,3,40
0.7,"ThomasAM_2018a",10,2,40
0.9,"ThomasAM_2018a",10,1,40
0.966666666666667,"ThomasAM_2018a",9,5,40
0.833333333333333,"ThomasAM_2018a",9,4,40
0.783333333333333,"ThomasAM_2018a",9,3,40
0.6,"ThomasAM_2018a",9,2,40
0.84,"ThomasAM_2018a",9,1,40
0.833333333333333,"ThomasAM_2018a",8,5,40
1,"ThomasAM_2018a",8,4,40
0.683333333333333,"ThomasAM_2018a",8,3,40
0.875,"ThomasAM_2018a",8,2,40
0.7,"ThomasAM_2018a",8,1,40
0.7,"ThomasAM_2018a",7,5,40
0.52,"ThomasAM_2018a",7,4,40
0.733333333333333,"ThomasAM_2018a",7,3,40
1,"ThomasAM_2018a",7,2,40
0.708333333333333,"ThomasAM_2018a",7,1,40
0.8,"ThomasAM_2018a",6,5,40
0.733333333333333,"ThomasAM_2018a",6,4,40
1,"ThomasAM_2018a",6,3,40
0.9,"ThomasAM_2018a",6,2,40
0.833333333333333,"ThomasAM_2018a",6,1,40
0.666666666666667,"ThomasAM_2018a",5,5,40
0.866666666666667,"ThomasAM_2018a",5,4,40
0.76,"ThomasAM_2018a",5,3,40
0.366666666666667,"ThomasAM_2018a",5,2,40
0.7,"ThomasAM_2018a",5,1,40
0.75,"ThomasAM_2018a",4,5,40
0.933333333333333,"ThomasAM_2018a",4,4,40
0.883333333333333,"ThomasAM_2018a",4,3,40
0.633333333333333,"ThomasAM_2018a",4,2,40
1,"ThomasAM_2018a",4,1,40
0.5,"ThomasAM_2018a",3,5,40
0.766666666666667,"ThomasAM_2018a",3,4,40
0.6,"ThomasAM_2018a",3,3,40
0.716666666666667,"ThomasAM_2018a",3,2,40
0.966666666666667,"ThomasAM_2018a",3,1,40
0.666666666666667,"ThomasAM_2018a",2,5,40
0.75,"ThomasAM_2018a",2,4,40
0.72,"ThomasAM_2018a",2,3,40
0.88,"ThomasAM_2018a",2,2,40
1,"ThomasAM_2018a",2,1,40
0.866666666666667,"ThomasAM_2018a",1,5,40
0.9,"ThomasAM_2018a",1,4,40
0.466666666666667,"ThomasAM_2018a",1,3,40
0.766666666666667,"ThomasAM_2018a",1,2,40
0.8,"ThomasAM_2018a",1,1,40
0.962962962962963,"FengQ_2015",10,5,40
1,"FengQ_2015",10,4,40
0.975,"FengQ_2015",10,3,40
0.851851851851852,"FengQ_2015",10,2,40
0.953703703703704,"FengQ_2015",10,1,40
0.981481481481482,"FengQ_2015",9,5,40
0.972222222222222,"FengQ_2015",9,4,40
1,"FengQ_2015",9,3,40
0.958333333333333,"FengQ_2015",9,2,40
1,"FengQ_2015",9,1,40
0.983333333333333,"FengQ_2015",8,5,40
0.828703703703703,"FengQ_2015",8,4,40
0.962962962962963,"FengQ_2015",8,3,40
0.87962962962963,"FengQ_2015",8,2,40
0.935185185185185,"FengQ_2015",8,1,40
0.935185185185185,"FengQ_2015",7,5,40
0.990740740740741,"FengQ_2015",7,4,40
0.975,"FengQ_2015",7,3,40
0.944444444444445,"FengQ_2015",7,2,40
0.953703703703704,"FengQ_2015",7,1,40
0.87037037037037,"FengQ_2015",6,5,40
0.953703703703704,"FengQ_2015",6,4,40
0.972222222222222,"FengQ_2015",6,3,40
0.958333333333333,"FengQ_2015",6,2,40
0.944444444444445,"FengQ_2015",6,1,40
0.969230769230769,"FengQ_2015",5,5,40
0.837962962962963,"FengQ_2015",5,4,40
0.9,"FengQ_2015",5,3,40
0.944444444444444,"FengQ_2015",5,2,40
0.990740740740741,"FengQ_2015",5,1,40
0.962962962962963,"FengQ_2015",4,5,40
0.944444444444445,"FengQ_2015",4,4,40
0.925925925925926,"FengQ_2015",4,3,40
0.916666666666667,"FengQ_2015",4,2,40
0.851851851851852,"FengQ_2015",4,1,40
1,"FengQ_2015",3,5,40
0.888888888888889,"FengQ_2015",3,4,40
1,"FengQ_2015",3,3,40
1,"FengQ_2015",3,2,40
0.949074074074074,"FengQ_2015",3,1,40
0.991666666666667,"FengQ_2015",2,5,40
0.916666666666667,"FengQ_2015",2,4,40
0.925925925925926,"FengQ_2015",2,3,40
0.972222222222222,"FengQ_2015",2,2,40
0.974358974358974,"FengQ_2015",2,1,40
0.944444444444445,"FengQ_2015",1,5,40
0.95,"FengQ_2015",1,4,40
0.953703703703704,"FengQ_2015",1,3,40
0.972222222222222,"FengQ_2015",1,2,40
0.914529914529915,"FengQ_2015",1,1,40
1,"PRJEB27928",10,5,30
1,"PRJEB27928",10,4,30
0.961538461538462,"PRJEB27928",10,3,30
0.987179487179487,"PRJEB27928",10,2,30
0.987179487179487,"PRJEB27928",10,1,30
0.942307692307692,"PRJEB27928",9,5,30
0.961538461538462,"PRJEB27928",9,4,30
0.955128205128205,"PRJEB27928",9,3,30
0.951923076923077,"PRJEB27928",9,2,30
0.980769230769231,"PRJEB27928",9,1,30
1,"PRJEB27928",8,5,30
0.967948717948718,"PRJEB27928",8,4,30
0.980769230769231,"PRJEB27928",8,3,30
0.955128205128205,"PRJEB27928",8,2,30
1,"PRJEB27928",8,1,30
0.967948717948718,"PRJEB27928",7,5,30
0.967948717948718,"PRJEB27928",7,4,30
0.967948717948718,"PRJEB27928",7,3,30
0.974358974358974,"PRJEB27928",7,2,30
0.967948717948718,"PRJEB27928",7,1,30
0.993589743589744,"PRJEB27928",6,5,30
0.980769230769231,"PRJEB27928",6,4,30
0.993589743589744,"PRJEB27928",6,3,30
0.961538461538461,"PRJEB27928",6,2,30
0.987179487179487,"PRJEB27928",6,1,30
0.980769230769231,"PRJEB27928",5,5,30
0.961538461538462,"PRJEB27928",5,4,30
0.996794871794872,"PRJEB27928",5,3,30
0.955128205128205,"PRJEB27928",5,2,30
0.91025641025641,"PRJEB27928",5,1,30
0.980769230769231,"PRJEB27928",4,5,30
0.955128205128205,"PRJEB27928",4,4,30
0.974358974358974,"PRJEB27928",4,3,30
0.974358974358974,"PRJEB27928",4,2,30
0.967948717948718,"PRJEB27928",4,1,30
0.923076923076923,"PRJEB27928",3,5,30
0.942307692307692,"PRJEB27928",3,4,30
0.987179487179487,"PRJEB27928",3,3,30
0.961538461538462,"PRJEB27928",3,2,30
0.967948717948718,"PRJEB27928",3,1,30
0.987179487179487,"PRJEB27928",2,5,30
0.884615384615385,"PRJEB27928",2,4,30
0.974358974358974,"PRJEB27928",2,3,30
0.942307692307692,"PRJEB27928",2,2,30
0.974358974358974,"PRJEB27928",2,1,30
0.955128205128205,"PRJEB27928",1,5,30
0.974358974358974,"PRJEB27928",1,4,30
1,"PRJEB27928",1,3,30
0.948717948717949,"PRJEB27928",1,2,30
0.961538461538461,"PRJEB27928",1,1,30
0.625,"PRJDB4176",10,5,30
0.953125,"PRJDB4176",10,4,30
0.828125,"PRJDB4176",10,3,30
0.921875,"PRJDB4176",10,2,30
0.953125,"PRJDB4176",10,1,30
0.8046875,"PRJDB4176",9,5,30
0.8203125,"PRJDB4176",9,4,30
1,"PRJDB4176",9,3,30
0.75,"PRJDB4176",9,2,30
0.8828125,"PRJDB4176",9,1,30
0.765625,"PRJDB4176",8,5,30
0.828125,"PRJDB4176",8,4,30
1,"PRJDB4176",8,3,30
0.84375,"PRJDB4176",8,2,30
0.734375,"PRJDB4176",8,1,30
0.859375,"PRJDB4176",7,5,30
0.75,"PRJDB4176",7,4,30
0.6953125,"PRJDB4176",7,3,30
0.890625,"PRJDB4176",7,2,30
0.84375,"PRJDB4176",7,1,30
0.75,"PRJDB4176",6,5,30
0.953125,"PRJDB4176",6,4,30
0.8125,"PRJDB4176",6,3,30
0.8359375,"PRJDB4176",6,2,30
0.890625,"PRJDB4176",6,1,30
0.96875,"PRJDB4176",5,5,30
0.984375,"PRJDB4176",5,4,30
0.96875,"PRJDB4176",5,3,30
0.546875,"PRJDB4176",5,2,30
0.90625,"PRJDB4176",5,1,30
0.890625,"PRJDB4176",4,5,30
0.765625,"PRJDB4176",4,4,30
0.796875,"PRJDB4176",4,3,30
0.875,"PRJDB4176",4,2,30
0.90625,"PRJDB4176",4,1,30
0.78125,"PRJDB4176",3,5,30
0.921875,"PRJDB4176",3,4,30
0.828125,"PRJDB4176",3,3,30
0.921875,"PRJDB4176",3,2,30
0.84375,"PRJDB4176",3,1,30
0.921875,"PRJDB4176",2,5,30
0.953125,"PRJDB4176",2,4,30
0.921875,"PRJDB4176",2,3,30
1,"PRJDB4176",2,2,30
0.8515625,"PRJDB4176",2,1,30
0.859375,"PRJDB4176",1,5,30
0.96875,"PRJDB4176",1,4,30
0.84375,"PRJDB4176",1,3,30
0.890625,"PRJDB4176",1,2,30
0.921875,"PRJDB4176",1,1,30
0.892307692307692,"ZellerG_2014",10,5,30
0.852272727272727,"ZellerG_2014",10,4,30
0.85,"ZellerG_2014",10,3,30
0.962121212121212,"ZellerG_2014",10,2,30
0.884615384615385,"ZellerG_2014",10,1,30
0.866666666666667,"ZellerG_2014",9,5,30
0.775,"ZellerG_2014",9,4,30
0.840909090909091,"ZellerG_2014",9,3,30
0.8375,"ZellerG_2014",9,2,30
0.78030303030303,"ZellerG_2014",9,1,30
0.941666666666667,"ZellerG_2014",8,5,30
0.818181818181818,"ZellerG_2014",8,4,30
0.795454545454545,"ZellerG_2014",8,3,30
0.977272727272727,"ZellerG_2014",8,2,30
0.886363636363636,"ZellerG_2014",8,1,30
0.825757575757576,"ZellerG_2014",7,5,30
0.925,"ZellerG_2014",7,4,30
1,"ZellerG_2014",7,3,30
0.991666666666667,"ZellerG_2014",7,2,30
0.984848484848485,"ZellerG_2014",7,1,30
0.901515151515151,"ZellerG_2014",6,5,30
0.916666666666667,"ZellerG_2014",6,4,30
0.962121212121212,"ZellerG_2014",6,3,30
0.916666666666667,"ZellerG_2014",6,2,30
0.875,"ZellerG_2014",6,1,30
0.916666666666667,"ZellerG_2014",5,5,30
0.939393939393939,"ZellerG_2014",5,4,30
0.909090909090909,"ZellerG_2014",5,3,30
0.931818181818182,"ZellerG_2014",5,2,30
0.803030303030303,"ZellerG_2014",5,1,30
0.95,"ZellerG_2014",4,5,30
0.825757575757576,"ZellerG_2014",4,4,30
0.791666666666667,"ZellerG_2014",4,3,30
0.931818181818182,"ZellerG_2014",4,2,30
0.923076923076923,"ZellerG_2014",4,1,30
0.934615384615385,"ZellerG_2014",3,5,30
0.941666666666667,"ZellerG_2014",3,4,30
0.915384615384615,"ZellerG_2014",3,3,30
0.888111888111888,"ZellerG_2014",3,2,30
1,"ZellerG_2014",3,1,30
0.846153846153846,"ZellerG_2014",2,5,30
0.883333333333333,"ZellerG_2014",2,4,30
0.816666666666667,"ZellerG_2014",2,3,30
0.96969696969697,"ZellerG_2014",2,2,30
0.859848484848485,"ZellerG_2014",2,1,30
0.791666666666667,"ZellerG_2014",1,5,30
0.833333333333333,"ZellerG_2014",1,4,30
0.946969696969697,"ZellerG_2014",1,3,30
0.848484848484849,"ZellerG_2014",1,2,30
0.965909090909091,"ZellerG_2014",1,1,30
0.957575757575758,"YuJ_2015",10,5,30
0.893333333333333,"YuJ_2015",10,4,30
0.778787878787879,"YuJ_2015",10,3,30
0.886666666666667,"YuJ_2015",10,2,30
0.986666666666667,"YuJ_2015",10,1,30
0.748484848484848,"YuJ_2015",9,5,30
0.927272727272727,"YuJ_2015",9,4,30
0.866666666666667,"YuJ_2015",9,3,30
0.906666666666667,"YuJ_2015",9,2,30
0.813333333333333,"YuJ_2015",9,1,30
0.878787878787879,"YuJ_2015",8,5,30
0.803030303030303,"YuJ_2015",8,4,30
0.88,"YuJ_2015",8,3,30
0.823333333333333,"YuJ_2015",8,2,30
0.77,"YuJ_2015",8,1,30
0.939393939393939,"YuJ_2015",7,5,30
0.796666666666667,"YuJ_2015",7,4,30
0.878787878787879,"YuJ_2015",7,3,30
0.903030303030303,"YuJ_2015",7,2,30
0.945454545454545,"YuJ_2015",7,1,30
0.793333333333333,"YuJ_2015",6,5,30
0.86060606060606,"YuJ_2015",6,4,30
0.933333333333333,"YuJ_2015",6,3,30
0.913333333333333,"YuJ_2015",6,2,30
0.88,"YuJ_2015",6,1,30
0.86,"YuJ_2015",5,5,30
0.951515151515152,"YuJ_2015",5,4,30
0.853333333333333,"YuJ_2015",5,3,30
0.921212121212121,"YuJ_2015",5,2,30
0.921212121212121,"YuJ_2015",5,1,30
0.921212121212121,"YuJ_2015",4,5,30
0.866666666666667,"YuJ_2015",4,4,30
0.854545454545455,"YuJ_2015",4,3,30
0.872727272727273,"YuJ_2015",4,2,30
0.843333333333333,"YuJ_2015",4,1,30
0.893939393939394,"YuJ_2015",3,5,30
0.921212121212121,"YuJ_2015",3,4,30
0.921212121212121,"YuJ_2015",3,3,30
0.806060606060606,"YuJ_2015",3,2,30
0.94,"YuJ_2015",3,1,30
0.806060606060606,"YuJ_2015",2,5,30
0.887878787878788,"YuJ_2015",2,4,30
0.963636363636364,"YuJ_2015",2,3,30
0.915151515151515,"YuJ_2015",2,2,30
0.913333333333333,"YuJ_2015",2,1,30
0.733333333333333,"YuJ_2015",1,5,30
0.86060606060606,"YuJ_2015",1,4,30
0.846666666666667,"YuJ_2015",1,3,30
0.9,"YuJ_2015",1,2,30
0.915151515151515,"YuJ_2015",1,1,30
0.772727272727273,"VogtmannE_2016",10,5,30
0.822727272727273,"VogtmannE_2016",10,4,30
0.927272727272727,"VogtmannE_2016",10,3,30
0.727272727272727,"VogtmannE_2016",10,2,30
0.75,"VogtmannE_2016",10,1,30
0.705,"VogtmannE_2016",9,5,30
0.7,"VogtmannE_2016",9,4,30
0.79,"VogtmannE_2016",9,3,30
0.709090909090909,"VogtmannE_2016",9,2,30
0.809090909090909,"VogtmannE_2016",9,1,30
0.777272727272727,"VogtmannE_2016",8,5,30
0.845454545454545,"VogtmannE_2016",8,4,30
0.277272727272727,"VogtmannE_2016",8,3,30
0.768181818181818,"VogtmannE_2016",8,2,30
0.681818181818182,"VogtmannE_2016",8,1,30
0.822727272727273,"VogtmannE_2016",7,5,30
0.645454545454545,"VogtmannE_2016",7,4,30
0.754545454545455,"VogtmannE_2016",7,3,30
0.73,"VogtmannE_2016",7,2,30
0.740909090909091,"VogtmannE_2016",7,1,30
0.76,"VogtmannE_2016",6,5,30
0.89,"VogtmannE_2016",6,4,30
0.82,"VogtmannE_2016",6,3,30
0.91,"VogtmannE_2016",6,2,30
0.786363636363636,"VogtmannE_2016",6,1,30
0.763636363636364,"VogtmannE_2016",5,5,30
0.735537190082645,"VogtmannE_2016",5,4,30
0.690909090909091,"VogtmannE_2016",5,3,30
0.727272727272727,"VogtmannE_2016",5,2,30
0.71,"VogtmannE_2016",5,1,30
0.735,"VogtmannE_2016",4,5,30
0.836363636363636,"VogtmannE_2016",4,4,30
0.71,"VogtmannE_2016",4,3,30
0.627272727272727,"VogtmannE_2016",4,2,30
0.822727272727273,"VogtmannE_2016",4,1,30
0.8,"VogtmannE_2016",3,5,30
0.851239669421488,"VogtmannE_2016",3,4,30
0.81,"VogtmannE_2016",3,3,30
0.663636363636364,"VogtmannE_2016",3,2,30
0.763636363636364,"VogtmannE_2016",3,1,30
0.863636363636364,"VogtmannE_2016",2,5,30
0.75,"VogtmannE_2016",2,4,30
0.67,"VogtmannE_2016",2,3,30
0.49,"VogtmannE_2016",2,2,30
0.822314049586777,"VogtmannE_2016",2,1,30
0.74,"VogtmannE_2016",1,5,30
0.636363636363636,"VogtmannE_2016",1,4,30
0.727272727272727,"VogtmannE_2016",1,3,30
0.918181818181818,"VogtmannE_2016",1,2,30
0.645454545454545,"VogtmannE_2016",1,1,30
0.866666666666667,"ThomasAM_2018b",10,5,30
0.964285714285714,"ThomasAM_2018b",10,4,30
0.888888888888889,"ThomasAM_2018b",10,3,30
0.976190476190476,"ThomasAM_2018b",10,2,30
0.942857142857143,"ThomasAM_2018b",10,1,30
0.828571428571429,"ThomasAM_2018b",9,5,30
0.933333333333333,"ThomasAM_2018b",9,4,30
0.833333333333333,"ThomasAM_2018b",9,3,30
0.983333333333333,"ThomasAM_2018b",9,2,30
0.805555555555556,"ThomasAM_2018b",9,1,30
1,"ThomasAM_2018b",8,5,30
0.933333333333333,"ThomasAM_2018b",8,4,30
0.785714285714286,"ThomasAM_2018b",8,3,30
1,"ThomasAM_2018b",8,2,30
0.942857142857143,"ThomasAM_2018b",8,1,30
1,"ThomasAM_2018b",7,5,30
1,"ThomasAM_2018b",7,4,30
0.966666666666667,"ThomasAM_2018b",7,3,30
0.9,"ThomasAM_2018b",7,2,30
1,"ThomasAM_2018b",7,1,30
0.805555555555556,"ThomasAM_2018b",6,5,30
1,"ThomasAM_2018b",6,4,30
0.861111111111111,"ThomasAM_2018b",6,3,30
1,"ThomasAM_2018b",6,2,30
0.683333333333333,"ThomasAM_2018b",6,1,30
0.916666666666667,"ThomasAM_2018b",5,5,30
0.833333333333333,"ThomasAM_2018b",5,4,30
0.952380952380952,"ThomasAM_2018b",5,3,30
0.942857142857143,"ThomasAM_2018b",5,2,30
0.904761904761905,"ThomasAM_2018b",5,1,30
0.777777777777778,"ThomasAM_2018b",4,5,30
0.916666666666667,"ThomasAM_2018b",4,4,30
0.8,"ThomasAM_2018b",4,3,30
0.904761904761905,"ThomasAM_2018b",4,2,30
1,"ThomasAM_2018b",4,1,30
0.9,"ThomasAM_2018b",3,5,30
0.972222222222222,"ThomasAM_2018b",3,4,30
0.861111111111111,"ThomasAM_2018b",3,3,30
0.785714285714286,"ThomasAM_2018b",3,2,30
0.694444444444444,"ThomasAM_2018b",3,1,30
0.944444444444445,"ThomasAM_2018b",2,5,30
0.833333333333333,"ThomasAM_2018b",2,4,30
0.888888888888889,"ThomasAM_2018b",2,3,30
0.805555555555556,"ThomasAM_2018b",2,2,30
0.892857142857143,"ThomasAM_2018b",2,1,30
0.777777777777778,"ThomasAM_2018b",1,5,30
1,"ThomasAM_2018b",1,4,30
0.928571428571428,"ThomasAM_2018b",1,3,30
0.9,"ThomasAM_2018b",1,2,30
0.933333333333333,"ThomasAM_2018b",1,1,30
0.8,"ThomasAM_2018a",10,5,30
0.5,"ThomasAM_2018a",10,4,30
0.48,"ThomasAM_2018a",10,3,30
0.966666666666667,"ThomasAM_2018a",10,2,30
0.966666666666667,"ThomasAM_2018a",10,1,30
0.866666666666667,"ThomasAM_2018a",9,5,30
0.866666666666667,"ThomasAM_2018a",9,4,30
0.766666666666667,"ThomasAM_2018a",9,3,30
0.145833333333333,"ThomasAM_2018a",9,2,30
0.88,"ThomasAM_2018a",9,1,30
0.733333333333333,"ThomasAM_2018a",8,5,30
0.833333333333333,"ThomasAM_2018a",8,4,30
0.833333333333333,"ThomasAM_2018a",8,3,30
0.666666666666667,"ThomasAM_2018a",8,2,30
1,"ThomasAM_2018a",8,1,30
0.733333333333333,"ThomasAM_2018a",7,5,30
0.75,"ThomasAM_2018a",7,4,30
0.933333333333333,"ThomasAM_2018a",7,3,30
0.7,"ThomasAM_2018a",7,2,30
0.72,"ThomasAM_2018a",7,1,30
0.7,"ThomasAM_2018a",6,5,30
0.541666666666667,"ThomasAM_2018a",6,4,30
0.766666666666667,"ThomasAM_2018a",6,3,30
0.8,"ThomasAM_2018a",6,2,30
0.933333333333333,"ThomasAM_2018a",6,1,30
0.666666666666667,"ThomasAM_2018a",5,5,30
0.7,"ThomasAM_2018a",5,4,30
0.666666666666667,"ThomasAM_2018a",5,3,30
0.7,"ThomasAM_2018a",5,2,30
0.9,"ThomasAM_2018a",5,1,30
0.733333333333333,"ThomasAM_2018a",4,5,30
0.9,"ThomasAM_2018a",4,4,30
0.9,"ThomasAM_2018a",4,3,30
0.7,"ThomasAM_2018a",4,2,30
0.733333333333333,"ThomasAM_2018a",4,1,30
0.583333333333333,"ThomasAM_2018a",3,5,30
0.8,"ThomasAM_2018a",3,4,30
0.666666666666667,"ThomasAM_2018a",3,3,30
0.958333333333333,"ThomasAM_2018a",3,2,30
0.633333333333333,"ThomasAM_2018a",3,1,30
1,"ThomasAM_2018a",2,5,30
0.84,"ThomasAM_2018a",2,4,30
0.5,"ThomasAM_2018a",2,3,30
0.633333333333333,"ThomasAM_2018a",2,2,30
0.966666666666667,"ThomasAM_2018a",2,1,30
0.72,"ThomasAM_2018a",1,5,30
0.958333333333333,"ThomasAM_2018a",1,4,30
0.766666666666667,"ThomasAM_2018a",1,3,30
0.8,"ThomasAM_2018a",1,2,30
1,"ThomasAM_2018a",1,1,30
0.969230769230769,"FengQ_2015",10,5,30
0.990740740740741,"FengQ_2015",10,4,30
0.944444444444444,"FengQ_2015",10,3,30
0.948717948717949,"FengQ_2015",10,2,30
0.88034188034188,"FengQ_2015",10,1,30
0.908333333333333,"FengQ_2015",9,5,30
0.907407407407407,"FengQ_2015",9,4,30
0.888888888888889,"FengQ_2015",9,3,30
0.87962962962963,"FengQ_2015",9,2,30
0.972222222222222,"FengQ_2015",9,1,30
0.786324786324786,"FengQ_2015",8,5,30
0.842592592592592,"FengQ_2015",8,4,30
0.865740740740741,"FengQ_2015",8,3,30
0.958333333333333,"FengQ_2015",8,2,30
0.944444444444445,"FengQ_2015",8,1,30
0.981481481481482,"FengQ_2015",7,5,30
0.88034188034188,"FengQ_2015",7,4,30
0.841666666666667,"FengQ_2015",7,3,30
0.944444444444445,"FengQ_2015",7,2,30
0.972222222222222,"FengQ_2015",7,1,30
0.944444444444445,"FengQ_2015",6,5,30
0.891666666666667,"FengQ_2015",6,4,30
0.944444444444445,"FengQ_2015",6,3,30
0.908333333333333,"FengQ_2015",6,2,30
0.916666666666667,"FengQ_2015",6,1,30
0.962962962962963,"FengQ_2015",5,5,30
0.87037037037037,"FengQ_2015",5,4,30
0.958333333333333,"FengQ_2015",5,3,30
0.914529914529915,"FengQ_2015",5,2,30
0.925925925925926,"FengQ_2015",5,1,30
0.953703703703704,"FengQ_2015",4,5,30
0.912037037037037,"FengQ_2015",4,4,30
0.983333333333333,"FengQ_2015",4,3,30
0.938461538461538,"FengQ_2015",4,2,30
0.828703703703703,"FengQ_2015",4,1,30
0.944444444444445,"FengQ_2015",3,5,30
0.888461538461539,"FengQ_2015",3,4,30
0.916666666666667,"FengQ_2015",3,3,30
0.907407407407407,"FengQ_2015",3,2,30
0.983333333333333,"FengQ_2015",3,1,30
0.925925925925926,"FengQ_2015",2,5,30
0.953703703703704,"FengQ_2015",2,4,30
0.861111111111111,"FengQ_2015",2,3,30
0.944444444444445,"FengQ_2015",2,2,30
0.935185185185185,"FengQ_2015",2,1,30
0.916666666666667,"FengQ_2015",1,5,30
0.944444444444444,"FengQ_2015",1,4,30
0.942307692307692,"FengQ_2015",1,3,30
0.923076923076923,"FengQ_2015",1,2,30
0.965811965811966,"FengQ_2015",1,1,30
0.942307692307692,"PRJEB27928",10,5,20
0.916666666666667,"PRJEB27928",10,4,20
0.980769230769231,"PRJEB27928",10,3,20
0.967948717948718,"PRJEB27928",10,2,20
0.923076923076923,"PRJEB27928",10,1,20
0.955128205128205,"PRJEB27928",9,5,20
0.955128205128205,"PRJEB27928",9,4,20
1,"PRJEB27928",9,3,20
0.862179487179487,"PRJEB27928",9,2,20
0.948717948717949,"PRJEB27928",9,1,20
0.92948717948718,"PRJEB27928",8,5,20
0.92948717948718,"PRJEB27928",8,4,20
0.987179487179487,"PRJEB27928",8,3,20
0.923076923076923,"PRJEB27928",8,2,20
0.980769230769231,"PRJEB27928",8,1,20
0.897435897435897,"PRJEB27928",7,5,20
0.993589743589744,"PRJEB27928",7,4,20
1,"PRJEB27928",7,3,20
0.935897435897436,"PRJEB27928",7,2,20
0.974358974358974,"PRJEB27928",7,1,20
0.980769230769231,"PRJEB27928",6,5,20
0.980769230769231,"PRJEB27928",6,4,20
0.926282051282051,"PRJEB27928",6,3,20
0.987179487179487,"PRJEB27928",6,2,20
0.974358974358974,"PRJEB27928",6,1,20
0.967948717948718,"PRJEB27928",5,5,20
0.884615384615385,"PRJEB27928",5,4,20
0.980769230769231,"PRJEB27928",5,3,20
0.961538461538462,"PRJEB27928",5,2,20
0.923076923076923,"PRJEB27928",5,1,20
0.980769230769231,"PRJEB27928",4,5,20
0.980769230769231,"PRJEB27928",4,4,20
0.961538461538462,"PRJEB27928",4,3,20
1,"PRJEB27928",4,2,20
1,"PRJEB27928",4,1,20
0.923076923076923,"PRJEB27928",3,5,20
0.987179487179487,"PRJEB27928",3,4,20
0.987179487179487,"PRJEB27928",3,3,20
0.942307692307692,"PRJEB27928",3,2,20
0.92948717948718,"PRJEB27928",3,1,20
0.987179487179487,"PRJEB27928",2,5,20
0.935897435897436,"PRJEB27928",2,4,20
0.948717948717949,"PRJEB27928",2,3,20
0.830128205128205,"PRJEB27928",2,2,20
0.919871794871795,"PRJEB27928",2,1,20
0.935897435897436,"PRJEB27928",1,5,20
0.884615384615385,"PRJEB27928",1,4,20
0.932692307692308,"PRJEB27928",1,3,20
0.987179487179487,"PRJEB27928",1,2,20
0.990384615384615,"PRJEB27928",1,1,20
0.8125,"PRJDB4176",10,5,20
0.796875,"PRJDB4176",10,4,20
0.8125,"PRJDB4176",10,3,20
0.984375,"PRJDB4176",10,2,20
0.9375,"PRJDB4176",10,1,20
0.90625,"PRJDB4176",9,5,20
0.984375,"PRJDB4176",9,4,20
0.90625,"PRJDB4176",9,3,20
0.890625,"PRJDB4176",9,2,20
0.671875,"PRJDB4176",9,1,20
0.828125,"PRJDB4176",8,5,20
0.7890625,"PRJDB4176",8,4,20
0.90625,"PRJDB4176",8,3,20
0.953125,"PRJDB4176",8,2,20
0.78125,"PRJDB4176",8,1,20
0.828125,"PRJDB4176",7,5,20
0.859375,"PRJDB4176",7,4,20
0.9375,"PRJDB4176",7,3,20
0.75,"PRJDB4176",7,2,20
0.96875,"PRJDB4176",7,1,20
0.890625,"PRJDB4176",6,5,20
0.84375,"PRJDB4176",6,4,20
0.828125,"PRJDB4176",6,3,20
0.984375,"PRJDB4176",6,2,20
0.953125,"PRJDB4176",6,1,20
0.84375,"PRJDB4176",5,5,20
0.875,"PRJDB4176",5,4,20
0.9375,"PRJDB4176",5,3,20
0.96875,"PRJDB4176",5,2,20
0.65625,"PRJDB4176",5,1,20
0.734375,"PRJDB4176",4,5,20
0.828125,"PRJDB4176",4,4,20
0.96875,"PRJDB4176",4,3,20
0.9375,"PRJDB4176",4,2,20
0.921875,"PRJDB4176",4,1,20
0.921875,"PRJDB4176",3,5,20
0.78125,"PRJDB4176",3,4,20
0.90625,"PRJDB4176",3,3,20
0.7578125,"PRJDB4176",3,2,20
0.96875,"PRJDB4176",3,1,20
0.953125,"PRJDB4176",2,5,20
0.859375,"PRJDB4176",2,4,20
0.703125,"PRJDB4176",2,3,20
0.78125,"PRJDB4176",2,2,20
0.8125,"PRJDB4176",2,1,20
0.984375,"PRJDB4176",1,5,20
0.7734375,"PRJDB4176",1,4,20
0.953125,"PRJDB4176",1,3,20
0.953125,"PRJDB4176",1,2,20
0.90625,"PRJDB4176",1,1,20
0.833333333333333,"ZellerG_2014",10,5,20
0.848484848484849,"ZellerG_2014",10,4,20
0.715909090909091,"ZellerG_2014",10,3,20
0.725,"ZellerG_2014",10,2,20
0.733333333333333,"ZellerG_2014",10,1,20
0.818181818181818,"ZellerG_2014",9,5,20
0.853846153846154,"ZellerG_2014",9,4,20
0.931818181818182,"ZellerG_2014",9,3,20
0.95,"ZellerG_2014",9,2,20
0.716666666666667,"ZellerG_2014",9,1,20
0.829545454545455,"ZellerG_2014",8,5,20
0.841666666666667,"ZellerG_2014",8,4,20
0.818181818181818,"ZellerG_2014",8,3,20
0.746153846153846,"ZellerG_2014",8,2,20
0.808333333333334,"ZellerG_2014",8,1,20
0.856060606060606,"ZellerG_2014",7,5,20
0.84469696969697,"ZellerG_2014",7,4,20
0.882575757575758,"ZellerG_2014",7,3,20
0.993006993006993,"ZellerG_2014",7,2,20
0.829545454545455,"ZellerG_2014",7,1,20
0.891666666666667,"ZellerG_2014",6,5,20
0.727272727272727,"ZellerG_2014",6,4,20
0.848484848484849,"ZellerG_2014",6,3,20
0.916666666666667,"ZellerG_2014",6,2,20
0.818181818181818,"ZellerG_2014",6,1,20
0.841666666666667,"ZellerG_2014",5,5,20
0.905594405594406,"ZellerG_2014",5,4,20
0.920454545454546,"ZellerG_2014",5,3,20
0.870833333333333,"ZellerG_2014",5,2,20
0.783216783216783,"ZellerG_2014",5,1,20
0.924242424242424,"ZellerG_2014",4,5,20
0.991666666666667,"ZellerG_2014",4,4,20
0.85,"ZellerG_2014",4,3,20
0.916666666666667,"ZellerG_2014",4,2,20
0.7,"ZellerG_2014",4,1,20
0.916666666666667,"ZellerG_2014",3,5,20
0.893939393939394,"ZellerG_2014",3,4,20
0.893939393939394,"ZellerG_2014",3,3,20
0.772727272727273,"ZellerG_2014",3,2,20
0.969230769230769,"ZellerG_2014",3,1,20
0.647727272727273,"ZellerG_2014",2,5,20
0.829166666666667,"ZellerG_2014",2,4,20
0.958041958041958,"ZellerG_2014",2,3,20
0.818181818181818,"ZellerG_2014",2,2,20
0.953846153846154,"ZellerG_2014",2,1,20
0.919230769230769,"ZellerG_2014",1,5,20
0.757575757575758,"ZellerG_2014",1,4,20
0.893939393939394,"ZellerG_2014",1,3,20
0.795454545454546,"ZellerG_2014",1,2,20
0.874125874125874,"ZellerG_2014",1,1,20
0.953333333333333,"YuJ_2015",10,5,20
0.812121212121212,"YuJ_2015",10,4,20
0.866666666666667,"YuJ_2015",10,3,20
0.873333333333333,"YuJ_2015",10,2,20
0.890909090909091,"YuJ_2015",10,1,20
0.866666666666667,"YuJ_2015",9,5,20
0.773333333333333,"YuJ_2015",9,4,20
0.854545454545454,"YuJ_2015",9,3,20
0.906666666666667,"YuJ_2015",9,2,20
0.775757575757576,"YuJ_2015",9,1,20
0.8,"YuJ_2015",8,5,20
0.945454545454545,"YuJ_2015",8,4,20
0.98,"YuJ_2015",8,3,20
0.884848484848485,"YuJ_2015",8,2,20
0.933333333333333,"YuJ_2015",8,1,20
0.921212121212121,"YuJ_2015",7,5,20
0.787878787878788,"YuJ_2015",7,4,20
0.981818181818182,"YuJ_2015",7,3,20
0.833333333333333,"YuJ_2015",7,2,20
0.84,"YuJ_2015",7,1,20
0.86,"YuJ_2015",6,5,20
0.83030303030303,"YuJ_2015",6,4,20
0.753333333333333,"YuJ_2015",6,3,20
0.809090909090909,"YuJ_2015",6,2,20
0.860606060606061,"YuJ_2015",6,1,20
0.846666666666667,"YuJ_2015",5,5,20
0.881818181818182,"YuJ_2015",5,4,20
0.86,"YuJ_2015",5,3,20
0.981818181818182,"YuJ_2015",5,2,20
0.806666666666667,"YuJ_2015",5,1,20
0.98,"YuJ_2015",4,5,20
0.706060606060606,"YuJ_2015",4,4,20
0.884848484848485,"YuJ_2015",4,3,20
0.906666666666667,"YuJ_2015",4,2,20
0.853333333333333,"YuJ_2015",4,1,20
0.88,"YuJ_2015",3,5,20
0.833333333333333,"YuJ_2015",3,4,20
0.82,"YuJ_2015",3,3,20
0.818181818181818,"YuJ_2015",3,2,20
0.796666666666667,"YuJ_2015",3,1,20
0.83030303030303,"YuJ_2015",2,5,20
0.896969696969697,"YuJ_2015",2,4,20
0.866666666666667,"YuJ_2015",2,3,20
0.96,"YuJ_2015",2,2,20
0.903030303030303,"YuJ_2015",2,1,20
0.806666666666667,"YuJ_2015",1,5,20
0.826666666666667,"YuJ_2015",1,4,20
0.913333333333333,"YuJ_2015",1,3,20
0.873333333333333,"YuJ_2015",1,2,20
0.806666666666667,"YuJ_2015",1,1,20
0.636363636363636,"VogtmannE_2016",10,5,20
0.895454545454546,"VogtmannE_2016",10,4,20
0.78,"VogtmannE_2016",10,3,20
0.781818181818182,"VogtmannE_2016",10,2,20
0.661157024793388,"VogtmannE_2016",10,1,20
0.7,"VogtmannE_2016",9,5,20
0.851239669421488,"VogtmannE_2016",9,4,20
0.958677685950413,"VogtmannE_2016",9,3,20
0.677685950413223,"VogtmannE_2016",9,2,20
0.659090909090909,"VogtmannE_2016",9,1,20
0.809090909090909,"VogtmannE_2016",8,5,20
0.93,"VogtmannE_2016",8,4,20
0.627272727272727,"VogtmannE_2016",8,3,20
0.586363636363636,"VogtmannE_2016",8,2,20
0.781818181818182,"VogtmannE_2016",8,1,20
0.727272727272727,"VogtmannE_2016",7,5,20
0.809090909090909,"VogtmannE_2016",7,4,20
0.725,"VogtmannE_2016",7,3,20
0.86,"VogtmannE_2016",7,2,20
0.690909090909091,"VogtmannE_2016",7,1,20
0.868181818181818,"VogtmannE_2016",6,5,20
0.745454545454545,"VogtmannE_2016",6,4,20
0.7,"VogtmannE_2016",6,3,20
0.618181818181818,"VogtmannE_2016",6,2,20
0.65,"VogtmannE_2016",6,1,20
0.654545454545455,"VogtmannE_2016",5,5,20
0.83,"VogtmannE_2016",5,4,20
0.77,"VogtmannE_2016",5,3,20
0.68,"VogtmannE_2016",5,2,20
0.64,"VogtmannE_2016",5,1,20
0.644628099173554,"VogtmannE_2016",4,5,20
0.73,"VogtmannE_2016",4,4,20
0.854545454545454,"VogtmannE_2016",4,3,20
0.627272727272727,"VogtmannE_2016",4,2,20
0.945454545454545,"VogtmannE_2016",4,1,20
0.68,"VogtmannE_2016",3,5,20
0.8,"VogtmannE_2016",3,4,20
0.84,"VogtmannE_2016",3,3,20
0.826446280991736,"VogtmannE_2016",3,2,20
0.781818181818182,"VogtmannE_2016",3,1,20
0.836363636363636,"VogtmannE_2016",2,5,20
0.826446280991736,"VogtmannE_2016",2,4,20
0.83,"VogtmannE_2016",2,3,20
0.754545454545455,"VogtmannE_2016",2,2,20
0.745454545454545,"VogtmannE_2016",2,1,20
0.877272727272727,"VogtmannE_2016",1,5,20
0.8,"VogtmannE_2016",1,4,20
0.654545454545455,"VogtmannE_2016",1,3,20
0.83,"VogtmannE_2016",1,2,20
0.818181818181818,"VogtmannE_2016",1,1,20
0.972222222222222,"ThomasAM_2018b",10,5,20
0.914285714285714,"ThomasAM_2018b",10,4,20
1,"ThomasAM_2018b",10,3,20
0.944444444444445,"ThomasAM_2018b",10,2,20
0.933333333333333,"ThomasAM_2018b",10,1,20
1,"ThomasAM_2018b",9,5,20
0.944444444444445,"ThomasAM_2018b",9,4,20
0.888888888888889,"ThomasAM_2018b",9,3,20
0.857142857142857,"ThomasAM_2018b",9,2,20
0.833333333333333,"ThomasAM_2018b",9,1,20
0.866666666666667,"ThomasAM_2018b",8,5,20
1,"ThomasAM_2018b",8,4,20
0.861111111111111,"ThomasAM_2018b",8,3,20
0.916666666666667,"ThomasAM_2018b",8,2,20
0.866666666666667,"ThomasAM_2018b",8,1,20
0.642857142857143,"ThomasAM_2018b",7,5,20
0.833333333333333,"ThomasAM_2018b",7,4,20
0.888888888888889,"ThomasAM_2018b",7,3,20
1,"ThomasAM_2018b",7,2,20
0.944444444444445,"ThomasAM_2018b",7,1,20
0.916666666666667,"ThomasAM_2018b",6,5,20
0.766666666666667,"ThomasAM_2018b",6,4,20
1,"ThomasAM_2018b",6,3,20
1,"ThomasAM_2018b",6,2,20
0.944444444444445,"ThomasAM_2018b",6,1,20
0.833333333333333,"ThomasAM_2018b",5,5,20
0.885714285714286,"ThomasAM_2018b",5,4,20
0.857142857142857,"ThomasAM_2018b",5,3,20
0.777777777777778,"ThomasAM_2018b",5,2,20
0.845238095238095,"ThomasAM_2018b",5,1,20
0.966666666666667,"ThomasAM_2018b",4,5,20
0.916666666666667,"ThomasAM_2018b",4,4,20
0.944444444444445,"ThomasAM_2018b",4,3,20
0.916666666666667,"ThomasAM_2018b",4,2,20
0.95,"ThomasAM_2018b",4,1,20
0.833333333333333,"ThomasAM_2018b",3,5,20
0.966666666666667,"ThomasAM_2018b",3,4,20
1,"ThomasAM_2018b",3,3,20
1,"ThomasAM_2018b",3,2,20
1,"ThomasAM_2018b",3,1,20
0.771428571428571,"ThomasAM_2018b",2,5,20
0.714285714285714,"ThomasAM_2018b",2,4,20
0.880952380952381,"ThomasAM_2018b",2,3,20
0.952380952380952,"ThomasAM_2018b",2,2,20
0.952380952380952,"ThomasAM_2018b",2,1,20
0.657142857142857,"ThomasAM_2018b",1,5,20
0.833333333333333,"ThomasAM_2018b",1,4,20
0.952380952380952,"ThomasAM_2018b",1,3,20
0.952380952380952,"ThomasAM_2018b",1,2,20
1,"ThomasAM_2018b",1,1,20
0.933333333333333,"ThomasAM_2018a",10,5,20
0.8,"ThomasAM_2018a",10,4,20
0.8,"ThomasAM_2018a",10,3,20
0.64,"ThomasAM_2018a",10,2,20
0.9,"ThomasAM_2018a",10,1,20
1,"ThomasAM_2018a",9,5,20
0.916666666666667,"ThomasAM_2018a",9,4,20
0.8,"ThomasAM_2018a",9,3,20
1,"ThomasAM_2018a",9,2,20
1,"ThomasAM_2018a",9,1,20
0.7,"ThomasAM_2018a",8,5,20
1,"ThomasAM_2018a",8,4,20
0.8,"ThomasAM_2018a",8,3,20
0.766666666666667,"ThomasAM_2018a",8,2,20
0.604166666666667,"ThomasAM_2018a",8,1,20
0.833333333333333,"ThomasAM_2018a",7,5,20
1,"ThomasAM_2018a",7,4,20
0.566666666666667,"ThomasAM_2018a",7,3,20
0.666666666666667,"ThomasAM_2018a",7,2,20
0.85,"ThomasAM_2018a",7,1,20
1,"ThomasAM_2018a",6,5,20
0.791666666666667,"ThomasAM_2018a",6,4,20
0.7,"ThomasAM_2018a",6,3,20
0.958333333333333,"ThomasAM_2018a",6,2,20
0.633333333333333,"ThomasAM_2018a",6,1,20
0.7,"ThomasAM_2018a",5,5,20
0.566666666666667,"ThomasAM_2018a",5,4,20
0.666666666666667,"ThomasAM_2018a",5,3,20
0.733333333333333,"ThomasAM_2018a",5,2,20
0.958333333333333,"ThomasAM_2018a",5,1,20
0.633333333333333,"ThomasAM_2018a",4,5,20
0.916666666666667,"ThomasAM_2018a",4,4,20
0.8,"ThomasAM_2018a",4,3,20
0.958333333333333,"ThomasAM_2018a",4,2,20
0.9,"ThomasAM_2018a",4,1,20
0.72,"ThomasAM_2018a",3,5,20
0.866666666666667,"ThomasAM_2018a",3,4,20
0.666666666666667,"ThomasAM_2018a",3,3,20
0.75,"ThomasAM_2018a",3,2,20
0.866666666666667,"ThomasAM_2018a",3,1,20
0.4,"ThomasAM_2018a",2,5,20
0.958333333333333,"ThomasAM_2018a",2,4,20
0.9,"ThomasAM_2018a",2,3,20
0.958333333333333,"ThomasAM_2018a",2,2,20
0.875,"ThomasAM_2018a",2,1,20
0.75,"ThomasAM_2018a",1,5,20
0.75,"ThomasAM_2018a",1,4,20
0.666666666666667,"ThomasAM_2018a",1,3,20
0.633333333333333,"ThomasAM_2018a",1,2,20
1,"ThomasAM_2018a",1,1,20
0.861111111111111,"FengQ_2015",10,5,20
0.969230769230769,"FengQ_2015",10,4,20
0.791666666666667,"FengQ_2015",10,3,20
0.944444444444445,"FengQ_2015",10,2,20
0.888888888888889,"FengQ_2015",10,1,20
0.990740740740741,"FengQ_2015",9,5,20
0.961538461538462,"FengQ_2015",9,4,20
0.914529914529915,"FengQ_2015",9,3,20
1,"FengQ_2015",9,2,20
0.888888888888889,"FengQ_2015",9,1,20
0.981481481481482,"FengQ_2015",8,5,20
0.898148148148148,"FengQ_2015",8,4,20
0.965811965811966,"FengQ_2015",8,3,20
0.863247863247863,"FengQ_2015",8,2,20
0.982905982905983,"FengQ_2015",8,1,20
0.949074074074074,"FengQ_2015",7,5,20
0.972222222222222,"FengQ_2015",7,4,20
0.916666666666667,"FengQ_2015",7,3,20
0.962962962962963,"FengQ_2015",7,2,20
0.953703703703704,"FengQ_2015",7,1,20
0.953703703703704,"FengQ_2015",6,5,20
0.974358974358974,"FengQ_2015",6,4,20
0.935185185185185,"FengQ_2015",6,3,20
0.944444444444445,"FengQ_2015",6,2,20
0.941666666666667,"FengQ_2015",6,1,20
1,"FengQ_2015",5,5,20
0.841666666666667,"FengQ_2015",5,4,20
0.948717948717949,"FengQ_2015",5,3,20
0.991666666666667,"FengQ_2015",5,2,20
0.916666666666667,"FengQ_2015",5,1,20
1,"FengQ_2015",4,5,20
0.85,"FengQ_2015",4,4,20
0.87037037037037,"FengQ_2015",4,3,20
0.972222222222222,"FengQ_2015",4,2,20
1,"FengQ_2015",4,1,20
0.941666666666667,"FengQ_2015",3,5,20
0.939814814814815,"FengQ_2015",3,4,20
0.933333333333333,"FengQ_2015",3,3,20
0.953703703703704,"FengQ_2015",3,2,20
0.915384615384615,"FengQ_2015",3,1,20
0.957264957264957,"FengQ_2015",2,5,20
0.981481481481482,"FengQ_2015",2,4,20
0.931623931623932,"FengQ_2015",2,3,20
0.816666666666667,"FengQ_2015",2,2,20
0.923076923076923,"FengQ_2015",2,1,20
0.915384615384615,"FengQ_2015",1,5,20
0.916666666666667,"FengQ_2015",1,4,20
1,"FengQ_2015",1,3,20
0.972222222222222,"FengQ_2015",1,2,20
0.902777777777778,"FengQ_2015",1,1,20
0.942307692307692,"PRJEB27928",10,5,10
0.980769230769231,"PRJEB27928",10,4,10
0.935897435897436,"PRJEB27928",10,3,10
0.974358974358974,"PRJEB27928",10,2,10
0.958333333333333,"PRJEB27928",10,1,10
0.967948717948718,"PRJEB27928",9,5,10
0.974358974358974,"PRJEB27928",9,4,10
0.974358974358974,"PRJEB27928",9,3,10
1,"PRJEB27928",9,2,10
0.961538461538462,"PRJEB27928",9,1,10
0.842948717948718,"PRJEB27928",8,5,10
0.955128205128205,"PRJEB27928",8,4,10
0.955128205128205,"PRJEB27928",8,3,10
0.881410256410256,"PRJEB27928",8,2,10
0.974358974358974,"PRJEB27928",8,1,10
0.939102564102564,"PRJEB27928",7,5,10
0.993589743589744,"PRJEB27928",7,4,10
0.948717948717949,"PRJEB27928",7,3,10
0.935897435897436,"PRJEB27928",7,2,10
0.948717948717949,"PRJEB27928",7,1,10
1,"PRJEB27928",6,5,10
0.987179487179487,"PRJEB27928",6,4,10
0.926282051282051,"PRJEB27928",6,3,10
1,"PRJEB27928",6,2,10
1,"PRJEB27928",6,1,10
0.865384615384615,"PRJEB27928",5,5,10
1,"PRJEB27928",5,4,10
0.935897435897436,"PRJEB27928",5,3,10
0.846153846153846,"PRJEB27928",5,2,10
0.948717948717949,"PRJEB27928",5,1,10
0.967948717948718,"PRJEB27928",4,5,10
0.974358974358974,"PRJEB27928",4,4,10
1,"PRJEB27928",4,3,10
0.974358974358974,"PRJEB27928",4,2,10
0.919871794871795,"PRJEB27928",4,1,10
0.974358974358974,"PRJEB27928",3,5,10
0.967948717948718,"PRJEB27928",3,4,10
0.961538461538462,"PRJEB27928",3,3,10
0.980769230769231,"PRJEB27928",3,2,10
0.980769230769231,"PRJEB27928",3,1,10
0.993589743589744,"PRJEB27928",2,5,10
0.974358974358974,"PRJEB27928",2,4,10
0.974358974358974,"PRJEB27928",2,3,10
0.987179487179487,"PRJEB27928",2,2,10
0.974358974358974,"PRJEB27928",2,1,10
0.993589743589744,"PRJEB27928",1,5,10
0.923076923076923,"PRJEB27928",1,4,10
0.993589743589744,"PRJEB27928",1,3,10
1,"PRJEB27928",1,2,10
0.826923076923077,"PRJEB27928",1,1,10
0.8671875,"PRJDB4176",10,5,10
0.96875,"PRJDB4176",10,4,10
0.953125,"PRJDB4176",10,3,10
0.890625,"PRJDB4176",10,2,10
0.8125,"PRJDB4176",10,1,10
0.765625,"PRJDB4176",9,5,10
0.84375,"PRJDB4176",9,4,10
0.8671875,"PRJDB4176",9,3,10
0.828125,"PRJDB4176",9,2,10
0.859375,"PRJDB4176",9,1,10
0.7109375,"PRJDB4176",8,5,10
0.84375,"PRJDB4176",8,4,10
0.78125,"PRJDB4176",8,3,10
0.8671875,"PRJDB4176",8,2,10
0.828125,"PRJDB4176",8,1,10
0.84375,"PRJDB4176",7,5,10
0.9375,"PRJDB4176",7,4,10
0.765625,"PRJDB4176",7,3,10
0.828125,"PRJDB4176",7,2,10
0.984375,"PRJDB4176",7,1,10
0.84375,"PRJDB4176",6,5,10
0.859375,"PRJDB4176",6,4,10
0.84375,"PRJDB4176",6,3,10
0.90625,"PRJDB4176",6,2,10
0.90625,"PRJDB4176",6,1,10
0.7890625,"PRJDB4176",5,5,10
0.8671875,"PRJDB4176",5,4,10
0.859375,"PRJDB4176",5,3,10
0.921875,"PRJDB4176",5,2,10
0.78125,"PRJDB4176",5,1,10
0.6328125,"PRJDB4176",4,5,10
0.921875,"PRJDB4176",4,4,10
0.859375,"PRJDB4176",4,3,10
0.90625,"PRJDB4176",4,2,10
1,"PRJDB4176",4,1,10
0.78125,"PRJDB4176",3,5,10
0.828125,"PRJDB4176",3,4,10
0.96875,"PRJDB4176",3,3,10
0.84375,"PRJDB4176",3,2,10
0.96875,"PRJDB4176",3,1,10
0.84375,"PRJDB4176",2,5,10
0.859375,"PRJDB4176",2,4,10
0.953125,"PRJDB4176",2,3,10
0.8515625,"PRJDB4176",2,2,10
0.96875,"PRJDB4176",2,1,10
0.921875,"PRJDB4176",1,5,10
0.84375,"PRJDB4176",1,4,10
0.84375,"PRJDB4176",1,3,10
0.78125,"PRJDB4176",1,2,10
0.921875,"PRJDB4176",1,1,10
0.8,"ZellerG_2014",10,5,10
0.825757575757576,"ZellerG_2014",10,4,10
0.833333333333333,"ZellerG_2014",10,3,10
0.977272727272727,"ZellerG_2014",10,2,10
0.8,"ZellerG_2014",10,1,10
0.858333333333333,"ZellerG_2014",9,5,10
0.734848484848485,"ZellerG_2014",9,4,10
0.692307692307692,"ZellerG_2014",9,3,10
0.875,"ZellerG_2014",9,2,10
0.895104895104895,"ZellerG_2014",9,1,10
0.795454545454546,"ZellerG_2014",8,5,10
0.820833333333333,"ZellerG_2014",8,4,10
0.833333333333333,"ZellerG_2014",8,3,10
0.71969696969697,"ZellerG_2014",8,2,10
0.875,"ZellerG_2014",8,1,10
0.833333333333333,"ZellerG_2014",7,5,10
0.8125,"ZellerG_2014",7,4,10
0.863636363636364,"ZellerG_2014",7,3,10
0.916666666666667,"ZellerG_2014",7,2,10
0.742424242424242,"ZellerG_2014",7,1,10
0.730769230769231,"ZellerG_2014",6,5,10
0.757575757575758,"ZellerG_2014",6,4,10
0.7625,"ZellerG_2014",6,3,10
0.795454545454546,"ZellerG_2014",6,2,10
0.797202797202797,"ZellerG_2014",6,1,10
0.908333333333333,"ZellerG_2014",5,5,10
0.958041958041958,"ZellerG_2014",5,4,10
0.596153846153846,"ZellerG_2014",5,3,10
0.708333333333333,"ZellerG_2014",5,2,10
0.901515151515151,"ZellerG_2014",5,1,10
0.833333333333333,"ZellerG_2014",4,5,10
0.891666666666667,"ZellerG_2014",4,4,10
0.783333333333333,"ZellerG_2014",4,3,10
0.75,"ZellerG_2014",4,2,10
0.877622377622378,"ZellerG_2014",4,1,10
0.731060606060606,"ZellerG_2014",3,5,10
0.883333333333333,"ZellerG_2014",3,4,10
0.786713286713287,"ZellerG_2014",3,3,10
0.838461538461539,"ZellerG_2014",3,2,10
0.939393939393939,"ZellerG_2014",3,1,10
0.799242424242424,"ZellerG_2014",2,5,10
0.725,"ZellerG_2014",2,4,10
0.621212121212121,"ZellerG_2014",2,3,10
0.890151515151515,"ZellerG_2014",2,2,10
0.916666666666667,"ZellerG_2014",2,1,10
0.671328671328671,"ZellerG_2014",1,5,10
0.783333333333333,"ZellerG_2014",1,4,10
0.787878787878788,"ZellerG_2014",1,3,10
0.848484848484849,"ZellerG_2014",1,2,10
0.643939393939394,"ZellerG_2014",1,1,10
0.839393939393939,"YuJ_2015",10,5,10
0.906666666666667,"YuJ_2015",10,4,10
0.993333333333333,"YuJ_2015",10,3,10
0.8,"YuJ_2015",10,2,10
0.866666666666667,"YuJ_2015",10,1,10
0.827272727272727,"YuJ_2015",9,5,10
0.893333333333333,"YuJ_2015",9,4,10
0.884848484848485,"YuJ_2015",9,3,10
0.86,"YuJ_2015",9,2,10
0.927272727272727,"YuJ_2015",9,1,10
0.846666666666667,"YuJ_2015",8,5,10
0.842424242424242,"YuJ_2015",8,4,10
0.906666666666667,"YuJ_2015",8,3,10
0.97,"YuJ_2015",8,2,10
0.909090909090909,"YuJ_2015",8,1,10
0.975757575757576,"YuJ_2015",7,5,10
0.721212121212121,"YuJ_2015",7,4,10
0.88,"YuJ_2015",7,3,10
0.821212121212121,"YuJ_2015",7,2,10
0.927272727272727,"YuJ_2015",7,1,10
0.921212121212121,"YuJ_2015",6,5,10
0.848484848484848,"YuJ_2015",6,4,10
0.703030303030303,"YuJ_2015",6,3,10
0.866666666666667,"YuJ_2015",6,2,10
0.913333333333333,"YuJ_2015",6,1,10
0.866666666666667,"YuJ_2015",5,5,10
0.693333333333333,"YuJ_2015",5,4,10
0.981818181818182,"YuJ_2015",5,3,10
0.92,"YuJ_2015",5,2,10
0.860606060606061,"YuJ_2015",5,1,10
0.745454545454545,"YuJ_2015",4,5,10
0.973333333333333,"YuJ_2015",4,4,10
0.87,"YuJ_2015",4,3,10
0.866666666666667,"YuJ_2015",4,2,10
0.896969696969697,"YuJ_2015",4,1,10
0.884848484848485,"YuJ_2015",3,5,10
0.906666666666667,"YuJ_2015",3,4,10
0.824242424242424,"YuJ_2015",3,3,10
0.854545454545455,"YuJ_2015",3,2,10
0.803030303030303,"YuJ_2015",3,1,10
0.909090909090909,"YuJ_2015",2,5,10
0.915151515151515,"YuJ_2015",2,4,10
0.854545454545455,"YuJ_2015",2,3,10
0.853333333333333,"YuJ_2015",2,2,10
0.85,"YuJ_2015",2,1,10
0.696969696969697,"YuJ_2015",1,5,10
0.9,"YuJ_2015",1,4,10
0.890909090909091,"YuJ_2015",1,3,10
0.88,"YuJ_2015",1,2,10
0.9,"YuJ_2015",1,1,10
0.654545454545455,"VogtmannE_2016",10,5,10
0.865,"VogtmannE_2016",10,4,10
0.8,"VogtmannE_2016",10,3,10
0.82,"VogtmannE_2016",10,2,10
0.954545454545454,"VogtmannE_2016",10,1,10
0.795454545454545,"VogtmannE_2016",9,5,10
0.714876033057851,"VogtmannE_2016",9,4,10
0.604545454545455,"VogtmannE_2016",9,3,10
0.695454545454545,"VogtmannE_2016",9,2,10
0.735537190082645,"VogtmannE_2016",9,1,10
0.61,"VogtmannE_2016",8,5,10
0.881818181818182,"VogtmannE_2016",8,4,10
0.68,"VogtmannE_2016",8,3,10
0.9,"VogtmannE_2016",8,2,10
0.736363636363636,"VogtmannE_2016",8,1,10
0.654545454545455,"VogtmannE_2016",7,5,10
0.65,"VogtmannE_2016",7,4,10
0.557851239669422,"VogtmannE_2016",7,3,10
0.645454545454545,"VogtmannE_2016",7,2,10
0.58,"VogtmannE_2016",7,1,10
0.672727272727273,"VogtmannE_2016",6,5,10
0.61,"VogtmannE_2016",6,4,10
0.590909090909091,"VogtmannE_2016",6,3,10
0.845454545454545,"VogtmannE_2016",6,2,10
0.677685950413223,"VogtmannE_2016",6,1,10
0.690909090909091,"VogtmannE_2016",5,5,10
0.73,"VogtmannE_2016",5,4,10
0.731818181818182,"VogtmannE_2016",5,3,10
0.49,"VogtmannE_2016",5,2,10
0.754545454545455,"VogtmannE_2016",5,1,10
0.694214876033058,"VogtmannE_2016",4,5,10
0.88,"VogtmannE_2016",4,4,10
0.695454545454545,"VogtmannE_2016",4,3,10
0.509090909090909,"VogtmannE_2016",4,2,10
0.826446280991736,"VogtmannE_2016",4,1,10
0.725,"VogtmannE_2016",3,5,10
0.74,"VogtmannE_2016",3,4,10
0.570247933884298,"VogtmannE_2016",3,3,10
0.7,"VogtmannE_2016",3,2,10
0.69,"VogtmannE_2016",3,1,10
0.776859504132231,"VogtmannE_2016",2,5,10
0.7,"VogtmannE_2016",2,4,10
0.827272727272727,"VogtmannE_2016",2,3,10
0.685950413223141,"VogtmannE_2016",2,2,10
0.512396694214876,"VogtmannE_2016",2,1,10
0.6,"VogtmannE_2016",1,5,10
0.56,"VogtmannE_2016",1,4,10
0.77,"VogtmannE_2016",1,3,10
0.66,"VogtmannE_2016",1,2,10
0.615,"VogtmannE_2016",1,1,10
0.742857142857143,"ThomasAM_2018b",10,5,10
0.861111111111111,"ThomasAM_2018b",10,4,10
0.971428571428571,"ThomasAM_2018b",10,3,10
0.933333333333333,"ThomasAM_2018b",10,2,10
1,"ThomasAM_2018b",10,1,10
0.861111111111111,"ThomasAM_2018b",9,5,10
0.733333333333333,"ThomasAM_2018b",9,4,10
0.857142857142857,"ThomasAM_2018b",9,3,10
0.976190476190476,"ThomasAM_2018b",9,2,10
1,"ThomasAM_2018b",9,1,10
0.971428571428571,"ThomasAM_2018b",8,5,10
0.857142857142857,"ThomasAM_2018b",8,4,10
0.9,"ThomasAM_2018b",8,3,10
0.833333333333333,"ThomasAM_2018b",8,2,10
1,"ThomasAM_2018b",8,1,10
0.914285714285714,"ThomasAM_2018b",7,5,10
0.785714285714286,"ThomasAM_2018b",7,4,10
1,"ThomasAM_2018b",7,3,10
0.805555555555556,"ThomasAM_2018b",7,2,10
0.857142857142857,"ThomasAM_2018b",7,1,10
1,"ThomasAM_2018b",6,5,10
0.966666666666667,"ThomasAM_2018b",6,4,10
0.888888888888889,"ThomasAM_2018b",6,3,10
0.714285714285714,"ThomasAM_2018b",6,2,10
0.976190476190476,"ThomasAM_2018b",6,1,10
0.933333333333333,"ThomasAM_2018b",5,5,10
0.972222222222222,"ThomasAM_2018b",5,4,10
0.777777777777778,"ThomasAM_2018b",5,3,10
1,"ThomasAM_2018b",5,2,10
0.777777777777778,"ThomasAM_2018b",5,1,10
0.904761904761905,"ThomasAM_2018b",4,5,10
0.722222222222222,"ThomasAM_2018b",4,4,10
0.972222222222222,"ThomasAM_2018b",4,3,10
1,"ThomasAM_2018b",4,2,10
1,"ThomasAM_2018b",4,1,10
1,"ThomasAM_2018b",3,5,10
0.857142857142857,"ThomasAM_2018b",3,4,10
0.771428571428571,"ThomasAM_2018b",3,3,10
0.833333333333333,"ThomasAM_2018b",3,2,10
0.861111111111111,"ThomasAM_2018b",3,1,10
0.916666666666667,"ThomasAM_2018b",2,5,10
0.861111111111111,"ThomasAM_2018b",2,4,10
0.857142857142857,"ThomasAM_2018b",2,3,10
0.916666666666667,"ThomasAM_2018b",2,2,10
0.833333333333333,"ThomasAM_2018b",2,1,10
0.8,"ThomasAM_2018b",1,5,10
1,"ThomasAM_2018b",1,4,10
1,"ThomasAM_2018b",1,3,10
0.972222222222222,"ThomasAM_2018b",1,2,10
0.833333333333333,"ThomasAM_2018b",1,1,10
0.766666666666667,"ThomasAM_2018a",10,5,10
0.8,"ThomasAM_2018a",10,4,10
0.666666666666667,"ThomasAM_2018a",10,3,10
0.4,"ThomasAM_2018a",10,2,10
0.9,"ThomasAM_2018a",10,1,10
0.84,"ThomasAM_2018a",9,5,10
0.666666666666667,"ThomasAM_2018a",9,4,10
0.833333333333333,"ThomasAM_2018a",9,3,10
0.708333333333333,"ThomasAM_2018a",9,2,10
0.766666666666667,"ThomasAM_2018a",9,1,10
0.866666666666667,"ThomasAM_2018a",8,5,10
0.733333333333333,"ThomasAM_2018a",8,4,10
0.666666666666667,"ThomasAM_2018a",8,3,10
0.866666666666667,"ThomasAM_2018a",8,2,10
0.933333333333333,"ThomasAM_2018a",8,1,10
0.866666666666667,"ThomasAM_2018a",7,5,10
0.6,"ThomasAM_2018a",7,4,10
0.716666666666667,"ThomasAM_2018a",7,3,10
0.766666666666667,"ThomasAM_2018a",7,2,10
0.666666666666667,"ThomasAM_2018a",7,1,10
0.74,"ThomasAM_2018a",6,5,10
0.766666666666667,"ThomasAM_2018a",6,4,10
0.68,"ThomasAM_2018a",6,3,10
0.5,"ThomasAM_2018a",6,2,10
0.7,"ThomasAM_2018a",6,1,10
0.958333333333333,"ThomasAM_2018a",5,5,10
0.8,"ThomasAM_2018a",5,4,10
0.9,"ThomasAM_2018a",5,3,10
0.7,"ThomasAM_2018a",5,2,10
0.75,"ThomasAM_2018a",5,1,10
0.8,"ThomasAM_2018a",4,5,10
0.9,"ThomasAM_2018a",4,4,10
0.733333333333333,"ThomasAM_2018a",4,3,10
0.933333333333333,"ThomasAM_2018a",4,2,10
0.966666666666667,"ThomasAM_2018a",4,1,10
0.666666666666667,"ThomasAM_2018a",3,5,10
0.966666666666667,"ThomasAM_2018a",3,4,10
0.866666666666667,"ThomasAM_2018a",3,3,10
0.7,"ThomasAM_2018a",3,2,10
0.833333333333333,"ThomasAM_2018a",3,1,10
0.88,"ThomasAM_2018a",2,5,10
0.733333333333333,"ThomasAM_2018a",2,4,10
0.716666666666667,"ThomasAM_2018a",2,3,10
0.541666666666667,"ThomasAM_2018a",2,2,10
0.866666666666667,"ThomasAM_2018a",2,1,10
0.9,"ThomasAM_2018a",1,5,10
0.8,"ThomasAM_2018a",1,4,10
0.7,"ThomasAM_2018a",1,3,10
0.958333333333333,"ThomasAM_2018a",1,2,10
0.966666666666667,"ThomasAM_2018a",1,1,10
0.916666666666667,"FengQ_2015",10,5,10
0.865740740740741,"FengQ_2015",10,4,10
0.982905982905983,"FengQ_2015",10,3,10
0.976851851851852,"FengQ_2015",10,2,10
0.841666666666667,"FengQ_2015",10,1,10
0.966666666666667,"FengQ_2015",9,5,10
0.851851851851852,"FengQ_2015",9,4,10
0.8625,"FengQ_2015",9,3,10
0.925925925925926,"FengQ_2015",9,2,10
0.902777777777778,"FengQ_2015",9,1,10
0.75,"FengQ_2015",8,5,10
0.939814814814815,"FengQ_2015",8,4,10
0.861111111111111,"FengQ_2015",8,3,10
0.965811965811966,"FengQ_2015",8,2,10
0.974358974358974,"FengQ_2015",8,1,10
0.933333333333333,"FengQ_2015",7,5,10
0.898148148148148,"FengQ_2015",7,4,10
0.808333333333333,"FengQ_2015",7,3,10
0.990740740740741,"FengQ_2015",7,2,10
0.743589743589744,"FengQ_2015",7,1,10
0.953703703703704,"FengQ_2015",6,5,10
0.925925925925926,"FengQ_2015",6,4,10
0.851851851851852,"FengQ_2015",6,3,10
0.944444444444445,"FengQ_2015",6,2,10
0.824074074074074,"FengQ_2015",6,1,10
0.962962962962963,"FengQ_2015",5,5,10
0.814814814814815,"FengQ_2015",5,4,10
0.990740740740741,"FengQ_2015",5,3,10
0.828703703703703,"FengQ_2015",5,2,10
0.962962962962963,"FengQ_2015",5,1,10
0.995833333333333,"FengQ_2015",4,5,10
0.944444444444445,"FengQ_2015",4,4,10
0.800925925925926,"FengQ_2015",4,3,10
0.972222222222222,"FengQ_2015",4,2,10
0.944444444444445,"FengQ_2015",4,1,10
0.866666666666667,"FengQ_2015",3,5,10
0.875,"FengQ_2015",3,4,10
0.907407407407407,"FengQ_2015",3,3,10
0.923076923076923,"FengQ_2015",3,2,10
0.907407407407407,"FengQ_2015",3,1,10
0.981481481481482,"FengQ_2015",2,5,10
0.768518518518518,"FengQ_2015",2,4,10
0.953703703703704,"FengQ_2015",2,3,10
0.914529914529915,"FengQ_2015",2,2,10
0.898148148148148,"FengQ_2015",2,1,10
0.925925925925926,"FengQ_2015",1,5,10
0.9,"FengQ_2015",1,4,10
0.88034188034188,"FengQ_2015",1,3,10
0.929166666666667,"FengQ_2015",1,2,10
0.87037037037037,"FengQ_2015",1,1,10
